timestamp,open,high,low,close,volume
2025-08-21 13:30:00+00:00,226.27999877929688,226.52000427246094,225.22999572753906,225.27000427246094,1163458
2025-08-21 13:31:00+00:00,225.27000427246094,225.82000732421875,225.25999450683594,225.36129760742188,109276
2025-08-21 13:32:00+00:00,225.32000732421875,225.72999572753906,225.24000549316406,225.6750030517578,107884
2025-08-21 13:33:00+00:00,225.65109252929688,225.9600067138672,225.5399932861328,225.8719940185547,99518
2025-08-21 13:34:00+00:00,225.83999633789062,225.85000610351562,225.39999389648438,225.4600067138672,108909
2025-08-21 13:35:00+00:00,225.4949951171875,225.52999877929688,224.67999267578125,224.97999572753906,394819
2025-08-21 13:38:00+00:00,225.61000061035156,225.66079711914062,225.49000549316406,225.5467071533203,325695
2025-08-21 13:39:00+00:00,225.5449981689453,225.85000610351562,225.5449981689453,225.80999755859375,58033
2025-08-21 13:40:00+00:00,225.7899932861328,225.8300018310547,225.4949951171875,225.4949951171875,98490
2025-08-21 13:41:00+00:00,225.49229431152344,225.72999572753906,225.47000122070312,225.6085968017578,62617
2025-08-21 13:42:00+00:00,225.61770629882812,225.7198944091797,225.5200958251953,225.7100067138672,68587
2025-08-21 13:43:00+00:00,225.6999969482422,225.88999938964844,225.5800018310547,225.72500610351562,71337
2025-08-21 13:44:00+00:00,225.71499633789062,225.80499267578125,225.6699981689453,225.7100067138672,64227
2025-08-21 13:45:00+00:00,225.72000122070312,225.77000427246094,225.3000030517578,225.5,134636
2025-08-21 13:46:00+00:00,225.47999572753906,225.63999938964844,225.3300018310547,225.5399932861328,71513
2025-08-21 13:47:00+00:00,225.53750610351562,226.19000244140625,225.47999572753906,226.0941925048828,162664
2025-08-21 13:48:00+00:00,226.13499450683594,226.3300018310547,226.110107421875,226.25,119224
2025-08-21 13:49:00+00:00,226.23289489746094,226.3000030517578,226.10000610351562,226.25140380859375,98074
2025-08-21 13:50:00+00:00,226.2570037841797,226.30999755859375,226.02000427246094,226.02999877929688,74042
2025-08-21 13:51:00+00:00,226.0500030517578,226.1699981689453,225.85000610351562,225.88119506835938,75674
2025-08-21 13:52:00+00:00,225.8699951171875,225.9199981689453,225.5500030517578,225.6320037841797,100053
2025-08-21 13:53:00+00:00,225.57220458984375,225.82000732421875,225.47999572753906,225.75,84405
2025-08-21 13:54:00+00:00,225.7449951171875,225.97439575195312,225.74000549316406,225.94259643554688,53231
2025-08-21 13:55:00+00:00,225.9600067138672,225.97000122070312,225.4600067138672,225.4600067138672,76834
2025-08-21 13:56:00+00:00,225.4600067138672,225.47000122070312,225.25999450683594,225.27499389648438,93796
2025-08-21 13:57:00+00:00,225.27999877929688,225.44500732421875,225.2100067138672,225.41000366210938,95223
2025-08-21 13:58:00+00:00,225.41029357910156,225.4550018310547,225.33099365234375,225.38999938964844,53908
2025-08-21 13:59:00+00:00,225.39999389648438,225.4600067138672,225.19419860839844,225.1999969482422,57997
2025-08-21 14:00:00+00:00,225.1999969482422,225.5050048828125,225.02000427246094,225.5050048828125,140500
2025-08-21 14:01:00+00:00,225.5,225.62440490722656,225.32000732421875,225.60000610351562,98970
2025-08-21 14:02:00+00:00,225.60000610351562,226.0,225.56680297851562,225.9600067138672,79419
2025-08-21 14:03:00+00:00,225.9600067138672,225.99000549316406,225.6634979248047,225.76499938964844,70444
2025-08-21 14:04:00+00:00,225.8000030517578,225.96499633789062,225.7519989013672,225.81629943847656,53223
2025-08-21 14:05:00+00:00,225.83200073242188,225.88999938964844,225.6699981689453,225.6699981689453,81852
2025-08-21 14:06:00+00:00,225.69000244140625,225.86000061035156,225.66000366210938,225.7899932861328,69971
2025-08-21 14:07:00+00:00,225.77999877929688,225.8699951171875,225.69639587402344,225.84100341796875,57280
2025-08-21 14:08:00+00:00,225.8699951171875,225.92999267578125,225.71499633789062,225.75999450683594,70554
2025-08-21 14:09:00+00:00,225.75,225.76499938964844,225.6614990234375,225.6999969482422,49033
2025-08-21 14:10:00+00:00,225.72500610351562,225.74000549316406,225.60000610351562,225.60499572753906,54091
2025-08-21 14:11:00+00:00,225.61000061035156,225.6199951171875,225.50999450683594,225.5281982421875,47006
2025-08-21 14:12:00+00:00,225.52999877929688,225.59500122070312,225.4499969482422,225.58999633789062,56242
2025-08-21 14:13:00+00:00,225.57000732421875,225.6750030517578,225.47999572753906,225.61000061035156,92846
2025-08-21 14:14:00+00:00,225.61000061035156,225.85000610351562,225.5749969482422,225.77000427246094,107031
2025-08-21 14:15:00+00:00,225.77000427246094,225.91000366210938,225.75999450683594,225.85000610351562,75746
2025-08-21 14:16:00+00:00,225.83999633789062,225.9600067138672,225.82029724121094,225.92999267578125,83718
2025-08-21 14:17:00+00:00,225.9199981689453,225.9980926513672,225.77999877929688,225.9949951171875,73435
2025-08-21 14:18:00+00:00,225.99000549316406,226.02000427246094,225.80999755859375,225.89500427246094,81669
2025-08-21 14:19:00+00:00,225.88999938964844,225.89999389648438,225.7200927734375,225.77999877929688,43152
2025-08-21 14:20:00+00:00,225.77000427246094,225.82000732421875,225.5749969482422,225.63699340820312,76641
2025-08-21 14:21:00+00:00,225.6199951171875,225.6199951171875,225.50999450683594,225.55999755859375,72424
2025-08-21 14:22:00+00:00,225.5500030517578,225.57000732421875,225.4499969482422,225.47999572753906,57729
2025-08-21 14:23:00+00:00,225.47999572753906,225.5800018310547,225.3231964111328,225.35000610351562,72676
2025-08-21 14:24:00+00:00,225.35499572753906,225.47000122070312,225.3300018310547,225.4550018310547,59511
2025-08-21 14:25:00+00:00,225.47000122070312,225.52999877929688,225.22000122070312,225.22000122070312,71645
2025-08-21 14:26:00+00:00,225.2200927734375,225.24000549316406,225.11000061035156,225.22500610351562,74960
2025-08-21 14:27:00+00:00,225.22999572753906,225.5500030517578,225.22999572753906,225.5399932861328,50865
2025-08-21 14:28:00+00:00,225.52999877929688,225.52999877929688,225.36500549316406,225.4199981689453,51250
2025-08-21 14:29:00+00:00,225.4199981689453,225.60000610351562,225.4152069091797,225.57989501953125,88013
2025-08-21 14:30:00+00:00,225.5272979736328,225.5850067138672,225.48500061035156,225.53500366210938,53370
2025-08-21 14:31:00+00:00,225.52999877929688,225.5399932861328,225.38999938964844,225.38999938964844,54611
2025-08-21 14:32:00+00:00,225.39059448242188,225.39059448242188,225.1699981689453,225.2283935546875,46811
2025-08-21 14:33:00+00:00,225.22999572753906,225.35000610351562,225.22000122070312,225.30999755859375,35982
2025-08-21 14:34:00+00:00,225.33389282226562,225.4499969482422,225.21499633789062,225.41000366210938,55430
2025-08-21 14:35:00+00:00,225.39999389648438,225.5,225.32000732421875,225.3699951171875,60025
2025-08-21 14:36:00+00:00,225.3699951171875,225.43910217285156,225.30999755859375,225.40499877929688,57498
2025-08-21 14:37:00+00:00,225.38999938964844,225.39999389648438,225.26010131835938,225.3699951171875,46233
2025-08-21 14:38:00+00:00,225.36500549316406,225.36500549316406,225.25570678710938,225.3000030517578,55106
2025-08-21 14:39:00+00:00,225.27999877929688,225.29989624023438,225.1199951171875,225.1699981689453,58135
2025-08-21 14:40:00+00:00,225.16000366210938,225.28819274902344,225.16000366210938,225.1999969482422,72402
2025-08-21 14:41:00+00:00,225.19000244140625,225.25,225.10000610351562,225.1457977294922,57355
2025-08-21 14:42:00+00:00,225.1300048828125,225.27000427246094,225.11000061035156,225.25,38221
2025-08-21 14:43:00+00:00,225.24000549316406,225.25999450683594,225.13999938964844,225.2100067138672,44561
2025-08-21 14:44:00+00:00,225.22000122070312,225.33999633789062,225.21499633789062,225.32000732421875,38031
2025-08-21 14:45:00+00:00,225.30999755859375,225.30999755859375,225.16000366210938,225.25999450683594,51607
2025-08-21 14:46:00+00:00,225.25999450683594,225.4842071533203,225.22500610351562,225.4792938232422,53521
2025-08-21 14:47:00+00:00,225.4600067138672,225.47999572753906,225.360107421875,225.42999267578125,51438
2025-08-21 14:48:00+00:00,225.44000244140625,225.47999572753906,225.38999938964844,225.41000366210938,58859
2025-08-21 14:49:00+00:00,225.40499877929688,225.4199981689453,225.2899932861328,225.30999755859375,38311
2025-08-21 14:50:00+00:00,225.32000732421875,225.41000366210938,225.32000732421875,225.39999389648438,39499
2025-08-21 14:51:00+00:00,225.3800048828125,225.41000366210938,225.25999450683594,225.3249969482422,36790
2025-08-21 14:52:00+00:00,225.3300018310547,225.36900329589844,225.25999450683594,225.36720275878906,36553
2025-08-21 14:53:00+00:00,225.35499572753906,225.41000366210938,225.30999755859375,225.30999755859375,32807
2025-08-21 14:54:00+00:00,225.3000030517578,225.4199981689453,225.25,225.41000366210938,56605
2025-08-21 14:55:00+00:00,225.41009521484375,225.41009521484375,225.30999755859375,225.3249969482422,35545
2025-08-21 14:56:00+00:00,225.32000732421875,225.38009643554688,225.25,225.34500122070312,57114
2025-08-21 14:57:00+00:00,225.33999633789062,225.3800048828125,225.19500732421875,225.35000610351562,52952
2025-08-21 14:58:00+00:00,225.35000610351562,225.35000610351562,225.1699981689453,225.17999267578125,50351
2025-08-21 14:59:00+00:00,225.17999267578125,225.2899932861328,225.1750030517578,225.2899932861328,76645
2025-08-21 15:00:00+00:00,225.2899932861328,225.4801025390625,225.2899932861328,225.47039794921875,124757
2025-08-21 15:01:00+00:00,225.4499969482422,225.4499969482422,225.3249969482422,225.35879516601562,35819
2025-08-21 15:02:00+00:00,225.35450744628906,225.35450744628906,225.22999572753906,225.27630615234375,36423
2025-08-21 15:03:00+00:00,225.2449951171875,225.3000030517578,225.0500030517578,225.0500030517578,66543
2025-08-21 15:04:00+00:00,225.04229736328125,225.14999389648438,225.0,225.1199951171875,62481
2025-08-21 15:05:00+00:00,225.1300048828125,225.1300048828125,224.99000549316406,225.02000427246094,73672
2025-08-21 15:06:00+00:00,225.02000427246094,225.139892578125,225.00999450683594,225.0399932861328,63168
2025-08-21 15:07:00+00:00,225.02999877929688,225.10000610351562,225.0,225.05999755859375,39192
2025-08-21 15:08:00+00:00,225.07000732421875,225.2899932861328,225.06390380859375,225.27499389648438,92621
2025-08-21 15:09:00+00:00,225.2899932861328,225.2949981689453,225.14999389648438,225.1999969482422,47309
2025-08-21 15:10:00+00:00,225.19000244140625,225.1999969482422,225.11000061035156,225.13999938964844,57644
2025-08-21 15:11:00+00:00,225.14999389648438,225.14999389648438,224.86000061035156,224.86000061035156,106798
2025-08-21 15:12:00+00:00,224.8699951171875,224.90989685058594,224.67999267578125,224.71499633789062,101182
2025-08-21 15:13:00+00:00,224.7299041748047,224.91990661621094,224.72000122070312,224.8000030517578,74881
2025-08-21 15:14:00+00:00,224.7899932861328,224.81419372558594,224.63999938964844,224.67999267578125,88161
2025-08-21 15:15:00+00:00,224.6699981689453,224.79319763183594,224.63999938964844,224.70010375976562,87921
2025-08-21 15:16:00+00:00,224.7050018310547,224.8800048828125,224.6999969482422,224.8249969482422,71842
2025-08-21 15:17:00+00:00,224.80999755859375,224.9600067138672,224.75999450683594,224.9600067138672,74991
2025-08-21 15:18:00+00:00,224.94500732421875,225.07000732421875,224.75,224.75,65630
2025-08-21 15:19:00+00:00,224.74969482421875,224.82000732421875,224.69009399414062,224.72999572753906,64968
2025-08-21 15:20:00+00:00,224.72999572753906,224.82000732421875,224.7126007080078,224.78500366210938,48735
2025-08-21 15:21:00+00:00,224.77999877929688,224.7899932861328,224.5800018310547,224.69000244140625,75125
2025-08-21 15:22:00+00:00,224.6999969482422,224.6999969482422,224.52499389648438,224.5384063720703,80855
2025-08-21 15:23:00+00:00,224.5283966064453,225.0399932861328,224.51010131835938,225.02999877929688,132854
2025-08-21 15:24:00+00:00,225.02999877929688,225.15859985351562,225.0,225.07980346679688,85782
2025-08-21 15:25:00+00:00,225.07139587402344,225.13999938964844,225.00999450683594,225.08999633789062,57393
2025-08-21 15:26:00+00:00,225.08999633789062,225.11000061035156,224.97970581054688,225.02000427246094,49172
2025-08-21 15:27:00+00:00,225.02000427246094,225.15499877929688,225.02000427246094,225.0399932861328,41192
2025-08-21 15:28:00+00:00,225.0500030517578,225.13160705566406,225.02000427246094,225.10000610351562,39891
2025-08-21 15:29:00+00:00,225.11000061035156,225.17019653320312,225.0,225.1300048828125,78595
2025-08-21 15:30:00+00:00,225.13499450683594,225.28900146484375,225.11500549316406,225.2574005126953,66183
2025-08-21 15:31:00+00:00,225.25259399414062,225.25259399414062,225.1199951171875,225.23989868164062,49584
2025-08-21 15:32:00+00:00,225.22000122070312,225.27999877929688,225.1300048828125,225.24000549316406,43588
2025-08-21 15:33:00+00:00,225.25990295410156,225.52000427246094,225.24000549316406,225.5157928466797,86714
2025-08-21 15:34:00+00:00,225.52000427246094,225.53619384765625,225.4384002685547,225.5050048828125,53705
2025-08-21 15:35:00+00:00,225.50999450683594,225.5657958984375,225.4600067138672,225.5500030517578,54532
2025-08-21 15:36:00+00:00,225.5615997314453,225.61000061035156,225.49000549316406,225.50999450683594,91741
2025-08-21 15:37:00+00:00,225.50840759277344,225.65499877929688,225.47999572753906,225.61500549316406,63220
2025-08-21 15:38:00+00:00,225.6300048828125,225.67999267578125,225.52000427246094,225.61000061035156,66532
2025-08-21 15:39:00+00:00,225.61000061035156,225.6999969482422,225.58999633789062,225.6999969482422,42338
2025-08-21 15:40:00+00:00,225.6999969482422,225.83999633789062,225.69000244140625,225.79440307617188,85934
2025-08-21 15:41:00+00:00,225.7899932861328,225.8300018310547,225.6999969482422,225.7899932861328,38714
2025-08-21 15:42:00+00:00,225.77999877929688,225.83999633789062,225.74000549316406,225.82000732421875,38140
2025-08-21 15:43:00+00:00,225.8350067138672,225.8350067138672,225.6800994873047,225.72999572753906,48721
2025-08-21 15:44:00+00:00,225.73500061035156,225.77000427246094,225.69000244140625,225.75999450683594,41793
2025-08-21 15:45:00+00:00,225.76499938964844,225.77000427246094,225.66009521484375,225.66009521484375,55988
2025-08-21 15:46:00+00:00,225.67799377441406,225.69000244140625,225.61000061035156,225.65159606933594,53318
2025-08-21 15:47:00+00:00,225.64999389648438,225.6699981689453,225.52000427246094,225.52000427246094,37097
2025-08-21 15:48:00+00:00,225.52999877929688,225.6230010986328,225.4949951171875,225.6230010986328,47682
2025-08-21 15:49:00+00:00,225.58999633789062,225.60000610351562,225.50489807128906,225.55999755859375,21227
2025-08-21 15:50:00+00:00,225.5449981689453,225.5500030517578,225.43870544433594,225.43870544433594,42751
2025-08-21 15:51:00+00:00,225.4199981689453,225.5399932861328,225.39999389648438,225.53660583496094,43926
2025-08-21 15:52:00+00:00,225.52499389648438,225.5449981689453,225.4199981689453,225.4300994873047,56430
2025-08-21 15:53:00+00:00,225.42999267578125,225.42999267578125,225.2899932861328,225.2899932861328,59985
2025-08-21 15:54:00+00:00,225.27999877929688,225.38999938964844,225.27000427246094,225.35000610351562,44033
2025-08-21 15:55:00+00:00,225.35000610351562,225.41000366210938,225.30160522460938,225.33999633789062,38246
2025-08-21 15:56:00+00:00,225.33999633789062,225.4499969482422,225.22999572753906,225.41000366210938,57178
2025-08-21 15:57:00+00:00,225.39999389648438,225.42030334472656,225.33399963378906,225.360107421875,36297
2025-08-21 15:58:00+00:00,225.3699951171875,225.3903045654297,225.30859375,225.31500244140625,31757
2025-08-21 15:59:00+00:00,225.30999755859375,225.32159423828125,225.25,225.25999450683594,28816
2025-08-21 16:00:00+00:00,225.25999450683594,225.27499389648438,225.1551055908203,225.16000366210938,48008
2025-08-21 16:01:00+00:00,225.17999267578125,225.19000244140625,225.10000610351562,225.11000061035156,39551
2025-08-21 16:02:00+00:00,225.11990356445312,225.19000244140625,225.09500122070312,225.1428985595703,36251
2025-08-21 16:03:00+00:00,225.14500427246094,225.25,225.1199951171875,225.19000244140625,31148
2025-08-21 16:04:00+00:00,225.2050018310547,225.2050018310547,225.0709991455078,225.0850067138672,50927
2025-08-21 16:05:00+00:00,225.07000732421875,225.12159729003906,225.07000732421875,225.0850067138672,29640
2025-08-21 16:06:00+00:00,225.0850067138672,225.11000061035156,225.05499267578125,225.0800018310547,33137
2025-08-21 16:07:00+00:00,225.07000732421875,225.18499755859375,225.06500244140625,225.16929626464844,47435
2025-08-21 16:08:00+00:00,225.16859436035156,225.17999267578125,225.08999633789062,225.1199951171875,33820
2025-08-21 16:09:00+00:00,225.11000061035156,225.1699981689453,225.02000427246094,225.02000427246094,29937
2025-08-21 16:10:00+00:00,225.00999450683594,225.08999633789062,224.9949951171875,225.0500030517578,48093
2025-08-21 16:11:00+00:00,225.0500030517578,225.10299682617188,225.02000427246094,225.0236053466797,32687
2025-08-21 16:12:00+00:00,225.02499389648438,225.10000610351562,225.0050048828125,225.10000610351562,25626
2025-08-21 16:13:00+00:00,225.08999633789062,225.14500427246094,225.0800018310547,225.12989807128906,32949
2025-08-21 16:14:00+00:00,225.1199951171875,225.1199951171875,224.99000549316406,224.9949951171875,46000
2025-08-21 16:15:00+00:00,224.97999572753906,225.02999877929688,224.9499969482422,224.9499969482422,48300
2025-08-21 16:16:00+00:00,224.97000122070312,225.0050048828125,224.92999267578125,225.0,43675
2025-08-21 16:17:00+00:00,225.0,225.06500244140625,224.97999572753906,225.0500030517578,48454
2025-08-21 16:18:00+00:00,225.0500030517578,225.0749969482422,224.92999267578125,225.00999450683594,42789
2025-08-21 16:19:00+00:00,225.00050354003906,225.02000427246094,224.89999389648438,224.92999267578125,46048
2025-08-21 16:20:00+00:00,224.9199981689453,224.9199981689453,224.8000030517578,224.85159301757812,74648
2025-08-21 16:21:00+00:00,224.84500122070312,224.89999389648438,224.8000030517578,224.8800048828125,45723
2025-08-21 16:22:00+00:00,224.8800048828125,225.0,224.875,225.0,37916
2025-08-21 16:23:00+00:00,224.9550018310547,225.0800018310547,224.91000366210938,225.0749969482422,39497
2025-08-21 16:24:00+00:00,225.07069396972656,225.07069396972656,224.97000122070312,224.98500061035156,41649
2025-08-21 16:25:00+00:00,224.98240661621094,225.0500030517578,224.9600067138672,225.02000427246094,29061
2025-08-21 16:26:00+00:00,225.00999450683594,225.00999450683594,224.8300018310547,224.8300018310547,56881
2025-08-21 16:27:00+00:00,224.83740234375,224.88499450683594,224.8000030517578,224.84010314941406,51515
2025-08-21 16:28:00+00:00,224.83999633789062,224.8686065673828,224.80270385742188,224.80999755859375,35771
2025-08-21 16:29:00+00:00,224.8083953857422,224.84500122070312,224.8083953857422,224.8300018310547,23280
2025-08-21 16:30:00+00:00,224.8300018310547,224.9499969482422,224.78500366210938,224.9499969482422,47451
2025-08-21 16:31:00+00:00,224.94000244140625,224.9499969482422,224.77999877929688,224.8000030517578,35525
2025-08-21 16:32:00+00:00,224.8000030517578,224.8699951171875,224.77000427246094,224.77999877929688,41690
2025-08-21 16:33:00+00:00,224.77999877929688,224.8249969482422,224.6999969482422,224.72000122070312,48290
2025-08-21 16:34:00+00:00,224.72999572753906,224.7899932861328,224.6999969482422,224.7613983154297,30817
2025-08-21 16:35:00+00:00,224.75999450683594,224.7698974609375,224.69000244140625,224.72950744628906,33105
2025-08-21 16:36:00+00:00,224.74989318847656,224.86929321289062,224.7449951171875,224.85000610351562,34280
2025-08-21 16:37:00+00:00,224.83999633789062,224.83999633789062,224.77000427246094,224.80999755859375,40683
2025-08-21 16:38:00+00:00,224.82000732421875,224.94850158691406,224.82000732421875,224.9219970703125,47268
2025-08-21 16:39:00+00:00,224.9199981689453,224.99630737304688,224.8800048828125,224.96499633789062,37234
2025-08-21 16:40:00+00:00,224.9600067138672,224.9600067138672,224.77999877929688,224.83999633789062,42887
2025-08-21 16:41:00+00:00,224.83999633789062,224.97000122070312,224.8350067138672,224.9501953125,37870
2025-08-21 16:42:00+00:00,224.9499969482422,224.9499969482422,224.86500549316406,224.92999267578125,33333
2025-08-21 16:43:00+00:00,224.9199981689453,224.92999267578125,224.77499389648438,224.8000030517578,36600
2025-08-21 16:44:00+00:00,224.8000030517578,224.81500244140625,224.7100067138672,224.72509765625,33910
2025-08-21 16:45:00+00:00,224.72850036621094,224.80499267578125,224.6999969482422,224.77850341796875,40568
2025-08-21 16:46:00+00:00,224.7700958251953,224.77499389648438,224.6999969482422,224.77499389648438,37999
2025-08-21 16:47:00+00:00,224.77000427246094,224.77999877929688,224.74000549316406,224.75,33631
2025-08-21 16:48:00+00:00,224.7449951171875,224.77000427246094,224.7100067138672,224.74000549316406,41010
2025-08-21 16:49:00+00:00,224.75,224.82839965820312,224.72999572753906,224.80999755859375,47777
2025-08-21 16:50:00+00:00,224.80999755859375,224.8699951171875,224.77999877929688,224.83999633789062,41346
2025-08-21 16:51:00+00:00,224.83999633789062,224.88999938964844,224.77999877929688,224.88499450683594,35224
2025-08-21 16:52:00+00:00,224.88999938964844,224.97000122070312,224.8000030517578,224.9600067138672,50608
2025-08-21 16:53:00+00:00,224.9499969482422,225.00999450683594,224.9199981689453,224.9199981689453,47635
2025-08-21 16:54:00+00:00,224.92999267578125,224.9499969482422,224.8699951171875,224.94000244140625,31078
2025-08-21 16:55:00+00:00,224.92999267578125,224.96420288085938,224.88999938964844,224.9250030517578,38747
2025-08-21 16:56:00+00:00,224.9149932861328,224.9241943359375,224.80999755859375,224.80999755859375,49219
2025-08-21 16:57:00+00:00,224.80999755859375,224.8300018310547,224.74130249023438,224.74130249023438,36009
2025-08-21 16:58:00+00:00,224.7449951171875,224.77499389648438,224.58999633789062,224.58999633789062,66666
2025-08-21 16:59:00+00:00,224.60000610351562,224.63470458984375,224.5399932861328,224.61000061035156,46776
2025-08-21 17:00:00+00:00,224.6199951171875,224.63999938964844,224.52999877929688,224.58700561523438,41348
2025-08-21 17:01:00+00:00,224.5800018310547,224.5915985107422,224.50999450683594,224.5216064453125,53462
2025-08-21 17:02:00+00:00,224.50999450683594,224.57000732421875,224.4199981689453,224.55999755859375,105591
2025-08-21 17:03:00+00:00,224.57000732421875,224.63999938964844,224.5596923828125,224.5800018310547,45203
2025-08-21 17:04:00+00:00,224.5850067138672,224.64500427246094,224.57009887695312,224.63999938964844,32563
2025-08-21 17:05:00+00:00,224.639892578125,224.77999877929688,224.610595703125,224.77000427246094,66734
2025-08-21 17:06:00+00:00,224.77499389648438,224.82000732421875,224.72000122070312,224.80999755859375,37767
2025-08-21 17:07:00+00:00,224.8011932373047,224.80999755859375,224.70010375976562,224.70010375976562,43512
2025-08-21 17:08:00+00:00,224.7050018310547,224.76080322265625,224.6761016845703,224.7050018310547,40411
2025-08-21 17:09:00+00:00,224.7100067138672,224.74000549316406,224.60000610351562,224.60499572753906,33293
2025-08-21 17:10:00+00:00,224.60000610351562,224.60000610351562,224.4300994873047,224.44000244140625,76071
2025-08-21 17:11:00+00:00,224.4550018310547,224.4696044921875,224.3300018310547,224.38009643554688,76846
2025-08-21 17:12:00+00:00,224.3800048828125,224.4499969482422,224.3800048828125,224.4199981689453,66821
2025-08-21 17:13:00+00:00,224.41000366210938,224.4499969482422,224.3699951171875,224.3699951171875,80463
2025-08-21 17:14:00+00:00,224.37010192871094,224.3800048828125,224.31500244140625,224.36000061035156,51006
2025-08-21 17:15:00+00:00,224.35000610351562,224.3699951171875,224.27000427246094,224.27000427246094,71941
2025-08-21 17:16:00+00:00,224.26499938964844,224.2899932861328,224.06500244140625,224.1199951171875,117317
2025-08-21 17:17:00+00:00,224.1300048828125,224.17999267578125,224.05499267578125,224.14999389648438,99517
2025-08-21 17:18:00+00:00,224.16000366210938,224.2382049560547,224.1501007080078,224.22999572753906,81822
2025-08-21 17:19:00+00:00,224.2100067138672,224.2169952392578,224.0800018310547,224.11000061035156,42844
2025-08-21 17:20:00+00:00,224.11000061035156,224.1300048828125,224.02000427246094,224.05999755859375,58340
2025-08-21 17:21:00+00:00,224.05999755859375,224.0699005126953,223.91000366210938,223.94500732421875,157134
2025-08-21 17:22:00+00:00,223.9499969482422,223.97500610351562,223.8000030517578,223.82009887695312,109700
2025-08-21 17:23:00+00:00,223.8300018310547,223.88499450683594,223.7803955078125,223.88499450683594,97430
2025-08-21 17:24:00+00:00,223.8863067626953,224.0699005126953,223.86839294433594,223.94459533691406,109851
2025-08-21 17:25:00+00:00,223.9550018310547,224.0198974609375,223.89999389648438,223.99000549316406,51632
2025-08-21 17:26:00+00:00,223.9949951171875,224.0157928466797,223.91000366210938,223.91009521484375,55378
2025-08-21 17:27:00+00:00,223.9199981689453,224.1300048828125,223.9199981689453,224.11000061035156,60759
2025-08-21 17:28:00+00:00,224.110107421875,224.1999969482422,224.05999755859375,224.19000244140625,86541
2025-08-21 17:29:00+00:00,224.19009399414062,224.22000122070312,224.110107421875,224.1750030517578,51352
2025-08-21 17:30:00+00:00,224.17080688476562,224.25999450683594,224.16000366210938,224.1999969482422,53372
2025-08-21 17:31:00+00:00,224.19500732421875,224.38999938964844,224.19009399414062,224.38999938964844,63943
2025-08-21 17:32:00+00:00,224.38999938964844,224.38999938964844,224.27000427246094,224.33999633789062,50357
2025-08-21 17:33:00+00:00,224.35000610351562,224.44000244140625,224.3419952392578,224.42999267578125,37984
2025-08-21 17:34:00+00:00,224.41000366210938,224.50999450683594,224.38999938964844,224.47999572753906,61774
2025-08-21 17:35:00+00:00,224.49000549316406,224.55999755859375,224.4600067138672,224.5500030517578,57306
2025-08-21 17:36:00+00:00,224.5500030517578,224.60499572753906,224.52499389648438,224.58999633789062,50494
2025-08-21 17:37:00+00:00,224.58999633789062,224.6750030517578,224.5800018310547,224.61000061035156,78402
2025-08-21 17:38:00+00:00,224.61000061035156,224.63999938964844,224.57000732421875,224.60000610351562,64139
2025-08-21 17:39:00+00:00,224.60000610351562,224.6999969482422,224.60000610351562,224.69009399414062,41812
2025-08-21 17:40:00+00:00,224.6999969482422,224.77000427246094,224.6699981689453,224.75,74380
2025-08-21 17:41:00+00:00,224.74020385742188,224.77850341796875,224.6999969482422,224.72000122070312,54399
2025-08-21 17:42:00+00:00,224.7100067138672,224.72999572753906,224.57000732421875,224.60499572753906,53723
2025-08-21 17:43:00+00:00,224.6300048828125,224.6699981689453,224.60000610351562,224.64999389648438,33458
2025-08-21 17:44:00+00:00,224.64999389648438,224.65499877929688,224.52999877929688,224.55499267578125,35287
2025-08-21 17:45:00+00:00,224.5399932861328,224.64999389648438,224.5399932861328,224.61000061035156,43208
2025-08-21 17:46:00+00:00,224.6199951171875,224.66990661621094,224.56500244140625,224.6313018798828,39817
2025-08-21 17:47:00+00:00,224.63499450683594,224.75,224.5937042236328,224.74000549316406,43721
2025-08-21 17:48:00+00:00,224.73500061035156,224.73629760742188,224.6699981689453,224.7050018310547,37816
2025-08-21 17:49:00+00:00,224.7100067138672,224.72000122070312,224.63999938964844,224.6750030517578,31729
2025-08-21 17:50:00+00:00,224.6699981689453,224.74000549316406,224.6699981689453,224.6999969482422,28461
2025-08-21 17:51:00+00:00,224.6999969482422,224.6999969482422,224.55999755859375,224.57000732421875,41478
2025-08-21 17:52:00+00:00,224.58999633789062,224.64999389648438,224.5738067626953,224.64999389648438,36511
2025-08-21 17:53:00+00:00,224.66000366210938,224.66000366210938,224.5500030517578,224.63999938964844,36826
2025-08-21 17:54:00+00:00,224.63009643554688,224.63999938964844,224.60049438476562,224.63999938964844,17957
2025-08-21 17:55:00+00:00,224.63999938964844,224.69000244140625,224.6199951171875,224.67999267578125,23814
2025-08-21 17:56:00+00:00,224.69000244140625,224.70509338378906,224.64999389648438,224.64999389648438,21413
2025-08-21 17:57:00+00:00,224.66000366210938,224.67999267578125,224.60060119628906,224.64999389648438,21084
2025-08-21 17:58:00+00:00,224.64999389648438,224.6699981689453,224.6199951171875,224.63999938964844,17290
2025-08-21 17:59:00+00:00,224.63499450683594,224.64019775390625,224.5500030517578,224.55999755859375,48136
2025-08-21 18:00:00+00:00,224.5500030517578,224.55999755859375,224.4499969482422,224.5399932861328,74713
2025-08-21 18:01:00+00:00,224.5399932861328,224.5399932861328,224.48500061035156,224.5,41693
2025-08-21 18:02:00+00:00,224.5,224.55929565429688,224.4600067138672,224.4600067138672,26722
2025-08-21 18:03:00+00:00,224.4600067138672,224.4698944091797,224.41000366210938,224.42999267578125,23349
2025-08-21 18:04:00+00:00,224.43499755859375,224.49710083007812,224.42999267578125,224.47999572753906,38959
2025-08-21 18:05:00+00:00,224.47000122070312,224.50999450683594,224.42359924316406,224.50999450683594,29416
2025-08-21 18:06:00+00:00,224.52000427246094,224.52999877929688,224.4199981689453,224.49000549316406,34493
2025-08-21 18:07:00+00:00,224.5,224.52999877929688,224.4199981689453,224.4199981689453,26582
2025-08-21 18:08:00+00:00,224.42999267578125,224.47509765625,224.3699951171875,224.47509765625,42119
2025-08-21 18:09:00+00:00,224.47300720214844,224.49000549316406,224.39999389648438,224.4199981689453,28133
2025-08-21 18:10:00+00:00,224.4199981689453,224.43499755859375,224.3596954345703,224.3800048828125,36544
2025-08-21 18:11:00+00:00,224.375,224.4199981689453,224.33999633789062,224.4199981689453,35482
2025-08-21 18:12:00+00:00,224.4199981689453,224.47630310058594,224.41000366210938,224.44000244140625,28371
2025-08-21 18:13:00+00:00,224.44500732421875,224.52000427246094,224.44000244140625,224.50999450683594,42655
2025-08-21 18:14:00+00:00,224.5,224.53500366210938,224.47999572753906,224.49000549316406,30307
2025-08-21 18:15:00+00:00,224.4600067138672,224.47999572753906,224.41000366210938,224.4499969482422,37242
2025-08-21 18:16:00+00:00,224.47000122070312,224.52999877929688,224.47000122070312,224.47500610351562,24628
2025-08-21 18:17:00+00:00,224.47500610351562,224.57000732421875,224.47500610351562,224.55490112304688,32242
2025-08-21 18:18:00+00:00,224.55499267578125,224.58999633789062,224.52499389648438,224.52499389648438,36258
2025-08-21 18:19:00+00:00,224.52999877929688,224.57000732421875,224.51499938964844,224.5449981689453,37973
2025-08-21 18:20:00+00:00,224.5572052001953,224.55999755859375,224.45370483398438,224.49000549316406,39571
2025-08-21 18:21:00+00:00,224.49159240722656,224.50999450683594,224.4499969482422,224.46200561523438,26722
2025-08-21 18:22:00+00:00,224.4501953125,224.4864959716797,224.39999389648438,224.39999389648438,40351
2025-08-21 18:23:00+00:00,224.40499877929688,224.4199981689453,224.34539794921875,224.35000610351562,32090
2025-08-21 18:24:00+00:00,224.35499572753906,224.42999267578125,224.35000610351562,224.42840576171875,33048
2025-08-21 18:25:00+00:00,224.42999267578125,224.42999267578125,224.36000061035156,224.3699951171875,25794
2025-08-21 18:26:00+00:00,224.3800048828125,224.39999389648438,224.35350036621094,224.35499572753906,30629
2025-08-21 18:27:00+00:00,224.3699951171875,224.37010192871094,224.30999755859375,224.3350067138672,82390
2025-08-21 18:28:00+00:00,224.3350067138672,224.36000061035156,224.3000030517578,224.30999755859375,50146
2025-08-21 18:29:00+00:00,224.31500244140625,224.3350067138672,224.19000244140625,224.22999572753906,60004
2025-08-21 18:30:00+00:00,224.22349548339844,224.2449951171875,224.0941925048828,224.20809936523438,71153
2025-08-21 18:31:00+00:00,224.2100067138672,224.27000427246094,224.2100067138672,224.22999572753906,44719
2025-08-21 18:32:00+00:00,224.22000122070312,224.27999877929688,224.21580505371094,224.26499938964844,27705
2025-08-21 18:33:00+00:00,224.27000427246094,224.30999755859375,224.1977996826172,224.22999572753906,39310
2025-08-21 18:34:00+00:00,224.24000549316406,224.25999450683594,224.1999969482422,224.23019409179688,30461
2025-08-21 18:35:00+00:00,224.24000549316406,224.42999267578125,224.22999572753906,224.39999389648438,54981
2025-08-21 18:36:00+00:00,224.3957977294922,224.3957977294922,224.3300018310547,224.36000061035156,34293
2025-08-21 18:37:00+00:00,224.36000061035156,224.43499755859375,224.33999633789062,224.43499755859375,45257
2025-08-21 18:38:00+00:00,224.4149932861328,224.4600067138672,224.39999389648438,224.40899658203125,51404
2025-08-21 18:39:00+00:00,224.41000366210938,224.47000122070312,224.39999389648438,224.42999267578125,22635
2025-08-21 18:40:00+00:00,224.41360473632812,224.4499969482422,224.38070678710938,224.38070678710938,36319
2025-08-21 18:41:00+00:00,224.38499450683594,224.38499450683594,224.3300018310547,224.33999633789062,33612
2025-08-21 18:42:00+00:00,224.33999633789062,224.35000610351562,224.2906951904297,224.3498992919922,44437
2025-08-21 18:43:00+00:00,224.35000610351562,224.38999938964844,224.2899932861328,224.2899932861328,63459
2025-08-21 18:44:00+00:00,224.2899932861328,224.31500244140625,224.26010131835938,224.27499389648438,39413
2025-08-21 18:45:00+00:00,224.27999877929688,224.27999877929688,224.19000244140625,224.20159912109375,38244
2025-08-21 18:46:00+00:00,224.2100067138672,224.2675018310547,224.19009399414062,224.22999572753906,26967
2025-08-21 18:47:00+00:00,224.24000549316406,224.26499938964844,224.16000366210938,224.17010498046875,51923
2025-08-21 18:48:00+00:00,224.17999267578125,224.24989318847656,224.1699981689453,224.22999572753906,26189
2025-08-21 18:49:00+00:00,224.23500061035156,224.33929443359375,224.22999572753906,224.32000732421875,39636
2025-08-21 18:50:00+00:00,224.3300018310547,224.36160278320312,224.22999572753906,224.35000610351562,41506
2025-08-21 18:51:00+00:00,224.33999633789062,224.33999633789062,224.2534942626953,224.25999450683594,32972
2025-08-21 18:52:00+00:00,224.25999450683594,224.3800048828125,224.2550048828125,224.36000061035156,33260
2025-08-21 18:53:00+00:00,224.35499572753906,224.4499969482422,224.33999633789062,224.43499755859375,27979
2025-08-21 18:54:00+00:00,224.42999267578125,224.44000244140625,224.3800048828125,224.42999267578125,34951
2025-08-21 18:55:00+00:00,224.4199981689453,224.4499969482422,224.32000732421875,224.40499877929688,60308
2025-08-21 18:56:00+00:00,224.41000366210938,224.58990478515625,224.39999389648438,224.55999755859375,55441
2025-08-21 18:57:00+00:00,224.5500030517578,224.5574951171875,224.51060485839844,224.5449981689453,26224
2025-08-21 18:58:00+00:00,224.5399932861328,224.55999755859375,224.4884033203125,224.55999755859375,45631
2025-08-21 18:59:00+00:00,224.5500030517578,224.5500030517578,224.5,224.50999450683594,32234
2025-08-21 19:00:00+00:00,224.5,224.59500122070312,224.47999572753906,224.59500122070312,41715
2025-08-21 19:01:00+00:00,224.60000610351562,224.6085968017578,224.5399932861328,224.59129333496094,37803
2025-08-21 19:02:00+00:00,224.58999633789062,224.69500732421875,224.58120727539062,224.69000244140625,38964
2025-08-21 19:03:00+00:00,224.67999267578125,224.68179321289062,224.63499450683594,224.63999938964844,34761
2025-08-21 19:04:00+00:00,224.65499877929688,224.68539428710938,224.6300048828125,224.6699981689453,30931
2025-08-21 19:05:00+00:00,224.67999267578125,224.75999450683594,224.66160583496094,224.75990295410156,52436
2025-08-21 19:06:00+00:00,224.75999450683594,224.80999755859375,224.7449951171875,224.77000427246094,58420
2025-08-21 19:07:00+00:00,224.76840209960938,224.8000030517578,224.75,224.75999450683594,46975
2025-08-21 19:08:00+00:00,224.75999450683594,224.83999633789062,224.75,224.8300018310547,45633
2025-08-21 19:09:00+00:00,224.8300018310547,224.8699951171875,224.7899932861328,224.80499267578125,56800
2025-08-21 19:10:00+00:00,224.80490112304688,224.875,224.80490112304688,224.8249969482422,40612
2025-08-21 19:11:00+00:00,224.82000732421875,224.88999938964844,224.80499267578125,224.86500549316406,42367
2025-08-21 19:12:00+00:00,224.8699951171875,224.89999389648438,224.82000732421875,224.8300018310547,42333
2025-08-21 19:13:00+00:00,224.8300018310547,224.84539794921875,224.75450134277344,224.7550048828125,37076
2025-08-21 19:14:00+00:00,224.77000427246094,224.80929565429688,224.7100067138672,224.80160522460938,41666
2025-08-21 19:15:00+00:00,224.80499267578125,224.80499267578125,224.6999969482422,224.72250366210938,36118
2025-08-21 19:16:00+00:00,224.73500061035156,224.77000427246094,224.6999969482422,224.73500061035156,40179
2025-08-21 19:17:00+00:00,224.73500061035156,224.81500244140625,224.72500610351562,224.7949981689453,39874
2025-08-21 19:18:00+00:00,224.7899932861328,224.88499450683594,224.78500366210938,224.8300018310547,67417
2025-08-21 19:19:00+00:00,224.83419799804688,224.8350067138672,224.74000549316406,224.7899932861328,52156
2025-08-21 19:20:00+00:00,224.78509521484375,224.86000061035156,224.7700958251953,224.85499572753906,44600
2025-08-21 19:21:00+00:00,224.85499572753906,224.89999389648438,224.8148956298828,224.82000732421875,56455
2025-08-21 19:22:00+00:00,224.8300018310547,224.8350067138672,224.77999877929688,224.82000732421875,28800
2025-08-21 19:23:00+00:00,224.8249969482422,224.97000122070312,224.8249969482422,224.97000122070312,60861
2025-08-21 19:24:00+00:00,224.9600067138672,225.05499267578125,224.9600067138672,225.03500366210938,85506
2025-08-21 19:25:00+00:00,225.02000427246094,225.0399932861328,224.97999572753906,225.02000427246094,65097
2025-08-21 19:26:00+00:00,225.02000427246094,225.0500030517578,224.99000549316406,225.0399932861328,68683
2025-08-21 19:27:00+00:00,225.02999877929688,225.02999877929688,224.91000366210938,224.96539306640625,67590
2025-08-21 19:28:00+00:00,224.96499633789062,225.02499389648438,224.91000366210938,224.93499755859375,80334
2025-08-21 19:29:00+00:00,224.93499755859375,224.93499755859375,224.860107421875,224.8800048828125,49797
2025-08-21 19:30:00+00:00,224.89999389648438,224.9199981689453,224.7700958251953,224.79010009765625,44369
2025-08-21 19:31:00+00:00,224.7949981689453,224.7949981689453,224.7100067138672,224.75,47005
2025-08-21 19:32:00+00:00,224.75509643554688,224.8300018310547,224.69000244140625,224.7050018310547,122076
2025-08-21 19:33:00+00:00,224.7050018310547,224.71499633789062,224.61839294433594,224.61839294433594,60585
2025-08-21 19:34:00+00:00,224.6199951171875,224.66990661621094,224.61000061035156,224.61000061035156,49546
2025-08-21 19:35:00+00:00,224.6199951171875,224.6342010498047,224.46499633789062,224.49000549316406,57975
2025-08-21 19:36:00+00:00,224.48500061035156,224.49000549316406,224.42999267578125,224.4600067138672,66220
2025-08-21 19:37:00+00:00,224.47000122070312,224.5050048828125,224.40370178222656,224.42999267578125,45897
2025-08-21 19:38:00+00:00,224.42999267578125,224.4600067138672,224.38839721679688,224.4499969482422,51712
2025-08-21 19:39:00+00:00,224.44000244140625,224.49000549316406,224.42999267578125,224.47500610351562,60054
2025-08-21 19:40:00+00:00,224.47000122070312,224.64999389648438,224.4499969482422,224.6199951171875,333911
2025-08-21 19:41:00+00:00,224.625,224.6300048828125,224.5500030517578,224.58999633789062,87527
2025-08-21 19:42:00+00:00,224.5800018310547,224.66000366210938,224.5800018310547,224.62429809570312,168859
2025-08-21 19:43:00+00:00,224.625,224.69000244140625,224.625,224.66000366210938,82179
2025-08-21 19:44:00+00:00,224.6649932861328,224.77999877929688,224.6649932861328,224.7550048828125,171466
2025-08-21 19:45:00+00:00,224.75880432128906,224.80999755859375,224.6750030517578,224.71499633789062,89555
2025-08-21 19:46:00+00:00,224.72000122070312,224.81500244140625,224.71499633789062,224.7449951171875,85641
2025-08-21 19:47:00+00:00,224.75,224.80029296875,224.66000366210938,224.69500732421875,56308
2025-08-21 19:48:00+00:00,224.69000244140625,224.75,224.69000244140625,224.74000549316406,81542
2025-08-21 19:49:00+00:00,224.74000549316406,224.82000732421875,224.72999572753906,224.80999755859375,159029
2025-08-21 19:50:00+00:00,224.82000732421875,224.9199981689453,224.8101043701172,224.86500549316406,130818
2025-08-21 19:51:00+00:00,224.86000061035156,224.9600067138672,224.85000610351562,224.9199981689453,102207
2025-08-21 19:52:00+00:00,224.92999267578125,225.02999877929688,224.89999389648438,224.91009521484375,127442
2025-08-21 19:53:00+00:00,224.91000366210938,224.94000244140625,224.83999633789062,224.93539428710938,84146
2025-08-21 19:54:00+00:00,224.92999267578125,225.25,224.80999755859375,225.0500030517578,249496
2025-08-21 19:55:00+00:00,225.0500030517578,225.16000366210938,224.94000244140625,225.0,170246
2025-08-21 19:56:00+00:00,224.9949951171875,225.0800018310547,224.94009399414062,225.06280517578125,176375
2025-08-21 19:57:00+00:00,225.06500244140625,225.07000732421875,224.8000030517578,224.8000030517578,195868
2025-08-21 19:58:00+00:00,224.80499267578125,224.85499572753906,224.74000549316406,224.78500366210938,241570
2025-08-21 19:59:00+00:00,224.78500366210938,225.02000427246094,224.7100067138672,224.91000366210938,577752
2025-08-22 13:30:00+00:00,226.1699981689453,226.7100067138672,225.86000061035156,226.4499969482422,1197365
2025-08-22 13:31:00+00:00,226.39999389648438,226.9600067138672,226.0,226.0449981689453,158444
2025-08-22 13:32:00+00:00,226.0,226.08999633789062,225.89999389648438,225.90499877929688,28450
2025-08-22 13:33:00+00:00,226.03990173339844,226.03990173339844,225.68499755859375,225.68499755859375,234737
2025-08-22 13:34:00+00:00,225.72000122070312,226.0500030517578,225.6649932861328,225.6999969482422,108591
2025-08-22 13:35:00+00:00,225.68499755859375,225.94000244140625,225.41000366210938,225.67999267578125,114959
2025-08-22 13:36:00+00:00,225.69000244140625,226.10989379882812,225.69000244140625,226.07009887695312,87609
2025-08-22 13:37:00+00:00,226.0800018310547,226.1898956298828,225.92999267578125,226.16000366210938,80352
2025-08-22 13:38:00+00:00,226.1699981689453,226.22000122070312,225.85000610351562,225.88499450683594,96446
2025-08-22 13:39:00+00:00,225.875,226.0,225.7801055908203,225.97999572753906,59238
2025-08-22 13:40:00+00:00,225.9550018310547,226.39500427246094,225.9550018310547,226.3699951171875,78377
2025-08-22 13:41:00+00:00,226.36000061035156,226.75,226.25999450683594,226.7100067138672,122246
2025-08-22 13:42:00+00:00,226.67999267578125,226.8300018310547,226.60060119628906,226.64500427246094,82958
2025-08-22 13:43:00+00:00,226.64999389648438,226.8300018310547,226.6199951171875,226.8000030517578,63333
2025-08-22 13:44:00+00:00,226.80079650878906,226.88999938964844,226.60519409179688,226.77999877929688,105887
2025-08-22 13:45:00+00:00,226.77499389648438,226.98550415039062,226.75010681152344,226.7550048828125,150141
2025-08-22 13:46:00+00:00,226.75250244140625,226.75999450683594,226.1396942138672,226.2100067138672,158579
2025-08-22 13:47:00+00:00,226.21319580078125,226.3000030517578,226.1300048828125,226.2100067138672,87713
2025-08-22 13:48:00+00:00,226.2050018310547,226.4199981689453,226.19000244140625,226.343505859375,68771
2025-08-22 13:49:00+00:00,226.3300018310547,226.3300018310547,226.16400146484375,226.25,55890
2025-08-22 13:50:00+00:00,226.2100067138672,226.32000732421875,226.0399932861328,226.11000061035156,73175
2025-08-22 13:51:00+00:00,226.11289978027344,226.22000122070312,226.02000427246094,226.16000366210938,121759
2025-08-22 13:52:00+00:00,226.13999938964844,226.30999755859375,226.12399291992188,226.30999755859375,71316
2025-08-22 13:53:00+00:00,226.3300018310547,226.4199981689453,226.30499267578125,226.33999633789062,49369
2025-08-22 13:54:00+00:00,226.35000610351562,226.4250030517578,226.17999267578125,226.27969360351562,52704
2025-08-22 13:55:00+00:00,226.26499938964844,226.3300018310547,226.22000122070312,226.22000122070312,52588
2025-08-22 13:56:00+00:00,226.25,226.47000122070312,226.25,226.25999450683594,53917
2025-08-22 13:57:00+00:00,226.2449951171875,226.2449951171875,225.82000732421875,225.86000061035156,83258
2025-08-22 13:58:00+00:00,225.86000061035156,226.1199951171875,225.77000427246094,225.79710388183594,111063
2025-08-22 13:59:00+00:00,225.7996063232422,226.02999877929688,225.7996063232422,225.97999572753906,71183
2025-08-22 14:00:00+00:00,225.97000122070312,227.95919799804688,225.97000122070312,227.7154998779297,517523
2025-08-22 14:01:00+00:00,227.7100067138672,228.19000244140625,227.60499572753906,227.8300018310547,226659
2025-08-22 14:02:00+00:00,227.85000610351562,228.16000366210938,227.66000366210938,227.6999969482422,182617
2025-08-22 14:03:00+00:00,227.69000244140625,228.0198974609375,227.6199951171875,227.81100463867188,193536
2025-08-22 14:04:00+00:00,227.7899932861328,227.83999633789062,226.9550018310547,227.00999450683594,170612
2025-08-22 14:05:00+00:00,227.0,227.38499450683594,227.0,227.33920288085938,142463
2025-08-22 14:06:00+00:00,227.3699951171875,227.63999938964844,227.3000030517578,227.5,126591
2025-08-22 14:07:00+00:00,227.42999267578125,227.49000549316406,227.08810424804688,227.3000030517578,116150
2025-08-22 14:08:00+00:00,227.3249969482422,227.60499572753906,227.24000549316406,227.5749969482422,141945
2025-08-22 14:09:00+00:00,227.61500549316406,227.74989318847656,227.4499969482422,227.65040588378906,108442
2025-08-22 14:10:00+00:00,227.69000244140625,227.89990234375,227.625,227.6649932861328,104009
2025-08-22 14:11:00+00:00,227.6649932861328,227.75999450683594,227.44000244140625,227.49000549316406,119281
2025-08-22 14:12:00+00:00,227.49000549316406,227.61900329589844,227.3000030517578,227.31500244140625,90159
2025-08-22 14:13:00+00:00,227.2899932861328,227.52000427246094,227.22999572753906,227.4550018310547,104027
2025-08-22 14:14:00+00:00,227.47000122070312,227.72000122070312,227.47000122070312,227.60989379882812,86225
2025-08-22 14:15:00+00:00,227.58999633789062,228.1300048828125,227.56500244140625,228.11000061035156,135987
2025-08-22 14:16:00+00:00,228.09500122070312,228.15989685058594,227.9600067138672,228.13999938964844,124338
2025-08-22 14:17:00+00:00,228.125,228.1300048828125,227.5850067138672,227.77000427246094,169521
2025-08-22 14:18:00+00:00,227.75999450683594,227.78500366210938,227.33999633789062,227.4600067138672,95200
2025-08-22 14:19:00+00:00,227.4499969482422,227.5500030517578,227.3699951171875,227.49000549316406,93409
2025-08-22 14:20:00+00:00,227.47999572753906,227.6656951904297,227.35000610351562,227.58999633789062,97433
2025-08-22 14:21:00+00:00,227.5749969482422,227.78399658203125,227.49000549316406,227.56500244140625,122775
2025-08-22 14:22:00+00:00,227.57000732421875,227.80999755859375,227.50999450683594,227.76319885253906,99964
2025-08-22 14:23:00+00:00,227.74000549316406,227.86000061035156,227.57000732421875,227.58900451660156,109208
2025-08-22 14:24:00+00:00,227.57000732421875,227.77000427246094,227.4250030517578,227.73500061035156,358023
2025-08-22 14:25:00+00:00,227.77000427246094,228.02000427246094,227.72000122070312,228.02000427246094,109709
2025-08-22 14:26:00+00:00,228.02000427246094,228.07899475097656,227.8000030517578,228.00999450683594,148761
2025-08-22 14:27:00+00:00,228.0050048828125,228.0050048828125,227.70260620117188,227.7949981689453,98079
2025-08-22 14:28:00+00:00,227.78500366210938,227.9499969482422,227.69520568847656,227.8000030517578,51268
2025-08-22 14:29:00+00:00,227.8000030517578,228.07000732421875,227.77000427246094,227.9499969482422,116666
2025-08-22 14:30:00+00:00,227.97000122070312,228.19000244140625,227.89999389648438,227.99000549316406,115111
2025-08-22 14:31:00+00:00,228.07000732421875,228.44000244140625,227.99940490722656,228.4250030517578,210383
2025-08-22 14:32:00+00:00,228.44000244140625,228.6699981689453,228.44000244140625,228.5800018310547,181181
2025-08-22 14:33:00+00:00,228.60000610351562,228.602294921875,228.27999877929688,228.39999389648438,128002
2025-08-22 14:34:00+00:00,228.4149932861328,228.66000366210938,228.4149932861328,228.60650634765625,159057
2025-08-22 14:35:00+00:00,228.6300048828125,228.66000366210938,228.41000366210938,228.49000549316406,91159
2025-08-22 14:36:00+00:00,228.5,228.50860595703125,228.18600463867188,228.21499633789062,106009
2025-08-22 14:37:00+00:00,228.2100067138672,228.3699951171875,228.1999969482422,228.30999755859375,111490
2025-08-22 14:38:00+00:00,228.2949981689453,228.32000732421875,228.16000366210938,228.1699981689453,60613
2025-08-22 14:39:00+00:00,228.1699981689453,228.2093048095703,227.9600067138672,228.02000427246094,100871
2025-08-22 14:40:00+00:00,228.01499938964844,228.2449951171875,228.0,228.15499877929688,103181
2025-08-22 14:41:00+00:00,228.1793975830078,228.17999267578125,227.9499969482422,228.17999267578125,113409
2025-08-22 14:42:00+00:00,228.1649932861328,228.22000122070312,227.94500732421875,227.97999572753906,104464
2025-08-22 14:43:00+00:00,227.97999572753906,228.00999450683594,227.8000030517578,227.97999572753906,121700
2025-08-22 14:44:00+00:00,227.97999572753906,228.14990234375,227.92999267578125,228.08999633789062,96470
2025-08-22 14:45:00+00:00,228.11000061035156,228.33999633789062,228.0399932861328,228.32000732421875,101546
2025-08-22 14:46:00+00:00,228.32980346679688,228.5,228.1999969482422,228.49000549316406,122491
2025-08-22 14:47:00+00:00,228.49989318847656,228.49989318847656,228.3000030517578,228.44000244140625,170323
2025-08-22 14:48:00+00:00,228.43499755859375,228.5399932861328,228.32000732421875,228.5,88606
2025-08-22 14:49:00+00:00,228.52000427246094,228.58999633789062,228.38499450683594,228.52499389648438,116414
2025-08-22 14:50:00+00:00,228.52000427246094,228.5500030517578,228.3000030517578,228.5500030517578,93988
2025-08-22 14:51:00+00:00,228.5500030517578,228.5699005126953,228.1199951171875,228.13999938964844,94192
2025-08-22 14:52:00+00:00,228.13499450683594,228.2449951171875,227.9709930419922,228.11500549316406,110077
2025-08-22 14:53:00+00:00,228.1199951171875,228.1999969482422,228.05999755859375,228.14999389648438,77439
2025-08-22 14:54:00+00:00,228.13999938964844,228.36500549316406,228.13999938964844,228.3625946044922,72908
2025-08-22 14:55:00+00:00,228.35000610351562,228.52000427246094,228.30999755859375,228.46499633789062,69838
2025-08-22 14:56:00+00:00,228.46499633789062,228.60000610351562,228.42999267578125,228.50050354003906,103216
2025-08-22 14:57:00+00:00,228.51499938964844,228.53970336914062,228.4199981689453,228.43499755859375,105834
2025-08-22 14:58:00+00:00,228.43499755859375,228.43499755859375,228.1300048828125,228.3800048828125,90808
2025-08-22 14:59:00+00:00,228.3800048828125,228.39999389648438,228.1699981689453,228.22500610351562,69887
2025-08-22 15:00:00+00:00,228.22000122070312,228.22000122070312,228.00929260253906,228.06700134277344,86568
2025-08-22 15:01:00+00:00,228.0500030517578,228.39999389648438,228.0500030517578,228.3699951171875,67476
2025-08-22 15:02:00+00:00,228.3699951171875,228.50999450683594,228.3612060546875,228.4199981689453,90809
2025-08-22 15:03:00+00:00,228.44000244140625,228.57000732421875,228.4199981689453,228.5500030517578,63429
2025-08-22 15:04:00+00:00,228.54930114746094,228.66990661621094,228.52999877929688,228.6199951171875,84395
2025-08-22 15:05:00+00:00,228.61500549316406,228.6300048828125,228.39999389648438,228.50999450683594,94605
2025-08-22 15:06:00+00:00,228.4925994873047,228.5,228.3350067138672,228.3800048828125,50937
2025-08-22 15:07:00+00:00,228.3800048828125,228.52499389648438,228.32980346679688,228.38999938964844,64110
2025-08-22 15:08:00+00:00,228.38589477539062,228.5500030517578,228.38589477539062,228.38999938964844,82185
2025-08-22 15:09:00+00:00,228.3800048828125,228.60499572753906,228.3800048828125,228.59500122070312,72862
2025-08-22 15:10:00+00:00,228.5800018310547,228.6999969482422,228.5500030517578,228.67999267578125,69715
2025-08-22 15:11:00+00:00,228.67840576171875,228.72000122070312,228.47999572753906,228.6479949951172,135597
2025-08-22 15:12:00+00:00,228.66000366210938,228.6999969482422,228.4499969482422,228.56590270996094,64661
2025-08-22 15:13:00+00:00,228.5500030517578,228.58740234375,228.50619506835938,228.55999755859375,39282
2025-08-22 15:14:00+00:00,228.56500244140625,228.56500244140625,228.40499877929688,228.4600067138672,65147
2025-08-22 15:15:00+00:00,228.47000122070312,228.47000122070312,228.35000610351562,228.39999389648438,67490
2025-08-22 15:16:00+00:00,228.38999938964844,228.47000122070312,228.3300018310547,228.4595947265625,60455
2025-08-22 15:17:00+00:00,228.44000244140625,228.4499969482422,228.3000946044922,228.38999938964844,29475
2025-08-22 15:18:00+00:00,228.38499450683594,228.47999572753906,228.3000030517578,228.3249969482422,79435
2025-08-22 15:19:00+00:00,228.30999755859375,228.3800048828125,228.1999969482422,228.23809814453125,66833
2025-08-22 15:20:00+00:00,228.22999572753906,228.29989624023438,228.1699981689453,228.27000427246094,65858
2025-08-22 15:21:00+00:00,228.27999877929688,228.3800048828125,228.22000122070312,228.22000122070312,56434
2025-08-22 15:22:00+00:00,228.22999572753906,228.3498992919922,228.1699981689453,228.25,49517
2025-08-22 15:23:00+00:00,228.25999450683594,228.32000732421875,228.22000122070312,228.29989624023438,45363
2025-08-22 15:24:00+00:00,228.27999877929688,228.3000030517578,228.15499877929688,228.2100067138672,57848
2025-08-22 15:25:00+00:00,228.23500061035156,228.35000610351562,228.20449829101562,228.2899932861328,52111
2025-08-22 15:26:00+00:00,228.25999450683594,228.3249969482422,228.2227020263672,228.30999755859375,53184
2025-08-22 15:27:00+00:00,228.3000030517578,228.30999755859375,228.13499450683594,228.13499450683594,39737
2025-08-22 15:28:00+00:00,228.13499450683594,228.2050018310547,228.0800018310547,228.14999389648438,46976
2025-08-22 15:29:00+00:00,228.1199951171875,228.1699981689453,228.02999877929688,228.05999755859375,39966
2025-08-22 15:30:00+00:00,228.0399932861328,228.22000122070312,228.02999877929688,228.1999969482422,55724
2025-08-22 15:31:00+00:00,228.18499755859375,228.24000549316406,228.10020446777344,228.1699981689453,53100
2025-08-22 15:32:00+00:00,228.21229553222656,228.3800048828125,228.1999969482422,228.3800048828125,60895
2025-08-22 15:33:00+00:00,228.3800048828125,228.41490173339844,228.25,228.33999633789062,50377
2025-08-22 15:34:00+00:00,228.35000610351562,228.43499755859375,228.35000610351562,228.36000061035156,45110
2025-08-22 15:35:00+00:00,228.36000061035156,228.3699951171875,228.27000427246094,228.318603515625,55698
2025-08-22 15:36:00+00:00,228.3249969482422,228.4199981689453,228.2899932861328,228.33999633789062,44238
2025-08-22 15:37:00+00:00,228.32000732421875,228.32000732421875,228.1199951171875,228.1199951171875,58163
2025-08-22 15:38:00+00:00,228.13999938964844,228.1699981689453,228.0,228.00999450683594,62370
2025-08-22 15:39:00+00:00,228.02999877929688,228.10000610351562,228.00999450683594,228.05999755859375,41862
2025-08-22 15:40:00+00:00,228.07000732421875,228.08999633789062,227.97999572753906,228.03309631347656,56108
2025-08-22 15:41:00+00:00,228.02999877929688,228.0384979248047,227.85000610351562,227.86000061035156,47133
2025-08-22 15:42:00+00:00,227.8699951171875,227.8800048828125,227.80999755859375,227.83999633789062,36039
2025-08-22 15:43:00+00:00,227.84979248046875,227.97000122070312,227.8300018310547,227.86500549316406,42591
2025-08-22 15:44:00+00:00,227.86500549316406,227.99000549316406,227.85260009765625,227.9499969482422,50744
2025-08-22 15:45:00+00:00,227.9600067138672,228.19000244140625,227.9600067138672,228.19000244140625,80947
2025-08-22 15:46:00+00:00,228.17999267578125,228.1999969482422,228.02000427246094,228.03619384765625,35948
2025-08-22 15:47:00+00:00,228.03599548339844,228.03599548339844,227.85000610351562,227.99000549316406,58044
2025-08-22 15:48:00+00:00,227.97000122070312,227.99000549316406,227.83999633789062,227.83999633789062,47660
2025-08-22 15:49:00+00:00,227.83999633789062,227.86000061035156,227.6999969482422,227.72000122070312,64416
2025-08-22 15:50:00+00:00,227.71499633789062,227.77000427246094,227.47030639648438,227.49000549316406,83159
2025-08-22 15:51:00+00:00,227.4949951171875,227.556396484375,227.43499755859375,227.49000549316406,66703
2025-08-22 15:52:00+00:00,227.49000549316406,227.52999877929688,227.44000244140625,227.44009399414062,59258
2025-08-22 15:53:00+00:00,227.47999572753906,227.66000366210938,227.47999572753906,227.6466064453125,59746
2025-08-22 15:54:00+00:00,227.64500427246094,227.64500427246094,227.52000427246094,227.5500030517578,44094
2025-08-22 15:55:00+00:00,227.5424041748047,227.6529998779297,227.52999877929688,227.57000732421875,42944
2025-08-22 15:56:00+00:00,227.5800018310547,227.5850067138672,227.42999267578125,227.4949951171875,47916
2025-08-22 15:57:00+00:00,227.5,227.59500122070312,227.4600067138672,227.47000122070312,38560
2025-08-22 15:58:00+00:00,227.46499633789062,227.5500030517578,227.38999938964844,227.4600067138672,52679
2025-08-22 15:59:00+00:00,227.44500732421875,227.57000732421875,227.30999755859375,227.35499572753906,57113
2025-08-22 16:00:00+00:00,227.35000610351562,227.36000061035156,227.11000061035156,227.16969299316406,169130
2025-08-22 16:01:00+00:00,227.14999389648438,227.14999389648438,227.1300048828125,227.13999938964844,8042
2025-08-22 16:03:00+00:00,227.33999633789062,227.3800048828125,227.3000030517578,227.30999755859375,169133
2025-08-22 16:04:00+00:00,227.30999755859375,227.34100341796875,227.22860717773438,227.3350067138672,38024
2025-08-22 16:05:00+00:00,227.3415985107422,227.3415985107422,227.1999969482422,227.25,38777
2025-08-22 16:06:00+00:00,227.25999450683594,227.25999450683594,227.11480712890625,227.19000244140625,54461
2025-08-22 16:07:00+00:00,227.2100067138672,227.389892578125,227.2100067138672,227.35499572753906,40413
2025-08-22 16:08:00+00:00,227.3699951171875,227.38999938964844,227.30999755859375,227.33009338378906,22859
2025-08-22 16:09:00+00:00,227.35000610351562,227.38999938964844,227.33009338378906,227.36399841308594,30298
2025-08-22 16:10:00+00:00,227.36500549316406,227.3887939453125,227.3000030517578,227.30999755859375,37209
2025-08-22 16:11:00+00:00,227.30999755859375,227.33999633789062,227.2100067138672,227.24000549316406,61777
2025-08-22 16:12:00+00:00,227.25,227.25999450683594,227.1616973876953,227.1616973876953,31307
2025-08-22 16:13:00+00:00,227.17999267578125,227.27000427246094,227.08999633789062,227.093994140625,51154
2025-08-22 16:14:00+00:00,227.1199951171875,227.24000549316406,227.0800018310547,227.24000549316406,37275
2025-08-22 16:15:00+00:00,227.25,227.2740020751953,227.0,227.0500030517578,72029
2025-08-22 16:16:00+00:00,227.04049682617188,227.07000732421875,226.9250030517578,226.9250030517578,56021
2025-08-22 16:17:00+00:00,226.9600067138672,227.0301055908203,226.94000244140625,226.96409606933594,45187
2025-08-22 16:18:00+00:00,226.96499633789062,227.10000610351562,226.9300994873047,227.10000610351562,45453
2025-08-22 16:19:00+00:00,227.0800018310547,227.23460388183594,227.05999755859375,227.1999969482422,64352
2025-08-22 16:20:00+00:00,227.19000244140625,227.22000122070312,227.07000732421875,227.18899536132812,35090
2025-08-22 16:21:00+00:00,227.18499755859375,227.25999450683594,227.17840576171875,227.25,38711
2025-08-22 16:22:00+00:00,227.25999450683594,227.38999938964844,227.24000549316406,227.38999938964844,72059
2025-08-22 16:23:00+00:00,227.36500549316406,227.4199981689453,227.3300018310547,227.36000061035156,60279
2025-08-22 16:24:00+00:00,227.3582000732422,227.3800048828125,227.22000122070312,227.2449951171875,29746
2025-08-22 16:25:00+00:00,227.24000549316406,227.24000549316406,227.02099609375,227.0399932861328,51119
2025-08-22 16:26:00+00:00,227.0399932861328,227.07000732421875,226.94000244140625,226.99000549316406,94685
2025-08-22 16:27:00+00:00,227.0,227.1199951171875,227.0,227.1199951171875,42413
2025-08-22 16:28:00+00:00,227.10699462890625,227.17999267578125,226.97390747070312,226.99000549316406,39253
2025-08-22 16:29:00+00:00,226.99000549316406,227.17999267578125,226.98500061035156,227.16929626464844,41146
2025-08-22 16:30:00+00:00,227.1699981689453,227.22000122070312,227.14500427246094,227.2032012939453,37075
2025-08-22 16:31:00+00:00,227.20069885253906,227.2615966796875,227.19000244140625,227.22059631347656,34750
2025-08-22 16:32:00+00:00,227.22000122070312,227.2799072265625,227.1999969482422,227.27000427246094,37369
2025-08-22 16:33:00+00:00,227.27000427246094,227.2899932861328,227.1909942626953,227.25,26738
2025-08-22 16:34:00+00:00,227.26499938964844,227.31500244140625,227.2100067138672,227.22000122070312,33487
2025-08-22 16:35:00+00:00,227.22500610351562,227.30499267578125,227.1199951171875,227.30499267578125,41796
2025-08-22 16:36:00+00:00,227.2957000732422,227.3699951171875,227.25999450683594,227.36500549316406,37318
2025-08-22 16:37:00+00:00,227.36500549316406,227.36500549316406,227.27000427246094,227.32000732421875,24332
2025-08-22 16:38:00+00:00,227.32000732421875,227.3699951171875,227.30999755859375,227.3300018310547,30003
2025-08-22 16:39:00+00:00,227.3300018310547,227.3350067138672,227.25999450683594,227.3000030517578,41846
2025-08-22 16:40:00+00:00,227.30999755859375,227.4058074951172,227.3000030517578,227.39999389648438,27798
2025-08-22 16:41:00+00:00,227.38999938964844,227.47999572753906,227.3699951171875,227.38999938964844,71507
2025-08-22 16:42:00+00:00,227.38999938964844,227.4499969482422,227.34010314941406,227.36000061035156,33719
2025-08-22 16:43:00+00:00,227.35000610351562,227.35000610351562,227.22999572753906,227.23500061035156,35957
2025-08-22 16:44:00+00:00,227.22999572753906,227.35000610351562,227.22500610351562,227.2803955078125,33859
2025-08-22 16:45:00+00:00,227.27999877929688,227.32000732421875,227.27999877929688,227.3000030517578,11900
2025-08-22 16:46:00+00:00,227.345703125,227.36000061035156,227.32000732421875,227.36000061035156,32585
2025-08-22 16:47:00+00:00,227.35000610351562,227.3708038330078,227.3249969482422,227.33999633789062,28759
2025-08-22 16:48:00+00:00,227.35000610351562,227.40159606933594,227.3300018310547,227.3300018310547,27436
2025-08-22 16:49:00+00:00,227.32000732421875,227.35000610351562,227.2801055908203,227.3000030517578,26882
2025-08-22 16:50:00+00:00,227.30999755859375,227.3800048828125,227.2657012939453,227.36160278320312,50187
2025-08-22 16:51:00+00:00,227.3527069091797,227.36940002441406,227.27999877929688,227.27999877929688,25200
2025-08-22 16:52:00+00:00,227.27999877929688,227.30990600585938,227.2100067138672,227.25999450683594,40510
2025-08-22 16:53:00+00:00,227.27000427246094,227.28500366210938,227.2100067138672,227.2100067138672,33423
2025-08-22 16:54:00+00:00,227.2050018310547,227.28990173339844,227.1699981689453,227.27999877929688,37231
2025-08-22 16:55:00+00:00,227.26499938964844,227.2655029296875,227.1977996826172,227.1977996826172,31928
2025-08-22 16:56:00+00:00,227.19000244140625,227.19000244140625,227.10009765625,227.11500549316406,36315
2025-08-22 16:57:00+00:00,227.11500549316406,227.19000244140625,227.07000732421875,227.1199951171875,34259
2025-08-22 16:58:00+00:00,227.1199951171875,227.2050018310547,227.10000610351562,227.1905059814453,41988
2025-08-22 16:59:00+00:00,227.19320678710938,227.32000732421875,227.1699981689453,227.24000549316406,43198
2025-08-22 17:00:00+00:00,227.22999572753906,227.26499938964844,227.1649932861328,227.23500061035156,36453
2025-08-22 17:01:00+00:00,227.2449951171875,227.3699951171875,227.2449951171875,227.36880493164062,31119
2025-08-22 17:02:00+00:00,227.3699951171875,227.44000244140625,227.36000061035156,227.44000244140625,49118
2025-08-22 17:03:00+00:00,227.42999267578125,227.44000244140625,227.3800048828125,227.42999267578125,35842
2025-08-22 17:04:00+00:00,227.42999267578125,227.42999267578125,227.3800048828125,227.41000366210938,16933
2025-08-22 17:05:00+00:00,227.41000366210938,227.4199981689453,227.3699951171875,227.375,38942
2025-08-22 17:06:00+00:00,227.38999938964844,227.40879821777344,227.27499389648438,227.2801971435547,35522
2025-08-22 17:07:00+00:00,227.3000030517578,227.3699951171875,227.3000030517578,227.3350067138672,41891
2025-08-22 17:08:00+00:00,227.3300018310547,227.3498992919922,227.3000030517578,227.33999633789062,28223
2025-08-22 17:09:00+00:00,227.34080505371094,227.36000061035156,227.25999450683594,227.35499572753906,25818
2025-08-22 17:10:00+00:00,227.33999633789062,227.39999389648438,227.3350067138672,227.3699951171875,28840
2025-08-22 17:11:00+00:00,227.3699951171875,229.0,227.3000030517578,227.9199981689453,1155099
2025-08-22 17:12:00+00:00,227.9250030517578,228.32000732421875,227.74000549316406,227.86000061035156,214112
2025-08-22 17:13:00+00:00,227.86160278320312,228.218994140625,227.86000061035156,227.97500610351562,101991
2025-08-22 17:14:00+00:00,227.97500610351562,228.36000061035156,227.92999267578125,228.3000030517578,135808
2025-08-22 17:15:00+00:00,228.3000030517578,228.30499267578125,227.9199981689453,227.96499633789062,88587
2025-08-22 17:16:00+00:00,227.96499633789062,228.32000732421875,227.89999389648438,228.06100463867188,111886
2025-08-22 17:17:00+00:00,228.05999755859375,228.22999572753906,227.91250610351562,228.15499877929688,69747
2025-08-22 17:18:00+00:00,228.1699981689453,228.4600067138672,228.14010620117188,228.4600067138672,125680
2025-08-22 17:19:00+00:00,228.4600067138672,228.47000122070312,228.26499938964844,228.4600067138672,114454
2025-08-22 17:20:00+00:00,228.44000244140625,228.47999572753906,228.24000549316406,228.35499572753906,96132
2025-08-22 17:21:00+00:00,228.36000061035156,228.4499969482422,228.281005859375,228.41270446777344,80114
2025-08-22 17:22:00+00:00,228.41259765625,228.61000061035156,228.41259765625,228.56739807128906,198389
2025-08-22 17:23:00+00:00,228.5500030517578,229.0,228.53619384765625,228.89999389648438,280352
2025-08-22 17:24:00+00:00,228.89999389648438,229.0,228.69000244140625,228.97000122070312,214747
2025-08-22 17:25:00+00:00,228.97000122070312,228.99000549316406,228.61000061035156,228.9199981689453,112571
2025-08-22 17:26:00+00:00,228.91000366210938,229.08999633789062,228.91000366210938,228.97999572753906,153686
2025-08-22 17:27:00+00:00,228.98500061035156,229.0399932861328,228.9199981689453,228.9600067138672,81894
2025-08-22 17:28:00+00:00,228.9656982421875,228.97000122070312,228.67999267578125,228.67999267578125,101483
2025-08-22 17:29:00+00:00,228.672607421875,228.6750030517578,228.5,228.61000061035156,92589
2025-08-22 17:30:00+00:00,228.6273956298828,228.6273956298828,228.35000610351562,228.4550018310547,106560
2025-08-22 17:31:00+00:00,228.46449279785156,228.55650329589844,228.41000366210938,228.5500030517578,59421
2025-08-22 17:32:00+00:00,228.51499938964844,228.55990600585938,228.24000549316406,228.30650329589844,61792
2025-08-22 17:33:00+00:00,228.30499267578125,228.30999755859375,228.19500732421875,228.2449951171875,60839
2025-08-22 17:34:00+00:00,228.22999572753906,228.25990295410156,228.1199951171875,228.22000122070312,65077
2025-08-22 17:35:00+00:00,228.22500610351562,228.30499267578125,228.14999389648438,228.30499267578125,41766
2025-08-22 17:36:00+00:00,228.27000427246094,228.43710327148438,228.24020385742188,228.32310485839844,94501
2025-08-22 17:37:00+00:00,228.3300018310547,228.3800048828125,228.30999755859375,228.33999633789062,75728
2025-08-22 17:38:00+00:00,228.35000610351562,228.36000061035156,228.17999267578125,228.19000244140625,69638
2025-08-22 17:39:00+00:00,228.19000244140625,228.1999969482422,228.07000732421875,228.17999267578125,53219
2025-08-22 17:40:00+00:00,228.1699981689453,228.1999969482422,228.04420471191406,228.1199951171875,46452
2025-08-22 17:41:00+00:00,228.08999633789062,228.14999389648438,228.0200958251953,228.07240295410156,45931
2025-08-22 17:42:00+00:00,228.0850067138672,228.22000122070312,228.05029296875,228.10000610351562,68851
2025-08-22 17:43:00+00:00,228.11000061035156,228.16000366210938,228.060302734375,228.11500549316406,29048
2025-08-22 17:44:00+00:00,228.10000610351562,228.1392059326172,228.0500030517578,228.10000610351562,30549
2025-08-22 17:45:00+00:00,228.11500549316406,228.1199951171875,228.00999450683594,228.0749969482422,54148
2025-08-22 17:46:00+00:00,228.0800018310547,228.13999938964844,228.05999755859375,228.125,45228
2025-08-22 17:47:00+00:00,228.139892578125,228.2100067138672,228.139892578125,228.14999389648438,56683
2025-08-22 17:48:00+00:00,228.1300048828125,228.1300048828125,228.0500030517578,228.07000732421875,45046
2025-08-22 17:49:00+00:00,228.06500244140625,228.06500244140625,227.91000366210938,227.9149932861328,65929
2025-08-22 17:50:00+00:00,227.89999389648438,228.0399932861328,227.8800048828125,228.03990173339844,42162
2025-08-22 17:51:00+00:00,228.03500366210938,228.08999633789062,227.97000122070312,227.97500610351562,64509
2025-08-22 17:52:00+00:00,227.97500610351562,228.08999633789062,227.94000244140625,228.0699005126953,33291
2025-08-22 17:53:00+00:00,228.05999755859375,228.10989379882812,227.97000122070312,228.0850067138672,23575
2025-08-22 17:54:00+00:00,228.0850067138672,228.0850067138672,227.9501953125,227.97000122070312,25920
2025-08-22 17:55:00+00:00,227.97000122070312,228.05999755859375,227.96009826660156,228.0115966796875,23948
2025-08-22 17:56:00+00:00,228.02999877929688,228.08399963378906,227.97999572753906,228.0084991455078,35964
2025-08-22 17:57:00+00:00,227.98069763183594,228.00999450683594,227.77999877929688,227.82000732421875,53439
2025-08-22 17:58:00+00:00,227.8300018310547,227.9199981689453,227.82000732421875,227.91000366210938,28681
2025-08-22 17:59:00+00:00,227.89999389648438,227.9199981689453,227.86000061035156,227.88499450683594,172927
2025-08-22 18:00:00+00:00,227.89999389648438,228.05999755859375,227.89010620117188,228.05499267578125,751635
2025-08-22 18:01:00+00:00,228.0500030517578,228.2657928466797,228.02000427246094,228.25999450683594,585684
2025-08-22 18:02:00+00:00,228.26980590820312,228.26980590820312,228.16000366210938,228.24000549316406,41879
2025-08-22 18:03:00+00:00,228.22999572753906,228.2899932861328,228.19000244140625,228.27960205078125,45553
2025-08-22 18:04:00+00:00,228.27090454101562,228.36000061035156,228.25999450683594,228.34010314941406,50440
2025-08-22 18:05:00+00:00,228.35000610351562,228.3990020751953,228.22000122070312,228.22999572753906,54596
2025-08-22 18:06:00+00:00,228.22999572753906,228.35000610351562,228.16000366210938,228.20260620117188,73714
2025-08-22 18:07:00+00:00,228.19630432128906,228.31500244140625,228.19000244140625,228.2899932861328,41504
2025-08-22 18:08:00+00:00,228.27999877929688,228.34080505371094,228.25999450683594,228.3000030517578,46212
2025-08-22 18:09:00+00:00,228.28640747070312,228.30999755859375,228.10000610351562,228.10699462890625,38361
2025-08-22 18:10:00+00:00,228.11000061035156,228.17999267578125,228.07000732421875,228.10000610351562,58514
2025-08-22 18:11:00+00:00,228.0850067138672,228.1199951171875,227.96499633789062,227.97000122070312,41743
2025-08-22 18:12:00+00:00,227.97000122070312,228.10000610351562,227.9300994873047,228.10000610351562,49260
2025-08-22 18:13:00+00:00,228.10000610351562,228.2899932861328,228.060302734375,228.27149963378906,69859
2025-08-22 18:14:00+00:00,228.27999877929688,228.27999877929688,228.19009399414062,228.23880004882812,40234
2025-08-22 18:15:00+00:00,228.22999572753906,228.28160095214844,228.2100067138672,228.22000122070312,40752
2025-08-22 18:16:00+00:00,228.21499633789062,228.23500061035156,228.1199951171875,228.1999053955078,34861
2025-08-22 18:17:00+00:00,228.17999267578125,228.23500061035156,228.16000366210938,228.22000122070312,33327
2025-08-22 18:18:00+00:00,228.2100067138672,228.2801055908203,228.1699981689453,228.25999450683594,39477
2025-08-22 18:19:00+00:00,228.25,228.2899932861328,228.13999938964844,228.18499755859375,39202
2025-08-22 18:20:00+00:00,228.19000244140625,228.40499877929688,228.13999938964844,228.40359497070312,235962
2025-08-22 18:21:00+00:00,228.40499877929688,228.4949951171875,228.27999877929688,228.32000732421875,158853
2025-08-22 18:22:00+00:00,228.32000732421875,228.32000732421875,228.16000366210938,228.17999267578125,39346
2025-08-22 18:23:00+00:00,228.1699981689453,228.1699981689453,228.10000610351562,228.10499572753906,45235
2025-08-22 18:24:00+00:00,228.10499572753906,228.19500732421875,228.08999633789062,228.13999938964844,49138
2025-08-22 18:25:00+00:00,228.13999938964844,228.14999389648438,228.07000732421875,228.0998992919922,38307
2025-08-22 18:26:00+00:00,228.08999633789062,228.14990234375,228.05999755859375,228.08999633789062,50166
2025-08-22 18:27:00+00:00,228.0850067138672,228.09979248046875,227.97999572753906,227.99000549316406,59575
2025-08-22 18:28:00+00:00,227.99000549316406,228.02499389648438,227.88999938964844,227.89999389648438,65775
2025-08-22 18:29:00+00:00,227.89500427246094,227.94000244140625,227.7899932861328,227.8699951171875,53635
2025-08-22 18:30:00+00:00,227.8800048828125,227.9499969482422,227.8249969482422,227.86000061035156,71161
2025-08-22 18:31:00+00:00,227.85499572753906,228.0189971923828,227.82859802246094,228.0189971923828,65994
2025-08-22 18:32:00+00:00,228.0207977294922,228.04139709472656,227.9770050048828,228.02000427246094,40351
2025-08-22 18:33:00+00:00,228.02000427246094,228.10000610351562,228.01499938964844,228.0449981689453,40643
2025-08-22 18:34:00+00:00,228.0399932861328,228.24000549316406,228.00999450683594,228.24000549316406,65161
2025-08-22 18:35:00+00:00,228.22999572753906,228.3249969482422,228.1842041015625,228.32000732421875,57469
2025-08-22 18:36:00+00:00,228.31289672851562,228.42999267578125,228.30859375,228.4199981689453,68169
2025-08-22 18:37:00+00:00,228.41000366210938,228.4149932861328,228.36000061035156,228.38929748535156,32957
2025-08-22 18:38:00+00:00,228.3800048828125,228.3800048828125,228.1699981689453,228.23500061035156,44560
2025-08-22 18:39:00+00:00,228.23500061035156,228.24000549316406,228.10000610351562,228.19000244140625,41597
2025-08-22 18:40:00+00:00,228.19000244140625,228.27499389648438,228.14999389648438,228.26499938964844,43943
2025-08-22 18:41:00+00:00,228.25999450683594,228.26499938964844,228.17999267578125,228.26010131835938,36776
2025-08-22 18:42:00+00:00,228.26499938964844,228.32000732421875,228.2449951171875,228.27999877929688,1192405
2025-08-22 18:43:00+00:00,228.2899932861328,228.42999267578125,228.27999877929688,228.42999267578125,32338
2025-08-22 18:44:00+00:00,228.4199981689453,228.4499969482422,228.3800048828125,228.4199981689453,91134
2025-08-22 18:45:00+00:00,228.41000366210938,228.41000366210938,228.22000122070312,228.30499267578125,72282
2025-08-22 18:46:00+00:00,228.30499267578125,228.43499755859375,228.3000030517578,228.42999267578125,45760
2025-08-22 18:47:00+00:00,228.44000244140625,228.4600067138672,228.3699951171875,228.44000244140625,43928
2025-08-22 18:48:00+00:00,228.43499755859375,228.51980590820312,228.42919921875,228.4949951171875,65309
2025-08-22 18:49:00+00:00,228.5050048828125,228.50999450683594,228.35009765625,228.38929748535156,58957
2025-08-22 18:50:00+00:00,228.3979949951172,228.3979949951172,228.31500244140625,228.33999633789062,43541
2025-08-22 18:51:00+00:00,228.3300018310547,228.3699951171875,228.25999450683594,228.33920288085938,41987
2025-08-22 18:52:00+00:00,228.3350067138672,228.3677978515625,228.27999877929688,228.36500549316406,27005
2025-08-22 18:53:00+00:00,228.36000061035156,228.36500549316406,228.3000030517578,228.34500122070312,35259
2025-08-22 18:54:00+00:00,228.36000061035156,228.36000061035156,228.32020568847656,228.35499572753906,23678
2025-08-22 18:55:00+00:00,228.36000061035156,228.3800048828125,228.30999755859375,228.30999755859375,27736
2025-08-22 18:56:00+00:00,228.30999755859375,228.3365020751953,228.25,228.2738037109375,35033
2025-08-22 18:57:00+00:00,228.27000427246094,228.30499267578125,228.27000427246094,228.27569580078125,34083
2025-08-22 18:58:00+00:00,228.27999877929688,228.30999755859375,228.2301025390625,228.30999755859375,40710
2025-08-22 18:59:00+00:00,228.3000030517578,228.3000030517578,228.16839599609375,228.1999969482422,41446
2025-08-22 19:00:00+00:00,228.1999969482422,228.3300018310547,228.19500732421875,228.30020141601562,183122
2025-08-22 19:01:00+00:00,228.3000030517578,228.3000030517578,228.17999267578125,228.27960205078125,34280
2025-08-22 19:02:00+00:00,228.2899932861328,228.3000030517578,228.21499633789062,228.22000122070312,37549
2025-08-22 19:03:00+00:00,228.2100067138672,228.3699951171875,228.2100067138672,228.35000610351562,74598
2025-08-22 19:04:00+00:00,228.35000610351562,228.375,228.24380493164062,228.24380493164062,34705
2025-08-22 19:05:00+00:00,228.2449951171875,228.27000427246094,228.19020080566406,228.22500610351562,31451
2025-08-22 19:06:00+00:00,228.22500610351562,228.23500061035156,228.10499572753906,228.1199951171875,58549
2025-08-22 19:07:00+00:00,228.101806640625,228.1273956298828,228.00999450683594,228.0135040283203,50661
2025-08-22 19:08:00+00:00,228.0299072265625,228.0399932861328,227.9949951171875,228.0,43625
2025-08-22 19:09:00+00:00,228.00999450683594,228.0457000732422,228.00999450683594,228.02999877929688,40229
2025-08-22 19:10:00+00:00,228.0399932861328,228.05499267578125,227.99000549316406,227.9949951171875,47700
2025-08-22 19:11:00+00:00,227.99000549316406,228.0330047607422,227.96499633789062,228.0330047607422,50298
2025-08-22 19:12:00+00:00,228.02999877929688,228.05999755859375,228.00999450683594,228.0449981689453,38758
2025-08-22 19:13:00+00:00,228.0500030517578,228.11990356445312,228.00999450683594,228.0906982421875,53054
2025-08-22 19:14:00+00:00,228.09500122070312,228.13999938964844,228.08999633789062,228.1199951171875,58540
2025-08-22 19:15:00+00:00,228.11000061035156,228.1298065185547,228.02000427246094,228.02499389648438,30862
2025-08-22 19:16:00+00:00,228.02499389648438,228.07000732421875,227.94009399414062,228.02999877929688,55293
2025-08-22 19:17:00+00:00,228.02000427246094,228.10000610351562,228.02000427246094,228.0850067138672,29400
2025-08-22 19:18:00+00:00,228.08999633789062,228.11500549316406,228.0200958251953,228.0399932861328,31670
2025-08-22 19:19:00+00:00,228.0399932861328,228.10000610351562,228.02999877929688,228.05999755859375,36279
2025-08-22 19:20:00+00:00,228.0500030517578,228.0500030517578,227.91510009765625,227.97999572753906,61802
2025-08-22 19:21:00+00:00,227.97999572753906,228.07000732421875,227.97000122070312,228.02999877929688,43412
2025-08-22 19:22:00+00:00,228.02999877929688,228.05499267578125,228.01499938964844,228.02000427246094,34164
2025-08-22 19:23:00+00:00,228.02499389648438,228.07000732421875,228.0,228.07000732421875,34069
2025-08-22 19:24:00+00:00,228.07000732421875,228.0800018310547,228.02999877929688,228.07000732421875,35374
2025-08-22 19:25:00+00:00,228.05999755859375,228.11000061035156,227.97999572753906,228.00999450683594,47934
2025-08-22 19:26:00+00:00,228.00999450683594,228.02000427246094,227.92999267578125,227.97000122070312,47819
2025-08-22 19:27:00+00:00,227.97500610351562,227.98989868164062,227.91000366210938,227.9199981689453,38316
2025-08-22 19:28:00+00:00,227.9199981689453,227.9199981689453,227.85000610351562,227.90280151367188,54422
2025-08-22 19:29:00+00:00,227.91000366210938,227.91000366210938,227.78500366210938,227.85000610351562,72213
2025-08-22 19:30:00+00:00,227.83999633789062,227.97000122070312,227.82000732421875,227.9600067138672,79011
2025-08-22 19:31:00+00:00,227.9600067138672,228.04989624023438,227.94000244140625,227.9615936279297,106334
2025-08-22 19:32:00+00:00,227.96499633789062,228.02499389648438,227.9499969482422,227.99000549316406,58770
2025-08-22 19:33:00+00:00,227.98500061035156,228.0,227.89340209960938,227.89500427246094,43231
2025-08-22 19:34:00+00:00,227.89999389648438,227.9149932861328,227.83999633789062,227.89500427246094,62793
2025-08-22 19:35:00+00:00,227.88999938964844,227.88999938964844,227.7100067138672,227.7230987548828,55496
2025-08-22 19:36:00+00:00,227.72999572753906,227.74000549316406,227.6300048828125,227.63839721679688,70048
2025-08-22 19:37:00+00:00,227.64500427246094,227.74000549316406,227.44000244140625,227.74000549316406,123382
2025-08-22 19:38:00+00:00,227.7200927734375,227.7353973388672,227.64920043945312,227.6999969482422,60164
2025-08-22 19:39:00+00:00,227.6999969482422,227.74569702148438,227.63999938964844,227.71009826660156,73649
2025-08-22 19:40:00+00:00,227.7100067138672,227.7100067138672,227.58999633789062,227.6199951171875,102407
2025-08-22 19:41:00+00:00,227.6199951171875,227.78500366210938,227.60000610351562,227.75999450683594,92415
2025-08-22 19:42:00+00:00,227.77000427246094,227.80999755859375,227.72000122070312,227.7949981689453,68684
2025-08-22 19:43:00+00:00,227.7899932861328,227.81080627441406,227.74349975585938,227.77999877929688,61603
2025-08-22 19:44:00+00:00,227.80999755859375,227.9499969482422,227.8000030517578,227.94000244140625,67327
2025-08-22 19:45:00+00:00,227.92999267578125,227.97999572753906,227.8699951171875,227.91000366210938,74737
2025-08-22 19:46:00+00:00,227.89999389648438,227.92999267578125,227.75,227.75999450683594,92097
2025-08-22 19:47:00+00:00,227.75999450683594,227.8800048828125,227.6999969482422,227.8800048828125,60604
2025-08-22 19:48:00+00:00,227.87010192871094,228.0800018310547,227.86000061035156,228.0800018310547,123072
2025-08-22 19:49:00+00:00,228.08999633789062,228.0998992919922,227.97500610351562,228.06500244140625,76211
2025-08-22 19:50:00+00:00,228.08999633789062,228.30999755859375,227.8300018310547,227.86000061035156,195925
2025-08-22 19:51:00+00:00,227.85000610351562,227.85000610351562,227.6699981689453,227.77999877929688,159536
2025-08-22 19:52:00+00:00,227.77999877929688,227.85079956054688,227.75,227.75999450683594,116176
2025-08-22 19:53:00+00:00,227.75,227.8300018310547,227.610107421875,227.61990356445312,175014
2025-08-22 19:54:00+00:00,227.63499450683594,227.75999450683594,227.58999633789062,227.64999389648438,204161
2025-08-22 19:55:00+00:00,227.6300048828125,227.8350067138672,227.61000061035156,227.6699981689453,265135
2025-08-22 19:56:00+00:00,227.64810180664062,227.66000366210938,227.47000122070312,227.54769897460938,212341
2025-08-22 19:57:00+00:00,227.5399932861328,227.60989379882812,227.52499389648438,227.57000732421875,215524
2025-08-22 19:58:00+00:00,227.55999755859375,227.64999389648438,227.55499267578125,227.61500549316406,361227
2025-08-22 19:59:00+00:00,227.61000061035156,227.875,227.58999633789062,227.75,681998
2025-08-25 13:30:00+00:00,226.40499877929688,227.1300048828125,226.25999450683594,226.58999633789062,1262658
2025-08-25 13:31:00+00:00,226.55499267578125,226.94000244140625,226.24000549316406,226.49000549316406,149206
2025-08-25 13:33:00+00:00,227.22500610351562,227.22500610351562,226.85000610351562,226.8800048828125,235811
2025-08-25 13:34:00+00:00,226.83999633789062,227.1802978515625,226.75,226.8800048828125,96486
2025-08-25 13:35:00+00:00,226.86000061035156,227.1699981689453,226.86000061035156,226.8800048828125,102867
2025-08-25 13:36:00+00:00,226.8350067138672,226.931396484375,226.55999755859375,226.64999389648438,113786
2025-08-25 13:37:00+00:00,226.64999389648438,227.0500030517578,226.60000610351562,226.97000122070312,113272
2025-08-25 13:38:00+00:00,226.92999267578125,227.26499938964844,226.92999267578125,227.1199951171875,109301
2025-08-25 13:39:00+00:00,227.0850067138672,227.2899932861328,227.0800018310547,227.18080139160156,95777
2025-08-25 13:40:00+00:00,227.18499755859375,227.55160522460938,227.11000061035156,227.30999755859375,155632
2025-08-25 13:41:00+00:00,227.3000030517578,227.57000732421875,227.1800994873047,227.52999877929688,189145
2025-08-25 13:42:00+00:00,227.52000427246094,227.68980407714844,227.47999572753906,227.58999633789062,109087
2025-08-25 13:43:00+00:00,227.59320068359375,227.86000061035156,227.52999877929688,227.8249969482422,153048
2025-08-25 13:44:00+00:00,227.8459930419922,228.07000732421875,227.81039428710938,228.03990173339844,203968
2025-08-25 13:45:00+00:00,228.02000427246094,228.05999755859375,227.7899932861328,227.8300018310547,122498
2025-08-25 13:46:00+00:00,227.85000610351562,228.22999572753906,227.73500061035156,227.9149932861328,180295
2025-08-25 13:47:00+00:00,227.92999267578125,228.27999877929688,227.9243927001953,228.22000122070312,102039
2025-08-25 13:48:00+00:00,228.22500610351562,228.5850067138672,228.22500610351562,228.55999755859375,169654
2025-08-25 13:49:00+00:00,228.5800018310547,228.5800018310547,228.30999755859375,228.48989868164062,124620
2025-08-25 13:50:00+00:00,228.47999572753906,228.75,228.39999389648438,228.75,151918
2025-08-25 13:51:00+00:00,228.74000549316406,229.0500030517578,228.6313934326172,228.7100067138672,267609
2025-08-25 13:52:00+00:00,228.7100067138672,228.92990112304688,228.7100067138672,228.73939514160156,126608
2025-08-25 13:53:00+00:00,228.74000549316406,228.74000549316406,228.5,228.56500244140625,93356
2025-08-25 13:54:00+00:00,228.5399932861328,228.56500244140625,228.32000732421875,228.44000244140625,84729
2025-08-25 13:55:00+00:00,228.4199981689453,228.94000244140625,228.3699951171875,228.74000549316406,154080
2025-08-25 13:56:00+00:00,228.75,228.99000549316406,228.6199951171875,228.97000122070312,142084
2025-08-25 13:57:00+00:00,228.97940063476562,229.0,228.75,228.88040161132812,87829
2025-08-25 13:58:00+00:00,228.89500427246094,228.89500427246094,228.52000427246094,228.7100067138672,107862
2025-08-25 13:59:00+00:00,228.67999267578125,228.72999572753906,228.48919677734375,228.56500244140625,101965
2025-08-25 14:00:00+00:00,228.57000732421875,228.80999755859375,228.55499267578125,228.6649932861328,101506
2025-08-25 14:01:00+00:00,228.64999389648438,228.64999389648438,228.41000366210938,228.44000244140625,79910
2025-08-25 14:02:00+00:00,228.44000244140625,228.47999572753906,228.2899932861328,228.44500732421875,124664
2025-08-25 14:03:00+00:00,228.44000244140625,228.47999572753906,228.25,228.27000427246094,177130
2025-08-25 14:04:00+00:00,228.27999877929688,228.59930419921875,228.26690673828125,228.58009338378906,100032
2025-08-25 14:05:00+00:00,228.5800018310547,228.75439453125,228.5,228.72000122070312,99075
2025-08-25 14:06:00+00:00,228.72000122070312,228.97999572753906,228.72000122070312,228.92950439453125,118505
2025-08-25 14:07:00+00:00,228.9250030517578,229.02499389648438,228.86000061035156,229.02499389648438,125750
2025-08-25 14:08:00+00:00,229.0207061767578,229.1199951171875,228.8446044921875,228.91920471191406,129436
2025-08-25 14:09:00+00:00,228.9199981689453,228.97999572753906,228.80999755859375,228.8699951171875,101273
2025-08-25 14:10:00+00:00,228.8699951171875,228.9199981689453,228.4199981689453,228.50999450683594,118522
2025-08-25 14:11:00+00:00,228.52000427246094,228.52000427246094,228.30999755859375,228.3300018310547,92391
2025-08-25 14:12:00+00:00,228.33509826660156,228.5198974609375,228.33509826660156,228.37179565429688,66047
2025-08-25 14:13:00+00:00,228.38999938964844,228.40960693359375,228.27000427246094,228.2949981689453,64645
2025-08-25 14:14:00+00:00,228.3000030517578,228.5290069580078,228.3000030517578,228.33340454101562,55136
2025-08-25 14:15:00+00:00,228.31500244140625,228.45989990234375,228.31260681152344,228.33999633789062,43663
2025-08-25 14:16:00+00:00,228.3699951171875,228.44000244140625,228.08999633789062,228.35989379882812,198193
2025-08-25 14:17:00+00:00,228.35000610351562,228.47999572753906,228.14999389648438,228.24000549316406,155953
2025-08-25 14:18:00+00:00,228.23989868164062,228.41029357910156,228.22999572753906,228.41000366210938,91616
2025-08-25 14:19:00+00:00,228.41000366210938,228.63999938964844,228.3699951171875,228.37939453125,102999
2025-08-25 14:20:00+00:00,228.3699951171875,228.5373992919922,228.34970092773438,228.35000610351562,67564
2025-08-25 14:21:00+00:00,228.35000610351562,228.62989807128906,228.3300018310547,228.55999755859375,75413
2025-08-25 14:22:00+00:00,228.5800018310547,228.80999755859375,228.57000732421875,228.8000030517578,73495
2025-08-25 14:23:00+00:00,228.8137969970703,228.85000610351562,228.6699981689453,228.8300018310547,88872
2025-08-25 14:24:00+00:00,228.8300018310547,229.0800018310547,228.7899932861328,229.0399932861328,91264
2025-08-25 14:25:00+00:00,229.02999877929688,229.02999877929688,228.64999389648438,228.72999572753906,88967
2025-08-25 14:26:00+00:00,228.74000549316406,228.8699951171875,228.69009399414062,228.7100067138672,52880
2025-08-25 14:27:00+00:00,228.7100067138672,228.97000122070312,228.67999267578125,228.85000610351562,52543
2025-08-25 14:28:00+00:00,228.8699951171875,228.97120666503906,228.86000061035156,228.89999389648438,69533
2025-08-25 14:29:00+00:00,228.9075927734375,228.91000366210938,228.7550048828125,228.80999755859375,86668
2025-08-25 14:30:00+00:00,228.77000427246094,228.77000427246094,228.5500030517578,228.6199951171875,58288
2025-08-25 14:31:00+00:00,228.6300048828125,228.6300048828125,228.42999267578125,228.47500610351562,472316
2025-08-25 14:32:00+00:00,228.47999572753906,228.61000061035156,228.4600067138672,228.52999877929688,55944
2025-08-25 14:33:00+00:00,228.52999877929688,228.6815948486328,228.5283966064453,228.6750030517578,48971
2025-08-25 14:34:00+00:00,228.6815948486328,228.6815948486328,228.4403076171875,228.58999633789062,62701
2025-08-25 14:35:00+00:00,228.57009887695312,228.72000122070312,228.52499389648438,228.5850067138672,78332
2025-08-25 14:36:00+00:00,228.5850067138672,228.65750122070312,228.47000122070312,228.5800018310547,67502
2025-08-25 14:37:00+00:00,228.5800018310547,228.67999267578125,228.55999755859375,228.6199951171875,61486
2025-08-25 14:38:00+00:00,228.6199951171875,228.63299560546875,228.44000244140625,228.47999572753906,58985
2025-08-25 14:39:00+00:00,228.47000122070312,228.57000732421875,228.39500427246094,228.44000244140625,50265
2025-08-25 14:40:00+00:00,228.42999267578125,228.44000244140625,228.32000732421875,228.38999938964844,62912
2025-08-25 14:41:00+00:00,228.4199981689453,228.5998992919922,228.4199981689453,228.52999877929688,53973
2025-08-25 14:42:00+00:00,228.52999877929688,228.6396026611328,228.49009704589844,228.52000427246094,83446
2025-08-25 14:43:00+00:00,228.50999450683594,228.5137939453125,228.33999633789062,228.33999633789062,64909
2025-08-25 14:44:00+00:00,228.3699951171875,228.4199981689453,228.3000030517578,228.35499572753906,120202
2025-08-25 14:45:00+00:00,228.35000610351562,228.43499755859375,228.2899932861328,228.40499877929688,69812
2025-08-25 14:46:00+00:00,228.42860412597656,228.86000061035156,228.4149932861328,228.86000061035156,79082
2025-08-25 14:47:00+00:00,228.8699951171875,229.0,228.6999969482422,229.0,90730
2025-08-25 14:48:00+00:00,228.9600067138672,229.2100067138672,228.95010375976562,229.05499267578125,175440
2025-08-25 14:49:00+00:00,229.05499267578125,229.24000549316406,229.0301055908203,229.22500610351562,100302
2025-08-25 14:50:00+00:00,229.22000122070312,229.22000122070312,228.91900634765625,229.04429626464844,81497
2025-08-25 14:51:00+00:00,229.04010009765625,229.17999267578125,229.01499938964844,229.17999267578125,64002
2025-08-25 14:52:00+00:00,229.19000244140625,229.19000244140625,229.01260375976562,229.0399932861328,62063
2025-08-25 14:53:00+00:00,229.0500030517578,229.07139587402344,228.91119384765625,228.96499633789062,66174
2025-08-25 14:54:00+00:00,228.95120239257812,229.0399932861328,228.9445037841797,228.95559692382812,53919
2025-08-25 14:55:00+00:00,228.94000244140625,229.01190185546875,228.85499572753906,228.85499572753906,67539
2025-08-25 14:56:00+00:00,228.8699951171875,229.0500030517578,228.8699951171875,228.99000549316406,66333
2025-08-25 14:57:00+00:00,229.0,229.03500366210938,228.71060180664062,228.79010009765625,87376
2025-08-25 14:58:00+00:00,228.80999755859375,228.97000122070312,228.8000030517578,228.89599609375,50043
2025-08-25 14:59:00+00:00,228.89500427246094,228.97500610351562,228.84500122070312,228.92999267578125,47706
2025-08-25 15:00:00+00:00,228.92999267578125,228.9499969482422,228.85000610351562,228.92999267578125,55500
2025-08-25 15:01:00+00:00,228.9199981689453,228.9199981689453,228.8350067138672,228.85809326171875,49568
2025-08-25 15:02:00+00:00,228.84500122070312,228.9698944091797,228.80999755859375,228.9600067138672,42464
2025-08-25 15:03:00+00:00,228.9506072998047,228.99000549316406,228.83859252929688,228.83999633789062,82020
2025-08-25 15:04:00+00:00,228.8300018310547,229.01629638671875,228.8300018310547,229.01629638671875,67495
2025-08-25 15:05:00+00:00,229.02000427246094,229.10989379882812,228.92999267578125,229.0399932861328,104633
2025-08-25 15:06:00+00:00,229.0500030517578,229.1699981689453,229.0399932861328,229.08999633789062,39744
2025-08-25 15:07:00+00:00,229.10000610351562,229.1300048828125,228.9949951171875,229.00999450683594,37096
2025-08-25 15:08:00+00:00,228.99000549316406,228.99000549316406,228.52999877929688,228.57000732421875,92346
2025-08-25 15:09:00+00:00,228.57000732421875,229.05999755859375,228.46009826660156,228.75,233136
2025-08-25 15:10:00+00:00,228.74009704589844,229.19000244140625,228.6300048828125,228.75999450683594,200964
2025-08-25 15:11:00+00:00,228.77999877929688,228.9250030517578,228.67999267578125,228.9250030517578,54348
2025-08-25 15:12:00+00:00,228.9199981689453,228.94749450683594,228.86000061035156,228.86770629882812,32167
2025-08-25 15:13:00+00:00,228.8800048828125,228.89999389648438,228.77999877929688,228.84170532226562,45264
2025-08-25 15:14:00+00:00,228.83999633789062,228.85499572753906,228.77499389648438,228.80999755859375,31970
2025-08-25 15:15:00+00:00,228.80999755859375,228.85000610351562,228.6199951171875,228.72979736328125,53129
2025-08-25 15:16:00+00:00,228.74000549316406,228.86000061035156,228.74000549316406,228.83999633789062,31709
2025-08-25 15:17:00+00:00,228.8249969482422,228.8350067138672,228.77999877929688,228.80189514160156,30602
2025-08-25 15:18:00+00:00,228.80499267578125,228.80499267578125,228.6999969482422,228.75,33428
2025-08-25 15:19:00+00:00,228.75999450683594,228.889892578125,228.75010681152344,228.88499450683594,42757
2025-08-25 15:20:00+00:00,228.88999938964844,228.97999572753906,228.86000061035156,228.97540283203125,43693
2025-08-25 15:21:00+00:00,228.97000122070312,229.0200958251953,228.9600067138672,228.99000549316406,43562
2025-08-25 15:22:00+00:00,229.0,229.0,228.86000061035156,228.88999938964844,36547
2025-08-25 15:23:00+00:00,228.86000061035156,228.9257049560547,228.86000061035156,228.91000366210938,23764
2025-08-25 15:24:00+00:00,228.89999389648438,228.91000366210938,228.7700958251953,228.7899932861328,37029
2025-08-25 15:25:00+00:00,228.77999877929688,228.80999755859375,228.72000122070312,228.78500366210938,39257
2025-08-25 15:26:00+00:00,228.78990173339844,228.78990173339844,228.70419311523438,228.74000549316406,51736
2025-08-25 15:27:00+00:00,228.7449951171875,228.80999755859375,228.72999572753906,228.77999877929688,40299
2025-08-25 15:28:00+00:00,228.75900268554688,228.75999450683594,228.60740661621094,228.61000061035156,40451
2025-08-25 15:29:00+00:00,228.6199951171875,228.6199951171875,228.5500030517578,228.56500244140625,39328
2025-08-25 15:30:00+00:00,228.57000732421875,228.60000610351562,228.52760314941406,228.58999633789062,41149
2025-08-25 15:31:00+00:00,228.58999633789062,228.6199951171875,228.543701171875,228.59629821777344,51823
2025-08-25 15:32:00+00:00,228.57000732421875,228.5800018310547,228.50999450683594,228.5157928466797,45032
2025-08-25 15:33:00+00:00,228.50999450683594,228.6300048828125,228.50010681152344,228.62770080566406,41133
2025-08-25 15:34:00+00:00,228.63299560546875,228.63499450683594,228.5102996826172,228.58999633789062,34337
2025-08-25 15:35:00+00:00,228.5749969482422,228.69000244140625,228.52000427246094,228.55999755859375,37633
2025-08-25 15:36:00+00:00,228.5500030517578,228.67999267578125,228.5500030517578,228.6699981689453,30906
2025-08-25 15:37:00+00:00,228.66000366210938,228.66000366210938,228.60000610351562,228.61500549316406,32829
2025-08-25 15:38:00+00:00,228.625,228.7899932861328,228.625,228.7899932861328,42049
2025-08-25 15:39:00+00:00,228.7899932861328,228.81979370117188,228.7550048828125,228.81689453125,40589
2025-08-25 15:40:00+00:00,228.80999755859375,228.8800048828125,228.6999969482422,228.7534942626953,67628
2025-08-25 15:41:00+00:00,228.75,228.77499389648438,228.6699981689453,228.73680114746094,58526
2025-08-25 15:42:00+00:00,228.74000549316406,228.9499969482422,228.73500061035156,228.94009399414062,62183
2025-08-25 15:43:00+00:00,228.92999267578125,228.98500061035156,228.9199981689453,228.9593048095703,58036
2025-08-25 15:44:00+00:00,228.9550018310547,229.05999755859375,228.9199981689453,229.0500030517578,48813
2025-08-25 15:45:00+00:00,229.0500030517578,229.08999633789062,229.02000427246094,229.02499389648438,36901
2025-08-25 15:46:00+00:00,229.02499389648438,229.0500030517578,228.94839477539062,229.02859497070312,42997
2025-08-25 15:47:00+00:00,229.02999877929688,229.03500366210938,228.9600067138672,229.00999450683594,29729
2025-08-25 15:48:00+00:00,229.00999450683594,229.0449981689453,228.9600067138672,228.9600067138672,44480
2025-08-25 15:49:00+00:00,228.9600067138672,228.99000549316406,228.94000244140625,228.99000549316406,34417
2025-08-25 15:50:00+00:00,228.99000549316406,229.2050018310547,228.97500610351562,229.19000244140625,52933
2025-08-25 15:51:00+00:00,229.1804962158203,229.25999450683594,229.11000061035156,229.25,59379
2025-08-25 15:52:00+00:00,229.25160217285156,229.28500366210938,229.12840270996094,229.13999938964844,54074
2025-08-25 15:53:00+00:00,229.16000366210938,229.21499633789062,229.1199951171875,229.1199951171875,30389
2025-08-25 15:54:00+00:00,229.1199951171875,229.14500427246094,229.0644989013672,229.0644989013672,40580
2025-08-25 15:55:00+00:00,229.0500946044922,229.17999267578125,229.0500946044922,229.125,41763
2025-08-25 15:56:00+00:00,229.1199951171875,229.1300048828125,229.0399932861328,229.07000732421875,41940
2025-08-25 15:57:00+00:00,229.0399932861328,229.17849731445312,229.0399932861328,229.1649932861328,36553
2025-08-25 15:58:00+00:00,229.1649932861328,229.25999450683594,229.1649932861328,229.25,32325
2025-08-25 15:59:00+00:00,229.24000549316406,229.3000030517578,229.16000366210938,229.16000366210938,41512
2025-08-25 16:00:00+00:00,229.14999389648438,229.17999267578125,229.0800018310547,229.1636962890625,40833
2025-08-25 16:01:00+00:00,229.14999389648438,229.1750030517578,229.0850067138672,229.0850067138672,43173
2025-08-25 16:02:00+00:00,229.0850067138672,229.10499572753906,229.0363006591797,229.10499572753906,36185
2025-08-25 16:03:00+00:00,229.09500122070312,229.09500122070312,228.99000549316406,229.02999877929688,45676
2025-08-25 16:04:00+00:00,229.0,229.02000427246094,228.9550018310547,229.0019989013672,33597
2025-08-25 16:05:00+00:00,229.00999450683594,229.03500366210938,228.96499633789062,229.0301055908203,33822
2025-08-25 16:06:00+00:00,229.0399932861328,229.05499267578125,228.95010375976562,228.99000549316406,51929
2025-08-25 16:07:00+00:00,228.98089599609375,228.99000549316406,228.9250030517578,228.9499969482422,45200
2025-08-25 16:08:00+00:00,228.95120239257812,228.99000549316406,228.92999267578125,228.97000122070312,33974
2025-08-25 16:09:00+00:00,228.97000122070312,228.97999572753906,228.86000061035156,228.88999938964844,35079
2025-08-25 16:10:00+00:00,228.8699951171875,228.88999938964844,228.77999877929688,228.7949981689453,35644
2025-08-25 16:11:00+00:00,228.7946014404297,228.7946014404297,228.76499938964844,228.76499938964844,30032
2025-08-25 16:12:00+00:00,228.77000427246094,228.77999877929688,228.66079711914062,228.75,54927
2025-08-25 16:13:00+00:00,228.75,228.75160217285156,228.66000366210938,228.6649932861328,28959
2025-08-25 16:14:00+00:00,228.65499877929688,228.68310546875,228.6300048828125,228.6699981689453,29908
2025-08-25 16:15:00+00:00,228.6699981689453,228.75,228.6645965576172,228.7050018310547,36165
2025-08-25 16:16:00+00:00,228.69000244140625,228.69500732421875,228.63999938964844,228.67999267578125,44608
2025-08-25 16:17:00+00:00,228.67010498046875,228.67010498046875,228.625,228.6300048828125,27066
2025-08-25 16:18:00+00:00,228.61839294433594,228.6750030517578,228.610107421875,228.64999389648438,28978
2025-08-25 16:19:00+00:00,228.64999389648438,228.656005859375,228.5500030517578,228.60899353027344,56475
2025-08-25 16:20:00+00:00,228.61000061035156,228.64999389648438,228.58279418945312,228.61500549316406,28894
2025-08-25 16:21:00+00:00,228.6199951171875,228.63499450683594,228.5749969482422,228.61000061035156,28305
2025-08-25 16:22:00+00:00,228.61500549316406,228.6199951171875,228.55499267578125,228.5800018310547,26532
2025-08-25 16:23:00+00:00,228.58999633789062,228.6199951171875,228.55999755859375,228.5749969482422,24420
2025-08-25 16:24:00+00:00,228.57000732421875,228.61500549316406,228.56919860839844,228.58999633789062,33633
2025-08-25 16:25:00+00:00,228.5800018310547,228.69000244140625,228.55999755859375,228.6531982421875,46476
2025-08-25 16:26:00+00:00,228.66000366210938,228.7550048828125,228.6510009765625,228.7449951171875,28559
2025-08-25 16:27:00+00:00,228.74000549316406,228.74000549316406,228.67999267578125,228.69000244140625,31793
2025-08-25 16:28:00+00:00,228.69000244140625,228.6999969482422,228.64999389648438,228.69000244140625,41109
2025-08-25 16:29:00+00:00,228.69000244140625,228.6999053955078,228.51499938964844,228.5399932861328,52642
2025-08-25 16:30:00+00:00,228.5399932861328,228.5449981689453,228.5,228.52999877929688,26726
2025-08-25 16:31:00+00:00,228.53460693359375,228.53500366210938,228.42999267578125,228.49420166015625,49296
2025-08-25 16:32:00+00:00,228.5,228.52499389648438,228.39999389648438,228.4250030517578,63360
2025-08-25 16:33:00+00:00,228.42999267578125,228.43719482421875,228.3780059814453,228.41000366210938,41571
2025-08-25 16:34:00+00:00,228.40499877929688,228.4293975830078,228.35000610351562,228.38999938964844,36764
2025-08-25 16:35:00+00:00,228.41000366210938,228.49000549316406,228.40370178222656,228.4600067138672,40888
2025-08-25 16:36:00+00:00,228.4550018310547,228.52999877929688,228.42999267578125,228.47030639648438,33283
2025-08-25 16:37:00+00:00,228.47000122070312,228.47000122070312,228.38800048828125,228.38800048828125,24893
2025-08-25 16:38:00+00:00,228.39840698242188,228.39999389648438,228.3477020263672,228.35000610351562,24668
2025-08-25 16:39:00+00:00,228.36000061035156,228.47500610351562,228.36000061035156,228.4550018310547,26522
2025-08-25 16:40:00+00:00,228.46499633789062,228.47000122070312,228.41000366210938,228.43499755859375,39739
2025-08-25 16:41:00+00:00,228.43190002441406,228.49000549316406,228.4199981689453,228.47000122070312,27936
2025-08-25 16:42:00+00:00,228.4600067138672,228.50990295410156,228.4600067138672,228.48500061035156,25422
2025-08-25 16:43:00+00:00,228.49000549316406,228.5166015625,228.47000122070312,228.5106964111328,26677
2025-08-25 16:44:00+00:00,228.51499938964844,228.52000427246094,228.44009399414062,228.5198974609375,43187
2025-08-25 16:45:00+00:00,228.52000427246094,228.59640502929688,228.52000427246094,228.58999633789062,45635
2025-08-25 16:46:00+00:00,228.59500122070312,228.59719848632812,228.5500030517578,228.59500122070312,28908
2025-08-25 16:47:00+00:00,228.60000610351562,228.6199951171875,228.58999633789062,228.59500122070312,26056
2025-08-25 16:48:00+00:00,228.59190368652344,228.59620666503906,228.47000122070312,228.50999450683594,50653
2025-08-25 16:49:00+00:00,228.51499938964844,228.55499267578125,228.5,228.5050048828125,18537
2025-08-25 16:50:00+00:00,228.5,228.52999877929688,228.44000244140625,228.4492950439453,37758
2025-08-25 16:51:00+00:00,228.44500732421875,228.47000122070312,228.38499450683594,228.44000244140625,29292
2025-08-25 16:52:00+00:00,228.44000244140625,228.47000122070312,228.41000366210938,228.44000244140625,30361
2025-08-25 16:53:00+00:00,228.44500732421875,228.4949951171875,228.43800354003906,228.46499633789062,25105
2025-08-25 16:54:00+00:00,228.4600067138672,228.51499938964844,228.44000244140625,228.4528045654297,50922
2025-08-25 16:55:00+00:00,228.4499969482422,228.47030639648438,228.4066925048828,228.4550018310547,26364
2025-08-25 16:56:00+00:00,228.451904296875,228.5998992919922,228.44000244140625,228.59010314941406,35197
2025-08-25 16:57:00+00:00,228.59190368652344,228.64830017089844,228.59190368652344,228.63580322265625,33918
2025-08-25 16:58:00+00:00,228.635498046875,228.635498046875,228.5449981689453,228.5500030517578,52567
2025-08-25 16:59:00+00:00,228.5500030517578,228.5500030517578,228.5,228.5050048828125,25908
2025-08-25 17:00:00+00:00,228.5050048828125,228.52000427246094,228.47000122070312,228.47500610351562,37682
2025-08-25 17:01:00+00:00,228.47500610351562,228.5449981689453,228.44509887695312,228.5050048828125,34012
2025-08-25 17:02:00+00:00,228.52000427246094,228.62989807128906,228.52000427246094,228.5948944091797,31759
2025-08-25 17:03:00+00:00,228.5850067138672,228.5950927734375,228.52000427246094,228.52000427246094,24529
2025-08-25 17:04:00+00:00,228.5399932861328,228.55999755859375,228.44000244140625,228.5500030517578,83437
2025-08-25 17:05:00+00:00,228.5449981689453,228.60499572753906,228.42999267578125,228.44000244140625,48049
2025-08-25 17:06:00+00:00,228.44000244140625,228.53509521484375,228.44000244140625,228.5050048828125,34124
2025-08-25 17:07:00+00:00,228.50990295410156,228.50990295410156,228.39999389648438,228.43499755859375,33850
2025-08-25 17:08:00+00:00,228.4322967529297,228.5198974609375,228.4322967529297,228.51499938964844,37454
2025-08-25 17:09:00+00:00,228.5218963623047,228.63510131835938,228.47999572753906,228.63510131835938,36910
2025-08-25 17:10:00+00:00,228.6300048828125,228.66580200195312,228.60000610351562,228.64999389648438,36607
2025-08-25 17:11:00+00:00,228.64999389648438,228.6750030517578,228.61000061035156,228.65969848632812,37597
2025-08-25 17:12:00+00:00,228.66000366210938,228.67860412597656,228.60000610351562,228.60000610351562,35909
2025-08-25 17:13:00+00:00,228.61000061035156,228.68499755859375,228.61000061035156,228.64999389648438,31051
2025-08-25 17:14:00+00:00,228.64999389648438,228.67999267578125,228.61000061035156,228.63499450683594,36934
2025-08-25 17:15:00+00:00,228.6300048828125,228.66000366210938,228.5800018310547,228.60499572753906,38020
2025-08-25 17:16:00+00:00,228.60499572753906,228.64259338378906,228.55999755859375,228.63999938964844,36959
2025-08-25 17:17:00+00:00,228.63839721679688,228.68649291992188,228.6300048828125,228.64999389648438,30813
2025-08-25 17:18:00+00:00,228.64999389648438,228.67999267578125,228.64010620117188,228.64349365234375,25305
2025-08-25 17:19:00+00:00,228.63999938964844,228.72999572753906,228.6300048828125,228.72999572753906,32485
2025-08-25 17:20:00+00:00,228.72999572753906,228.73500061035156,228.64999389648438,228.6649932861328,44884
2025-08-25 17:21:00+00:00,228.67999267578125,228.72999572753906,228.67999267578125,228.72000122070312,46512
2025-08-25 17:22:00+00:00,228.72000122070312,228.75999450683594,228.7050018310547,228.71499633789062,45740
2025-08-25 17:23:00+00:00,228.71580505371094,228.71580505371094,228.47000122070312,228.5399932861328,111725
2025-08-25 17:24:00+00:00,228.55499267578125,228.5998992919922,228.50999450683594,228.58999633789062,67660
2025-08-25 17:25:00+00:00,228.57000732421875,228.58999633789062,228.47439575195312,228.5050048828125,20590
2025-08-25 17:26:00+00:00,228.5050048828125,228.50999450683594,228.39999389648438,228.41000366210938,41375
2025-08-25 17:27:00+00:00,228.4149932861328,228.4149932861328,228.32000732421875,228.36000061035156,65316
2025-08-25 17:28:00+00:00,228.36709594726562,228.375,228.32000732421875,228.3249969482422,82745
2025-08-25 17:29:00+00:00,228.3300018310547,228.4600067138672,228.3300018310547,228.43499755859375,37381
2025-08-25 17:30:00+00:00,228.43499755859375,228.5800018310547,228.4199981689453,228.5301055908203,40313
2025-08-25 17:31:00+00:00,228.52999877929688,228.52999877929688,228.48500061035156,228.5050048828125,28966
2025-08-25 17:32:00+00:00,228.50999450683594,228.58999633789062,228.50999450683594,228.55999755859375,32755
2025-08-25 17:33:00+00:00,228.55499267578125,228.60000610351562,228.5500030517578,228.58999633789062,228591
2025-08-25 17:34:00+00:00,228.5850067138672,228.61000061035156,228.57000732421875,228.59500122070312,41192
2025-08-25 17:35:00+00:00,228.59500122070312,228.60989379882812,228.4600067138672,228.47579956054688,49342
2025-08-25 17:36:00+00:00,228.47000122070312,228.5800018310547,228.4499969482422,228.47500610351562,35055
2025-08-25 17:37:00+00:00,228.47740173339844,228.47740173339844,228.36000061035156,228.42999267578125,43109
2025-08-25 17:38:00+00:00,228.44000244140625,228.58230590820312,228.44000244140625,228.57029724121094,37387
2025-08-25 17:39:00+00:00,228.57000732421875,228.6300048828125,228.56500244140625,228.61050415039062,29478
2025-08-25 17:40:00+00:00,228.57000732421875,228.5749969482422,228.47000122070312,228.49000549316406,40814
2025-08-25 17:41:00+00:00,228.49000549316406,228.50999450683594,228.4199981689453,228.4499969482422,27657
2025-08-25 17:42:00+00:00,228.44000244140625,228.5399932861328,228.42999267578125,228.5399932861328,26604
2025-08-25 17:43:00+00:00,228.52859497070312,228.57000732421875,228.47000122070312,228.47999572753906,35612
2025-08-25 17:44:00+00:00,228.47779846191406,228.52999877929688,228.4499969482422,228.50999450683594,28770
2025-08-25 17:45:00+00:00,228.5399932861328,228.65499877929688,228.52000427246094,228.5800018310547,57846
2025-08-25 17:46:00+00:00,228.58999633789062,228.58999633789062,228.4199981689453,228.46139526367188,31670
2025-08-25 17:47:00+00:00,228.4600067138672,228.5050048828125,228.44500732421875,228.47000122070312,28359
2025-08-25 17:48:00+00:00,228.46499633789062,228.52000427246094,228.4550018310547,228.5050048828125,31412
2025-08-25 17:49:00+00:00,228.49000549316406,228.52999877929688,228.44000244140625,228.48289489746094,39650
2025-08-25 17:50:00+00:00,228.47999572753906,228.51499938964844,228.44500732421875,228.4550018310547,40985
2025-08-25 17:51:00+00:00,228.4600067138672,228.53500366210938,228.4499969482422,228.50999450683594,39030
2025-08-25 17:52:00+00:00,228.50999450683594,228.5500030517578,228.44000244140625,228.49000549316406,37031
2025-08-25 17:53:00+00:00,228.4967041015625,228.50990295410156,228.4600067138672,228.49000549316406,30952
2025-08-25 17:54:00+00:00,228.47999572753906,228.4949951171875,228.447998046875,228.49000549316406,43535
2025-08-25 17:55:00+00:00,228.48500061035156,228.49000549316406,228.35000610351562,228.3802032470703,42918
2025-08-25 17:56:00+00:00,228.3800048828125,228.4499969482422,228.36000061035156,228.41099548339844,34450
2025-08-25 17:57:00+00:00,228.39500427246094,228.4149932861328,228.3509979248047,228.36000061035156,30071
2025-08-25 17:58:00+00:00,228.35000610351562,228.38059997558594,228.35000610351562,228.3699951171875,27269
2025-08-25 17:59:00+00:00,228.3800048828125,228.38499450683594,228.26499938964844,228.30499267578125,56850
2025-08-25 18:00:00+00:00,228.30999755859375,228.37109375,228.2949981689453,228.32760620117188,50960
2025-08-25 18:01:00+00:00,228.3249969482422,228.3350067138672,228.27029418945312,228.2899932861328,69774
2025-08-25 18:02:00+00:00,228.28500366210938,228.30999755859375,228.19500732421875,228.1999969482422,66979
2025-08-25 18:03:00+00:00,228.2100067138672,228.22979736328125,228.16000366210938,228.19000244140625,49043
2025-08-25 18:04:00+00:00,228.19000244140625,228.19720458984375,228.14019775390625,228.15499877929688,29564
2025-08-25 18:05:00+00:00,228.15499877929688,228.1558074951172,228.09500122070312,228.09500122070312,44448
2025-08-25 18:06:00+00:00,228.10000610351562,228.16000366210938,228.0800018310547,228.11000061035156,51583
2025-08-25 18:07:00+00:00,228.11000061035156,228.13999938964844,228.08999633789062,228.08999633789062,38717
2025-08-25 18:08:00+00:00,228.08999633789062,228.16000366210938,228.0850067138672,228.13499450683594,34271
2025-08-25 18:09:00+00:00,228.1300048828125,228.19500732421875,228.11419677734375,228.19500732421875,42125
2025-08-25 18:10:00+00:00,228.17970275878906,228.22000122070312,228.16000366210938,228.21009826660156,42716
2025-08-25 18:11:00+00:00,228.22000122070312,228.25999450683594,228.16099548339844,228.19000244140625,98759
2025-08-25 18:12:00+00:00,228.19000244140625,228.2449951171875,228.14999389648438,228.15029907226562,36282
2025-08-25 18:13:00+00:00,228.16000366210938,228.1907958984375,228.1199951171875,228.13499450683594,32694
2025-08-25 18:14:00+00:00,228.13499450683594,228.1898956298828,228.1300048828125,228.14990234375,38366
2025-08-25 18:15:00+00:00,228.14999389648438,228.15499877929688,228.0500030517578,228.06460571289062,37905
2025-08-25 18:16:00+00:00,228.05999755859375,228.05999755859375,227.91940307617188,227.94000244140625,70604
2025-08-25 18:17:00+00:00,227.94500732421875,227.9949951171875,227.92010498046875,227.9600067138672,41833
2025-08-25 18:18:00+00:00,227.9499969482422,227.99000549316406,227.9199981689453,227.9600067138672,62080
2025-08-25 18:19:00+00:00,227.95069885253906,227.96499633789062,227.89999389648438,227.92990112304688,28818
2025-08-25 18:20:00+00:00,227.9199981689453,227.9250946044922,227.83999633789062,227.88999938964844,57822
2025-08-25 18:21:00+00:00,227.88499450683594,227.92999267578125,227.8800048828125,227.9199981689453,41348
2025-08-25 18:22:00+00:00,227.92990112304688,227.93499755859375,227.8300018310547,227.8800048828125,59131
2025-08-25 18:23:00+00:00,227.89500427246094,227.9600067138672,227.8800048828125,227.9600067138672,28908
2025-08-25 18:24:00+00:00,227.94000244140625,227.95140075683594,227.89999389648438,227.91990661621094,33534
2025-08-25 18:25:00+00:00,227.9199981689453,227.94500732421875,227.88999938964844,227.89999389648438,20067
2025-08-25 18:26:00+00:00,227.88999938964844,227.89500427246094,227.82000732421875,227.8699951171875,55408
2025-08-25 18:27:00+00:00,227.875,227.875,227.77000427246094,227.77000427246094,42806
2025-08-25 18:28:00+00:00,227.77000427246094,227.86000061035156,227.74000549316406,227.84500122070312,52826
2025-08-25 18:29:00+00:00,227.8699951171875,227.9199981689453,227.86500549316406,227.88499450683594,27859
2025-08-25 18:30:00+00:00,227.875,227.90499877929688,227.86000061035156,227.86000061035156,25529
2025-08-25 18:31:00+00:00,227.86500549316406,227.87010192871094,227.8000030517578,227.83999633789062,52248
2025-08-25 18:32:00+00:00,227.83999633789062,227.86000061035156,227.7949981689453,227.80999755859375,39552
2025-08-25 18:33:00+00:00,227.8000030517578,227.80999755859375,227.7449951171875,227.75999450683594,28496
2025-08-25 18:34:00+00:00,227.75,227.7550048828125,227.62359619140625,227.65499877929688,44001
2025-08-25 18:35:00+00:00,227.65020751953125,227.71499633789062,227.65020751953125,227.69000244140625,32420
2025-08-25 18:36:00+00:00,227.6999969482422,227.71499633789062,227.6199951171875,227.6300048828125,55233
2025-08-25 18:37:00+00:00,227.625,227.64999389648438,227.61000061035156,227.61500549316406,56870
2025-08-25 18:38:00+00:00,227.6199951171875,227.64999389648438,227.58999633789062,227.61000061035156,69806
2025-08-25 18:39:00+00:00,227.60000610351562,227.6300048828125,227.5800018310547,227.6199951171875,38200
2025-08-25 18:40:00+00:00,227.6300048828125,227.63499450683594,227.5500030517578,227.55999755859375,73192
2025-08-25 18:41:00+00:00,227.55499267578125,227.64999389648438,227.50999450683594,227.53500366210938,50803
2025-08-25 18:42:00+00:00,227.52999877929688,227.58999633789062,227.5,227.52000427246094,38404
2025-08-25 18:43:00+00:00,227.52999877929688,227.52999877929688,227.47000122070312,227.47999572753906,33577
2025-08-25 18:44:00+00:00,227.48500061035156,227.5399932861328,227.47999572753906,227.52499389648438,49964
2025-08-25 18:45:00+00:00,227.52000427246094,227.52000427246094,227.44500732421875,227.47999572753906,59300
2025-08-25 18:46:00+00:00,227.48500061035156,227.5399932861328,227.48500061035156,227.52000427246094,42339
2025-08-25 18:47:00+00:00,227.50999450683594,227.57000732421875,227.47999572753906,227.56500244140625,39213
2025-08-25 18:48:00+00:00,227.57839965820312,227.5800018310547,227.50999450683594,227.54989624023438,40639
2025-08-25 18:49:00+00:00,227.5449981689453,227.6300048828125,227.5303955078125,227.6300048828125,42471
2025-08-25 18:50:00+00:00,227.6199951171875,227.6999969482422,227.6199951171875,227.64999389648438,92314
2025-08-25 18:51:00+00:00,227.63999938964844,227.64999389648438,227.61000061035156,227.61500549316406,33790
2025-08-25 18:52:00+00:00,227.61500549316406,227.66000366210938,227.58999633789062,227.66000366210938,35199
2025-08-25 18:53:00+00:00,227.6510009765625,227.6510009765625,227.5800018310547,227.625,34337
2025-08-25 18:54:00+00:00,227.61000061035156,227.61000061035156,227.5,227.52999877929688,41338
2025-08-25 18:55:00+00:00,227.54580688476562,227.57000732421875,227.50010681152344,227.5500030517578,28331
2025-08-25 18:56:00+00:00,227.55499267578125,227.6300048828125,227.52999877929688,227.6300048828125,40005
2025-08-25 18:57:00+00:00,227.6300048828125,227.65499877929688,227.6199951171875,227.62989807128906,29505
2025-08-25 18:58:00+00:00,227.625,227.63999938964844,227.5,227.50999450683594,47223
2025-08-25 18:59:00+00:00,227.50999450683594,227.5800018310547,227.4949951171875,227.5500030517578,47083
2025-08-25 19:00:00+00:00,227.5449981689453,227.625,227.5399932861328,227.56500244140625,37593
2025-08-25 19:01:00+00:00,227.5657958984375,227.67999267578125,227.5657958984375,227.6649932861328,29280
2025-08-25 19:02:00+00:00,227.6649932861328,227.6649932861328,227.58999633789062,227.61000061035156,34999
2025-08-25 19:03:00+00:00,227.61500549316406,227.625,227.5500030517578,227.5850067138672,31011
2025-08-25 19:04:00+00:00,227.5850067138672,227.59500122070312,227.5614013671875,227.58999633789062,27610
2025-08-25 19:05:00+00:00,227.58999633789062,227.66000366210938,227.5800018310547,227.66000366210938,37840
2025-08-25 19:06:00+00:00,227.65550231933594,227.71499633789062,227.6417999267578,227.71499633789062,44122
2025-08-25 19:07:00+00:00,227.7100067138672,227.76820373535156,227.69500732421875,227.72500610351562,56245
2025-08-25 19:08:00+00:00,227.7209930419922,227.79989624023438,227.7100067138672,227.76190185546875,44610
2025-08-25 19:09:00+00:00,227.76499938964844,227.8000030517578,227.7534942626953,227.8000030517578,35481
2025-08-25 19:10:00+00:00,227.7949981689453,227.83580017089844,227.7606964111328,227.81849670410156,40492
2025-08-25 19:11:00+00:00,227.81500244140625,227.82000732421875,227.7530059814453,227.75999450683594,47791
2025-08-25 19:12:00+00:00,227.77999877929688,227.7899932861328,227.71499633789062,227.78750610351562,54782
2025-08-25 19:13:00+00:00,227.78500366210938,227.80299377441406,227.75,227.75509643554688,44849
2025-08-25 19:14:00+00:00,227.75,227.77000427246094,227.71499633789062,227.72000122070312,44015
2025-08-25 19:15:00+00:00,227.7100067138672,227.72239685058594,227.6699981689453,227.67999267578125,48421
2025-08-25 19:16:00+00:00,227.68499755859375,227.68499755859375,227.56149291992188,227.5850067138672,60275
2025-08-25 19:17:00+00:00,227.5861053466797,227.6199951171875,227.5500030517578,227.5500030517578,60623
2025-08-25 19:18:00+00:00,227.55499267578125,227.55999755859375,227.52090454101562,227.53500366210938,40621
2025-08-25 19:19:00+00:00,227.5299072265625,227.59500122070312,227.52000427246094,227.58999633789062,55596
2025-08-25 19:20:00+00:00,227.5850067138672,227.61590576171875,227.5644073486328,227.59500122070312,48864
2025-08-25 19:21:00+00:00,227.59500122070312,227.59500122070312,227.5399932861328,227.55999755859375,52603
2025-08-25 19:22:00+00:00,227.55999755859375,227.6199951171875,227.5449981689453,227.61500549316406,44973
2025-08-25 19:23:00+00:00,227.61000061035156,227.62989807128906,227.57000732421875,227.59100341796875,52304
2025-08-25 19:24:00+00:00,227.60499572753906,227.60989379882812,227.57000732421875,227.59019470214844,32071
2025-08-25 19:25:00+00:00,227.59500122070312,227.62649536132812,227.57000732421875,227.610107421875,35969
2025-08-25 19:26:00+00:00,227.6199951171875,227.63999938964844,227.5802001953125,227.63229370117188,44553
2025-08-25 19:27:00+00:00,227.63999938964844,227.69500732421875,227.60000610351562,227.60000610351562,52558
2025-08-25 19:28:00+00:00,227.61000061035156,227.63999938964844,227.5800018310547,227.60499572753906,38534
2025-08-25 19:29:00+00:00,227.60499572753906,227.6699981689453,227.59500122070312,227.59840393066406,41918
2025-08-25 19:30:00+00:00,227.60000610351562,227.63499450683594,227.5399932861328,227.5399932861328,60855
2025-08-25 19:31:00+00:00,227.5399932861328,227.57000732421875,227.5,227.55499267578125,60653
2025-08-25 19:32:00+00:00,227.55999755859375,227.59500122070312,227.52499389648438,227.52499389648438,44919
2025-08-25 19:33:00+00:00,227.52999877929688,227.5850067138672,227.52999877929688,227.56500244140625,42865
2025-08-25 19:34:00+00:00,227.56500244140625,227.5749969482422,227.53500366210938,227.56500244140625,36158
2025-08-25 19:35:00+00:00,227.55999755859375,227.5800018310547,227.5399932861328,227.55780029296875,53814
2025-08-25 19:36:00+00:00,227.55490112304688,227.60000610351562,227.51499938964844,227.52999877929688,56238
2025-08-25 19:37:00+00:00,227.53500366210938,227.5800018310547,227.52000427246094,227.5500030517578,37115
2025-08-25 19:38:00+00:00,227.5500030517578,227.5800018310547,227.52999877929688,227.56500244140625,59193
2025-08-25 19:39:00+00:00,227.56500244140625,227.61000061035156,227.50999450683594,227.60499572753906,65311
2025-08-25 19:40:00+00:00,227.60000610351562,227.6300048828125,227.56019592285156,227.5800018310547,79520
2025-08-25 19:41:00+00:00,227.57000732421875,227.69000244140625,227.57000732421875,227.67100524902344,53064
2025-08-25 19:42:00+00:00,227.6699981689453,227.68099975585938,227.6300048828125,227.66000366210938,65861
2025-08-25 19:43:00+00:00,227.66000366210938,227.69500732421875,227.63999938964844,227.6699981689453,48989
2025-08-25 19:44:00+00:00,227.6750030517578,227.6999969482422,227.63499450683594,227.6999969482422,60184
2025-08-25 19:45:00+00:00,227.7100067138672,227.7100067138672,227.63999938964844,227.6750030517578,63636
2025-08-25 19:46:00+00:00,227.6699981689453,227.67999267578125,227.60499572753906,227.60499572753906,53407
2025-08-25 19:47:00+00:00,227.61000061035156,227.72000122070312,227.58999633789062,227.6300048828125,59276
2025-08-25 19:48:00+00:00,227.6300048828125,227.6300048828125,227.5399932861328,227.59500122070312,54441
2025-08-25 19:49:00+00:00,227.60000610351562,227.64999389648438,227.58999633789062,227.60000610351562,42678
2025-08-25 19:50:00+00:00,227.60000610351562,227.69000244140625,227.5050048828125,227.52000427246094,116508
2025-08-25 19:51:00+00:00,227.5207061767578,227.64500427246094,227.52000427246094,227.6199951171875,131658
2025-08-25 19:52:00+00:00,227.625,227.64999389648438,227.5500030517578,227.625,90609
2025-08-25 19:53:00+00:00,227.625,227.63999938964844,227.47500610351562,227.48500061035156,117327
2025-08-25 19:54:00+00:00,227.47999572753906,227.57000732421875,227.42999267578125,227.49000549316406,142879
2025-08-25 19:55:00+00:00,227.4949951171875,227.5749969482422,227.42999267578125,227.56509399414062,176760
2025-08-25 19:56:00+00:00,227.56500244140625,227.6199951171875,227.47999572753906,227.47999572753906,163365
2025-08-25 19:57:00+00:00,227.47999572753906,227.50999450683594,227.27999877929688,227.30999755859375,245003
2025-08-25 19:58:00+00:00,227.31500244140625,227.34500122070312,227.25999450683594,227.2949981689453,252482
2025-08-25 19:59:00+00:00,227.2949981689453,227.33999633789062,227.1199951171875,227.14999389648438,727696
2025-08-26 13:30:00+00:00,226.8699951171875,227.0,225.97500610351562,226.25999450683594,767979
2025-08-26 13:31:00+00:00,226.27499389648438,226.67999267578125,226.2700958251953,226.44000244140625,147490
2025-08-26 13:32:00+00:00,226.4199981689453,226.7100067138672,226.4199981689453,226.7100067138672,34677
2025-08-26 13:33:00+00:00,227.02000427246094,227.0500030517578,226.9499969482422,226.9499969482422,230901
2025-08-26 13:34:00+00:00,226.9499969482422,226.9499969482422,226.51010131835938,226.61500549316406,114550
2025-08-26 13:35:00+00:00,226.61000061035156,226.63999938964844,226.3800048828125,226.42999267578125,99811
2025-08-26 13:36:00+00:00,226.47000122070312,226.5850067138672,226.25010681152344,226.27000427246094,80519
2025-08-26 13:37:00+00:00,226.27000427246094,226.27999877929688,225.91000366210938,225.97000122070312,121168
2025-08-26 13:38:00+00:00,225.96929931640625,225.99000549316406,225.69000244140625,225.8249969482422,134827
2025-08-26 13:39:00+00:00,225.8300018310547,226.0399932861328,225.72999572753906,225.76409912109375,169579
2025-08-26 13:40:00+00:00,225.75999450683594,225.92999267578125,225.6511993408203,225.8350067138672,123519
2025-08-26 13:41:00+00:00,225.83680725097656,226.0699005126953,225.82000732421875,226.0500030517578,119018
2025-08-26 13:42:00+00:00,226.05419921875,226.14500427246094,225.5500030517578,225.55999755859375,146517
2025-08-26 13:43:00+00:00,225.55380249023438,225.6199951171875,225.39999389648438,225.42999267578125,146750
2025-08-26 13:44:00+00:00,225.42019653320312,225.53990173339844,225.25999450683594,225.3096923828125,152305
2025-08-26 13:45:00+00:00,225.27999877929688,225.30740356445312,225.00999450683594,225.22000122070312,163305
2025-08-26 13:46:00+00:00,225.22000122070312,225.36000061035156,225.15049743652344,225.17999267578125,152603
2025-08-26 13:47:00+00:00,225.22000122070312,225.24000549316406,225.07000732421875,225.17999267578125,113019
2025-08-26 13:48:00+00:00,225.16000366210938,225.32000732421875,225.0426025390625,225.0699005126953,134754
2025-08-26 13:49:00+00:00,225.03990173339844,225.0850067138672,224.72000122070312,224.7449951171875,323601
2025-08-26 13:50:00+00:00,224.73199462890625,225.2216033935547,224.69000244140625,225.0800018310547,204299
2025-08-26 13:51:00+00:00,225.0800018310547,225.32969665527344,225.07009887695312,225.22000122070312,104621
2025-08-26 13:52:00+00:00,225.22500610351562,225.31500244140625,225.1300048828125,225.1999969482422,87283
2025-08-26 13:53:00+00:00,225.21499633789062,225.30999755859375,225.0406951904297,225.2301025390625,169358
2025-08-26 13:54:00+00:00,225.25320434570312,225.35000610351562,225.1699981689453,225.21499633789062,121166
2025-08-26 13:55:00+00:00,225.20069885253906,225.2050018310547,225.0301055908203,225.10000610351562,114551
2025-08-26 13:56:00+00:00,225.10000610351562,225.3000030517578,224.9700927734375,225.15499877929688,93764
2025-08-26 13:57:00+00:00,225.16000366210938,225.4799041748047,225.16000366210938,225.4250030517578,109517
2025-08-26 13:58:00+00:00,225.42999267578125,225.47500610351562,225.25999450683594,225.27499389648438,82593
2025-08-26 13:59:00+00:00,225.27499389648438,225.39500427246094,225.1999969482422,225.25999450683594,80586
2025-08-26 14:00:00+00:00,225.2899932861328,225.4282989501953,225.25,225.2801055908203,128465
2025-08-26 14:01:00+00:00,225.2949981689453,225.8000030517578,225.1300048828125,225.14999389648438,308531
2025-08-26 14:02:00+00:00,225.17999267578125,225.25999450683594,224.8865966796875,225.0749969482422,152874
2025-08-26 14:03:00+00:00,225.0800018310547,225.27999877929688,225.00999450683594,225.27960205078125,92850
2025-08-26 14:04:00+00:00,225.25,225.4499969482422,225.22999572753906,225.4250030517578,158331
2025-08-26 14:05:00+00:00,225.4199981689453,225.52999877929688,225.21499633789062,225.51499938964844,141881
2025-08-26 14:06:00+00:00,225.51499938964844,225.5399932861328,225.20069885253906,225.23500061035156,121094
2025-08-26 14:07:00+00:00,225.22500610351562,225.40989685058594,225.14999389648438,225.3699951171875,125633
2025-08-26 14:08:00+00:00,225.3800048828125,225.54600524902344,225.28500366210938,225.52999877929688,121161
2025-08-26 14:09:00+00:00,225.5399932861328,225.57000732421875,225.38999938964844,225.5,75837
2025-08-26 14:10:00+00:00,225.5,225.64999389648438,225.44000244140625,225.52000427246094,122320
2025-08-26 14:11:00+00:00,225.50999450683594,225.5500030517578,225.32000732421875,225.3623046875,84766
2025-08-26 14:12:00+00:00,225.36500549316406,225.47940063476562,225.28500366210938,225.39500427246094,87434
2025-08-26 14:13:00+00:00,225.3800048828125,225.4949951171875,225.30999755859375,225.4949951171875,64376
2025-08-26 14:14:00+00:00,225.49740600585938,225.73570251464844,225.47999572753906,225.72000122070312,77976
2025-08-26 14:15:00+00:00,225.72000122070312,225.9600067138672,225.69000244140625,225.9600067138672,122959
2025-08-26 14:16:00+00:00,225.94839477539062,226.0,225.82000732421875,225.8800048828125,113826
2025-08-26 14:17:00+00:00,225.86500549316406,226.05999755859375,225.86500549316406,226.03500366210938,117537
2025-08-26 14:18:00+00:00,226.0399932861328,226.10000610351562,225.91000366210938,226.0850067138672,100380
2025-08-26 14:19:00+00:00,226.05999755859375,226.17999267578125,226.0,226.04150390625,116854
2025-08-26 14:20:00+00:00,226.0500030517578,226.22999572753906,225.99000549316406,226.0399932861328,77634
2025-08-26 14:21:00+00:00,226.0399932861328,226.1199951171875,225.92999267578125,226.0800018310547,70343
2025-08-26 14:22:00+00:00,226.07000732421875,226.3000030517578,226.07000732421875,226.25100708007812,91247
2025-08-26 14:23:00+00:00,226.25999450683594,226.36000061035156,226.25,226.27000427246094,77441
2025-08-26 14:24:00+00:00,226.27999877929688,226.37989807128906,226.27499389648438,226.35000610351562,65131
2025-08-26 14:25:00+00:00,226.33999633789062,226.35499572753906,226.22999572753906,226.2899932861328,74322
2025-08-26 14:26:00+00:00,226.2949981689453,226.35499572753906,226.22999572753906,226.35499572753906,49589
2025-08-26 14:27:00+00:00,226.35000610351562,226.47999572753906,226.30149841308594,226.39500427246094,62983
2025-08-26 14:28:00+00:00,226.3800048828125,226.47999572753906,226.36000061035156,226.42999267578125,56685
2025-08-26 14:29:00+00:00,226.43499755859375,226.5,226.25999450683594,226.5,94481
2025-08-26 14:30:00+00:00,226.50999450683594,226.5500030517578,226.3800048828125,226.38009643554688,82341
2025-08-26 14:31:00+00:00,226.39999389648438,226.49000549316406,226.2899932861328,226.39999389648438,63977
2025-08-26 14:32:00+00:00,226.41000366210938,226.42999267578125,226.32000732421875,226.36000061035156,73216
2025-08-26 14:33:00+00:00,226.3699951171875,226.42999267578125,226.34500122070312,226.38999938964844,42331
2025-08-26 14:34:00+00:00,226.41000366210938,226.49000549316406,226.3699951171875,226.39500427246094,57603
2025-08-26 14:35:00+00:00,226.39999389648438,226.5500030517578,226.38999938964844,226.4600067138672,76203
2025-08-26 14:36:00+00:00,226.5,226.54989624023438,226.47999572753906,226.5,71799
2025-08-26 14:37:00+00:00,226.52499389648438,226.6699981689453,226.52499389648438,226.66000366210938,80220
2025-08-26 14:38:00+00:00,226.66000366210938,226.72850036621094,226.57000732421875,226.6697998046875,78654
2025-08-26 14:39:00+00:00,226.6699981689453,226.74000549316406,226.61000061035156,226.6699981689453,72567
2025-08-26 14:40:00+00:00,226.65499877929688,226.6999969482422,226.5399932861328,226.66000366210938,70164
2025-08-26 14:41:00+00:00,226.6649932861328,226.75979614257812,226.4949951171875,226.52000427246094,92139
2025-08-26 14:42:00+00:00,226.52000427246094,226.6999969482422,226.4499969482422,226.6708984375,48171
2025-08-26 14:43:00+00:00,226.6699981689453,226.69000244140625,226.60000610351562,226.6750030517578,36954
2025-08-26 14:44:00+00:00,226.6750030517578,226.9199981689453,226.64500427246094,226.88999938964844,92142
2025-08-26 14:45:00+00:00,226.88999938964844,226.91000366210938,226.61000061035156,226.71499633789062,68836
2025-08-26 14:46:00+00:00,226.72000122070312,226.74000549316406,226.60000610351562,226.72999572753906,55433
2025-08-26 14:47:00+00:00,226.74000549316406,226.80999755859375,226.6699981689453,226.80999755859375,49427
2025-08-26 14:48:00+00:00,226.82000732421875,226.88999938964844,226.72999572753906,226.75,43840
2025-08-26 14:49:00+00:00,226.74009704589844,226.74009704589844,226.66380310058594,226.72999572753906,38587
2025-08-26 14:50:00+00:00,226.7449951171875,226.7899932861328,226.72000122070312,226.77999877929688,37768
2025-08-26 14:51:00+00:00,226.77000427246094,226.9199981689453,226.77000427246094,226.87010192871094,54473
2025-08-26 14:52:00+00:00,226.8800048828125,226.97909545898438,226.82699584960938,226.9600067138672,515763
2025-08-26 14:53:00+00:00,226.9600067138672,226.97000122070312,226.89999389648438,226.9499969482422,52389
2025-08-26 14:54:00+00:00,226.94500732421875,227.0399932861328,226.9199981689453,226.97000122070312,77392
2025-08-26 14:55:00+00:00,226.97000122070312,227.0800018310547,226.9199981689453,227.0800018310547,63267
2025-08-26 14:56:00+00:00,227.07000732421875,227.07000732421875,226.9600067138672,226.9600067138672,64218
2025-08-26 14:57:00+00:00,226.96499633789062,227.07989501953125,226.92999267578125,227.05999755859375,69581
2025-08-26 14:58:00+00:00,227.0399932861328,227.0399932861328,226.7949981689453,226.7949981689453,62820
2025-08-26 14:59:00+00:00,226.8000030517578,226.8000030517578,226.60000610351562,226.61500549316406,97646
2025-08-26 15:00:00+00:00,226.6300048828125,226.72999572753906,226.60000610351562,226.6999969482422,60778
2025-08-26 15:01:00+00:00,226.6999969482422,226.89999389648438,226.6999969482422,226.89999389648438,29332
2025-08-26 15:02:00+00:00,226.89999389648438,226.91000366210938,226.82249450683594,226.86740112304688,38528
2025-08-26 15:03:00+00:00,226.8699951171875,226.91000366210938,226.81410217285156,226.86239624023438,44019
2025-08-26 15:04:00+00:00,226.87159729003906,226.88499450683594,226.7899932861328,226.8800048828125,33220
2025-08-26 15:05:00+00:00,226.875,226.9499969482422,226.86000061035156,226.9499969482422,43663
2025-08-26 15:06:00+00:00,226.92999267578125,226.9376983642578,226.83999633789062,226.93499755859375,34345
2025-08-26 15:07:00+00:00,226.93499755859375,226.9949951171875,226.92999267578125,226.99000549316406,34474
2025-08-26 15:08:00+00:00,226.97000122070312,227.03500366210938,226.9499969482422,226.9499969482422,56336
2025-08-26 15:09:00+00:00,226.93499755859375,227.11000061035156,226.92999267578125,227.0399932861328,65508
2025-08-26 15:10:00+00:00,227.02999877929688,227.10000610351562,226.9199981689453,226.9600067138672,59933
2025-08-26 15:11:00+00:00,226.9550018310547,226.97000122070312,226.8800048828125,226.92999267578125,48832
2025-08-26 15:12:00+00:00,226.92999267578125,226.9600067138672,226.8800048828125,226.9199981689453,37911
2025-08-26 15:13:00+00:00,226.9250030517578,226.9550018310547,226.8800048828125,226.91000366210938,35000
2025-08-26 15:14:00+00:00,226.90499877929688,226.9499053955078,226.8300018310547,226.86000061035156,64215
2025-08-26 15:15:00+00:00,226.86000061035156,226.91000366210938,226.74000549316406,226.91000366210938,45850
2025-08-26 15:16:00+00:00,226.91000366210938,226.91000366210938,226.75999450683594,226.77999877929688,36584
2025-08-26 15:17:00+00:00,226.8000030517578,226.92999267578125,226.8000030517578,226.9199981689453,25427
2025-08-26 15:18:00+00:00,226.91000366210938,226.99000549316406,226.88009643554688,226.92739868164062,52840
2025-08-26 15:19:00+00:00,226.9199981689453,226.9199981689453,226.85000610351562,226.9149932861328,31711
2025-08-26 15:20:00+00:00,226.9149932861328,227.07000732421875,226.91000366210938,227.06260681152344,34753
2025-08-26 15:21:00+00:00,227.05999755859375,227.0850067138672,227.02999877929688,227.06500244140625,40797
2025-08-26 15:22:00+00:00,227.0570068359375,227.139892578125,226.99009704589844,227.1300048828125,49313
2025-08-26 15:23:00+00:00,227.13980102539062,227.13980102539062,227.0601043701172,227.07569885253906,34270
2025-08-26 15:24:00+00:00,227.08999633789062,227.16000366210938,227.07139587402344,227.13499450683594,59836
2025-08-26 15:25:00+00:00,227.13999938964844,227.14999389648438,227.0428924560547,227.10989379882812,56984
2025-08-26 15:26:00+00:00,227.101806640625,227.13999938964844,227.02999877929688,227.09010314941406,57747
2025-08-26 15:27:00+00:00,227.10000610351562,227.19000244140625,227.0948944091797,227.16920471191406,33716
2025-08-26 15:28:00+00:00,227.17999267578125,227.29989624023438,227.07000732421875,227.14999389648438,96337
2025-08-26 15:29:00+00:00,227.13999938964844,227.13999938964844,226.9499969482422,226.9615936279297,53151
2025-08-26 15:30:00+00:00,226.96499633789062,227.00999450683594,226.88999938964844,226.99000549316406,52697
2025-08-26 15:31:00+00:00,226.97000122070312,226.99000549316406,226.85009765625,226.8520050048828,30265
2025-08-26 15:32:00+00:00,226.84500122070312,226.85000610351562,226.74000549316406,226.8000030517578,52900
2025-08-26 15:33:00+00:00,226.8000030517578,226.9199981689453,226.75999450683594,226.89259338378906,42429
2025-08-26 15:34:00+00:00,226.88999938964844,226.89990234375,226.74029541015625,226.8800048828125,37914
2025-08-26 15:35:00+00:00,226.8800048828125,227.1199951171875,226.8800048828125,227.08999633789062,55838
2025-08-26 15:36:00+00:00,227.11000061035156,227.13999938964844,227.0500030517578,227.1199951171875,40303
2025-08-26 15:37:00+00:00,227.1300048828125,227.22979736328125,227.08999633789062,227.22000122070312,44631
2025-08-26 15:38:00+00:00,227.1999969482422,227.24000549316406,227.17840576171875,227.24000549316406,40035
2025-08-26 15:39:00+00:00,227.2449951171875,227.28990173339844,227.19000244140625,227.19000244140625,42249
2025-08-26 15:40:00+00:00,227.1999969482422,227.27999877929688,227.19000244140625,227.1999969482422,29233
2025-08-26 15:41:00+00:00,227.19000244140625,227.25,227.1199951171875,227.22000122070312,36525
2025-08-26 15:42:00+00:00,227.24000549316406,227.25180053710938,227.14999389648438,227.22999572753906,26978
2025-08-26 15:43:00+00:00,227.22999572753906,227.24000549316406,227.13999938964844,227.16000366210938,30310
2025-08-26 15:44:00+00:00,227.1699981689453,227.1699981689453,227.0406951904297,227.0406951904297,36494
2025-08-26 15:45:00+00:00,227.05999755859375,227.0800018310547,226.97999572753906,227.0,47811
2025-08-26 15:46:00+00:00,227.0,227.0,226.8800048828125,226.89999389648438,47160
2025-08-26 15:47:00+00:00,226.89999389648438,226.91000366210938,226.82000732421875,226.82000732421875,25850
2025-08-26 15:48:00+00:00,226.8300018310547,226.83990478515625,226.64010620117188,226.72999572753906,52580
2025-08-26 15:49:00+00:00,226.72500610351562,226.7458038330078,226.67999267578125,226.68499755859375,40535
2025-08-26 15:50:00+00:00,226.69970703125,226.7550048828125,226.61500549316406,226.61500549316406,57483
2025-08-26 15:51:00+00:00,226.6199951171875,226.65980529785156,226.5500030517578,226.6300048828125,71372
2025-08-26 15:52:00+00:00,226.63999938964844,226.77999877929688,226.6199951171875,226.77000427246094,54918
2025-08-26 15:53:00+00:00,226.77000427246094,226.77000427246094,226.6199951171875,226.64999389648438,40884
2025-08-26 15:54:00+00:00,226.64999389648438,226.7100067138672,226.61000061035156,226.65499877929688,30701
2025-08-26 15:55:00+00:00,226.67999267578125,226.76429748535156,226.5800018310547,226.75999450683594,541521
2025-08-26 15:56:00+00:00,226.77000427246094,226.84060668945312,226.7100067138672,226.74000549316406,48018
2025-08-26 15:57:00+00:00,226.74000549316406,226.8000030517578,226.73019409179688,226.73989868164062,25614
2025-08-26 15:58:00+00:00,226.73500061035156,226.75,226.68569946289062,226.74000549316406,27306
2025-08-26 15:59:00+00:00,226.74000549316406,226.75,226.69000244140625,226.69500732421875,29156
2025-08-26 16:00:00+00:00,226.7100067138672,227.1699981689453,226.7100067138672,227.13999938964844,189422
2025-08-26 16:01:00+00:00,227.13499450683594,227.14990234375,227.0,227.07000732421875,54016
2025-08-26 16:02:00+00:00,227.07989501953125,227.22000122070312,227.06320190429688,227.19000244140625,94694
2025-08-26 16:03:00+00:00,227.19000244140625,227.28500366210938,227.1699981689453,227.2642059326172,68124
2025-08-26 16:04:00+00:00,227.2550048828125,227.4199981689453,227.2550048828125,227.3800048828125,86090
2025-08-26 16:05:00+00:00,227.38999938964844,227.47999572753906,227.36000061035156,227.36990356445312,113965
2025-08-26 16:06:00+00:00,227.36000061035156,227.42990112304688,227.3000030517578,227.30999755859375,59145
2025-08-26 16:07:00+00:00,227.3000030517578,227.30999755859375,227.02000427246094,227.1699981689453,120477
2025-08-26 16:08:00+00:00,227.17999267578125,227.2042999267578,227.10000610351562,227.19749450683594,62714
2025-08-26 16:09:00+00:00,227.2100067138672,227.3531951904297,227.1699981689453,227.30999755859375,97959
2025-08-26 16:10:00+00:00,227.33900451660156,227.4600067138672,227.32009887695312,227.36019897460938,93105
2025-08-26 16:11:00+00:00,227.3699951171875,227.3800048828125,227.08999633789062,227.10499572753906,62872
2025-08-26 16:12:00+00:00,227.11990356445312,227.27000427246094,227.08999633789062,227.24000549316406,39025
2025-08-26 16:13:00+00:00,227.25,227.27000427246094,227.19000244140625,227.25,39450
2025-08-26 16:14:00+00:00,227.2519073486328,227.30059814453125,227.1999969482422,227.27999877929688,535725
2025-08-26 16:15:00+00:00,227.2899932861328,227.33729553222656,227.1855010986328,227.31500244140625,44361
2025-08-26 16:16:00+00:00,227.3300018310547,227.44000244140625,227.30029296875,227.44000244140625,438381
2025-08-26 16:17:00+00:00,227.44000244140625,227.4499969482422,227.3699951171875,227.4499969482422,41744
2025-08-26 16:18:00+00:00,227.4550018310547,227.6199951171875,227.4499969482422,227.58999633789062,72440
2025-08-26 16:19:00+00:00,227.61300659179688,227.6699981689453,227.55140686035156,227.60000610351562,51472
2025-08-26 16:20:00+00:00,227.61000061035156,227.6649932861328,227.5399932861328,227.55999755859375,48219
2025-08-26 16:21:00+00:00,227.57000732421875,227.69000244140625,227.57000732421875,227.65499877929688,42705
2025-08-26 16:22:00+00:00,227.66940307617188,227.6999969482422,227.6002960205078,227.6002960205078,39509
2025-08-26 16:23:00+00:00,227.6300048828125,227.64300537109375,227.52999877929688,227.57000732421875,43889
2025-08-26 16:24:00+00:00,227.58920288085938,227.6300048828125,227.52000427246094,227.5399932861328,41580
2025-08-26 16:25:00+00:00,227.52999877929688,227.58160400390625,227.52000427246094,227.52999877929688,61645
2025-08-26 16:26:00+00:00,227.52999877929688,227.55999755859375,227.51499938964844,227.5399932861328,29434
2025-08-26 16:27:00+00:00,227.5399932861328,227.5500030517578,227.4949951171875,227.5399932861328,37580
2025-08-26 16:28:00+00:00,227.5283966064453,227.5500030517578,227.47999572753906,227.47999572753906,31079
2025-08-26 16:29:00+00:00,227.5,227.5800018310547,227.5,227.57049560546875,38623
2025-08-26 16:30:00+00:00,227.55999755859375,227.69000244140625,227.5399932861328,227.67999267578125,36740
2025-08-26 16:31:00+00:00,227.67999267578125,227.76980590820312,227.6479034423828,227.7449951171875,88907
2025-08-26 16:32:00+00:00,227.75999450683594,227.77999877929688,227.67039489746094,227.7698974609375,28585
2025-08-26 16:33:00+00:00,227.77000427246094,227.8800048828125,227.77000427246094,227.83999633789062,53844
2025-08-26 16:34:00+00:00,227.83999633789062,227.94000244140625,227.8300018310547,227.9398956298828,56841
2025-08-26 16:35:00+00:00,227.93499755859375,227.97000122070312,227.8134002685547,227.8134002685547,71994
2025-08-26 16:36:00+00:00,227.8300018310547,227.83999633789062,227.74000549316406,227.8300018310547,49482
2025-08-26 16:37:00+00:00,227.8300018310547,227.88999938964844,227.710205078125,227.74000549316406,44080
2025-08-26 16:38:00+00:00,227.75,227.75,227.6300048828125,227.6300048828125,53068
2025-08-26 16:39:00+00:00,227.64999389648438,227.689697265625,227.57000732421875,227.57899475097656,43084
2025-08-26 16:40:00+00:00,227.55999755859375,227.63999938964844,227.52000427246094,227.57000732421875,39185
2025-08-26 16:41:00+00:00,227.57000732421875,227.61000061035156,227.47000122070312,227.60499572753906,35928
2025-08-26 16:42:00+00:00,227.60000610351562,227.60000610351562,227.47000122070312,227.49819946289062,31831
2025-08-26 16:43:00+00:00,227.49000549316406,227.5050048828125,227.46009826660156,227.49000549316406,40101
2025-08-26 16:44:00+00:00,227.49000549316406,227.62120056152344,227.49000549316406,227.60499572753906,334199
2025-08-26 16:45:00+00:00,227.60499572753906,227.60499572753906,227.49000549316406,227.52999877929688,50266
2025-08-26 16:46:00+00:00,227.52499389648438,227.52499389648438,227.4199981689453,227.45010375976562,40456
2025-08-26 16:47:00+00:00,227.47000122070312,227.5800018310547,227.47000122070312,227.5615997314453,31236
2025-08-26 16:48:00+00:00,227.57000732421875,227.69000244140625,227.57000732421875,227.65029907226562,32431
2025-08-26 16:49:00+00:00,227.6699981689453,227.6699981689453,227.61000061035156,227.63259887695312,30162
2025-08-26 16:50:00+00:00,227.63499450683594,227.74989318847656,227.6199951171875,227.7100067138672,54149
2025-08-26 16:51:00+00:00,227.72000122070312,227.77499389648438,227.67010498046875,227.77499389648438,34462
2025-08-26 16:52:00+00:00,227.77999877929688,227.7899932861328,227.6699981689453,227.67999267578125,113424
2025-08-26 16:53:00+00:00,227.68499755859375,227.72000122070312,227.66000366210938,227.6999969482422,48393
2025-08-26 16:54:00+00:00,227.69500732421875,227.72000122070312,227.61000061035156,227.7100067138672,37402
2025-08-26 16:55:00+00:00,227.7100067138672,227.75990295410156,227.69000244140625,227.72500610351562,29392
2025-08-26 16:56:00+00:00,227.72500610351562,227.77999877929688,227.72500610351562,227.74000549316406,20716
2025-08-26 16:57:00+00:00,227.75,227.80999755859375,227.75,227.7899932861328,36158
2025-08-26 16:58:00+00:00,227.80499267578125,227.82000732421875,227.77000427246094,227.77000427246094,18085
2025-08-26 16:59:00+00:00,227.77000427246094,227.77000427246094,227.6750030517578,227.6999969482422,35001
2025-08-26 17:00:00+00:00,227.7100067138672,227.76559448242188,227.69009399414062,227.75680541992188,26998
2025-08-26 17:01:00+00:00,227.74000549316406,227.77499389648438,227.7281951904297,227.77000427246094,23037
2025-08-26 17:02:00+00:00,227.77000427246094,227.85000610351562,227.75999450683594,227.75999450683594,37297
2025-08-26 17:03:00+00:00,227.75,227.80999755859375,227.75,227.77999877929688,28592
2025-08-26 17:04:00+00:00,227.77999877929688,227.77999877929688,227.7100067138672,227.77999877929688,39142
2025-08-26 17:05:00+00:00,227.80999755859375,227.86000061035156,227.80999755859375,227.83999633789062,30036
2025-08-26 17:06:00+00:00,227.8498992919922,227.8498992919922,227.7899932861328,227.80999755859375,20095
2025-08-26 17:07:00+00:00,227.82000732421875,227.8300018310547,227.7899932861328,227.80999755859375,19615
2025-08-26 17:08:00+00:00,227.82000732421875,227.83999633789062,227.72000122070312,227.7550048828125,29031
2025-08-26 17:09:00+00:00,227.75,227.75,227.70480346679688,227.72210693359375,27826
2025-08-26 17:10:00+00:00,227.72140502929688,227.77000427246094,227.69000244140625,227.75,39104
2025-08-26 17:11:00+00:00,227.75999450683594,227.8249969482422,227.6699981689453,227.68499755859375,35905
2025-08-26 17:12:00+00:00,227.66000366210938,227.77499389648438,227.63999938964844,227.77000427246094,29548
2025-08-26 17:13:00+00:00,227.77000427246094,227.8000030517578,227.74000549316406,227.77000427246094,28581
2025-08-26 17:14:00+00:00,227.77000427246094,227.84500122070312,227.74420166015625,227.84500122070312,29546
2025-08-26 17:15:00+00:00,227.84500122070312,227.88499450683594,227.7801055908203,227.7899932861328,42142
2025-08-26 17:16:00+00:00,227.8000030517578,227.89999389648438,227.8000030517578,227.88499450683594,35488
2025-08-26 17:17:00+00:00,227.8800048828125,227.9600067138672,227.8800048828125,227.94000244140625,37064
2025-08-26 17:18:00+00:00,227.9342041015625,227.9615936279297,227.88999938964844,227.9615936279297,22010
2025-08-26 17:19:00+00:00,227.9600067138672,227.98500061035156,227.875,227.91000366210938,35806
2025-08-26 17:20:00+00:00,227.91000366210938,227.9199981689453,227.8699951171875,227.9022979736328,40284
2025-08-26 17:21:00+00:00,227.89999389648438,227.9199981689453,227.85000610351562,227.9199981689453,24446
2025-08-26 17:22:00+00:00,227.92999267578125,227.9600067138672,227.9199981689453,227.93499755859375,27859
2025-08-26 17:23:00+00:00,227.93499755859375,227.97000122070312,227.8800048828125,227.97000122070312,33624
2025-08-26 17:24:00+00:00,227.97000122070312,228.02999877929688,227.9550018310547,228.0050048828125,93278
2025-08-26 17:25:00+00:00,228.0,228.0399932861328,228.0,228.02999877929688,66185
2025-08-26 17:26:00+00:00,228.0399932861328,228.11000061035156,228.0200958251953,228.08999633789062,50654
2025-08-26 17:27:00+00:00,228.09500122070312,228.125,228.0625,228.09530639648438,36280
2025-08-26 17:28:00+00:00,228.10000610351562,228.1699981689453,228.0800018310547,228.09500122070312,44880
2025-08-26 17:29:00+00:00,228.0946044921875,228.13900756835938,228.08999633789062,228.11160278320312,30612
2025-08-26 17:30:00+00:00,228.11000061035156,228.1300048828125,227.9700927734375,228.0,62553
2025-08-26 17:31:00+00:00,228.0,228.00999450683594,227.88999938964844,227.88999938964844,57819
2025-08-26 17:32:00+00:00,227.89500427246094,228.0198974609375,227.89500427246094,227.9600067138672,45765
2025-08-26 17:33:00+00:00,227.9600067138672,228.00999450683594,227.92999267578125,228.0,32073
2025-08-26 17:34:00+00:00,227.99000549316406,228.02000427246094,227.83999633789062,227.85000610351562,48529
2025-08-26 17:35:00+00:00,227.83999633789062,227.8800048828125,227.8000030517578,227.8800048828125,36606
2025-08-26 17:36:00+00:00,227.8699951171875,227.89999389648438,227.8350067138672,227.86000061035156,21720
2025-08-26 17:37:00+00:00,227.8699951171875,227.9199981689453,227.84010314941406,227.91079711914062,19262
2025-08-26 17:38:00+00:00,227.91000366210938,227.94000244140625,227.88999938964844,227.9250030517578,23101
2025-08-26 17:39:00+00:00,227.9250030517578,227.94000244140625,227.86000061035156,227.875,24763
2025-08-26 17:40:00+00:00,227.87969970703125,227.92990112304688,227.83999633789062,227.92990112304688,23407
2025-08-26 17:41:00+00:00,227.9199981689453,227.93899536132812,227.8300018310547,227.85000610351562,32464
2025-08-26 17:42:00+00:00,227.86000061035156,227.86749267578125,227.80999755859375,227.8300018310547,26985
2025-08-26 17:43:00+00:00,227.82229614257812,227.82229614257812,227.74000549316406,227.7899932861328,36556
2025-08-26 17:44:00+00:00,227.7801055908203,227.88250732421875,227.7545928955078,227.8699951171875,34452
2025-08-26 17:45:00+00:00,227.85000610351562,227.85000610351562,227.7700958251953,227.8000030517578,21542
2025-08-26 17:46:00+00:00,227.80999755859375,227.86000061035156,227.7783966064453,227.86000061035156,30618
2025-08-26 17:47:00+00:00,227.8699951171875,227.8699951171875,227.80999755859375,227.82290649414062,23465
2025-08-26 17:48:00+00:00,227.8300018310547,227.8699951171875,227.80999755859375,227.8300018310547,23657
2025-08-26 17:49:00+00:00,227.8300018310547,227.8300018310547,227.76699829101562,227.7899932861328,22977
2025-08-26 17:50:00+00:00,227.7899932861328,227.82000732421875,227.75,227.78640747070312,37341
2025-08-26 17:51:00+00:00,227.7899932861328,227.8699951171875,227.7899932861328,227.8699951171875,30251
2025-08-26 17:52:00+00:00,227.86990356445312,227.94000244140625,227.86500549316406,227.92999267578125,53385
2025-08-26 17:53:00+00:00,227.8957977294922,227.92999267578125,227.87120056152344,227.92999267578125,26413
2025-08-26 17:54:00+00:00,227.9199981689453,227.9199981689453,227.75999450683594,227.75999450683594,55017
2025-08-26 17:55:00+00:00,227.77999877929688,227.8699951171875,227.73500061035156,227.8699951171875,33549
2025-08-26 17:56:00+00:00,227.87730407714844,227.94000244140625,227.85000610351562,227.9149932861328,41748
2025-08-26 17:57:00+00:00,227.92999267578125,227.97999572753906,227.9199981689453,227.9600067138672,34100
2025-08-26 17:58:00+00:00,227.9499969482422,228.0,227.94000244140625,227.9600067138672,35250
2025-08-26 17:59:00+00:00,227.96499633789062,228.02999877929688,227.9600067138672,227.99569702148438,52909
2025-08-26 18:00:00+00:00,227.99000549316406,228.0500030517578,227.97000122070312,228.0500030517578,25027
2025-08-26 18:01:00+00:00,228.07000732421875,228.10000610351562,228.0301055908203,228.08999633789062,31833
2025-08-26 18:02:00+00:00,228.08999633789062,228.08999633789062,228.0399932861328,228.0500030517578,43381
2025-08-26 18:03:00+00:00,228.05999755859375,228.08999633789062,228.0500030517578,228.08999633789062,29746
2025-08-26 18:04:00+00:00,228.08999633789062,228.14999389648438,228.04010009765625,228.08999633789062,52066
2025-08-26 18:05:00+00:00,228.0800018310547,228.0800018310547,227.96499633789062,228.02000427246094,50131
2025-08-26 18:06:00+00:00,228.00999450683594,228.05999755859375,227.99009704589844,228.02999877929688,44002
2025-08-26 18:07:00+00:00,228.03500366210938,228.04989624023438,227.97999572753906,228.02000427246094,26059
2025-08-26 18:08:00+00:00,228.02000427246094,228.02000427246094,227.97000122070312,227.99000549316406,18876
2025-08-26 18:09:00+00:00,227.99000549316406,227.99989318847656,227.9199981689453,227.99989318847656,49843
2025-08-26 18:10:00+00:00,227.99000549316406,228.0449981689453,227.95010375976562,228.02999877929688,33398
2025-08-26 18:11:00+00:00,228.03500366210938,228.09979248046875,228.03500366210938,228.0449981689453,36558
2025-08-26 18:12:00+00:00,228.0449981689453,228.05499267578125,227.9199981689453,227.92999267578125,37941
2025-08-26 18:13:00+00:00,227.92010498046875,228.02999877929688,227.9199981689453,228.0050048828125,36102
2025-08-26 18:14:00+00:00,228.0,228.02999877929688,227.94000244140625,227.99000549316406,21104
2025-08-26 18:15:00+00:00,227.99009704589844,228.05999755859375,227.99009704589844,228.0399932861328,22843
2025-08-26 18:16:00+00:00,228.0469970703125,228.42999267578125,228.0469970703125,228.30160522460938,212555
2025-08-26 18:17:00+00:00,228.30999755859375,228.32000732421875,228.2100067138672,228.24000549316406,56808
2025-08-26 18:18:00+00:00,228.25,228.35499572753906,228.24000549316406,228.33999633789062,42324
2025-08-26 18:19:00+00:00,228.33999633789062,228.4499969482422,228.30999755859375,228.38999938964844,40841
2025-08-26 18:20:00+00:00,228.38999938964844,228.42990112304688,228.360107421875,228.42689514160156,29641
2025-08-26 18:21:00+00:00,228.42160034179688,228.5,228.39999389648438,228.43850708007812,47956
2025-08-26 18:22:00+00:00,228.44000244140625,228.50999450683594,228.44000244140625,228.45680236816406,56410
2025-08-26 18:23:00+00:00,228.47000122070312,228.47999572753906,228.375,228.38999938964844,54899
2025-08-26 18:24:00+00:00,228.3800048828125,228.42999267578125,228.30999755859375,228.3800048828125,55255
2025-08-26 18:25:00+00:00,228.38499450683594,228.44000244140625,228.36000061035156,228.39999389648438,32578
2025-08-26 18:26:00+00:00,228.42999267578125,228.4398956298828,228.38009643554688,228.42080688476562,38136
2025-08-26 18:27:00+00:00,228.42999267578125,228.4600067138672,228.3800048828125,228.44500732421875,46987
2025-08-26 18:28:00+00:00,228.44000244140625,228.44979858398438,228.375,228.39500427246094,32911
2025-08-26 18:29:00+00:00,228.39999389648438,228.39999389648438,228.27000427246094,228.3592071533203,45128
2025-08-26 18:30:00+00:00,228.36000061035156,228.51499938964844,228.36000061035156,228.51499938964844,64500
2025-08-26 18:31:00+00:00,228.52000427246094,228.5290069580078,228.43020629882812,228.4499969482422,34299
2025-08-26 18:32:00+00:00,228.42999267578125,228.44000244140625,228.27020263671875,228.2781982421875,38356
2025-08-26 18:33:00+00:00,228.27999877929688,228.30999755859375,228.22000122070312,228.24000549316406,42632
2025-08-26 18:34:00+00:00,228.2283935546875,228.2698974609375,228.22000122070312,228.23939514160156,32134
2025-08-26 18:35:00+00:00,228.2550048828125,228.3000030517578,228.22999572753906,228.22999572753906,27961
2025-08-26 18:36:00+00:00,228.22999572753906,228.27999877929688,228.1699981689453,228.19000244140625,42922
2025-08-26 18:37:00+00:00,228.19000244140625,228.24000549316406,228.14999389648438,228.19500732421875,38328
2025-08-26 18:38:00+00:00,228.1999969482422,228.24000549316406,228.19000244140625,228.22000122070312,21525
2025-08-26 18:39:00+00:00,228.2198944091797,228.22999572753906,228.19000244140625,228.22999572753906,29134
2025-08-26 18:40:00+00:00,228.23159790039062,228.2449951171875,228.19000244140625,228.22999572753906,31639
2025-08-26 18:41:00+00:00,228.23500061035156,228.27000427246094,228.11500549316406,228.1300048828125,52004
2025-08-26 18:42:00+00:00,228.1300048828125,228.22000122070312,228.11000061035156,228.2010040283203,39164
2025-08-26 18:43:00+00:00,228.1999969482422,228.22000122070312,228.13900756835938,228.16000366210938,24557
2025-08-26 18:44:00+00:00,228.14999389648438,228.14999389648438,228.07009887695312,228.1199951171875,27046
2025-08-26 18:45:00+00:00,228.1199951171875,228.1300048828125,228.0800018310547,228.0800018310547,23258
2025-08-26 18:46:00+00:00,228.07000732421875,228.13729858398438,228.07000732421875,228.1195068359375,23684
2025-08-26 18:47:00+00:00,228.1002960205078,228.12570190429688,228.05999755859375,228.07000732421875,24566
2025-08-26 18:48:00+00:00,228.06570434570312,228.0850067138672,228.02000427246094,228.05999755859375,40022
2025-08-26 18:49:00+00:00,228.05499267578125,228.08999633789062,228.02999877929688,228.0500030517578,36081
2025-08-26 18:50:00+00:00,228.0399932861328,228.06500244140625,227.9600067138672,227.97000122070312,58923
2025-08-26 18:51:00+00:00,227.97540283203125,228.0,227.92999267578125,227.9600067138672,46748
2025-08-26 18:52:00+00:00,227.9499969482422,227.97999572753906,227.90570068359375,227.9600067138672,45828
2025-08-26 18:53:00+00:00,227.9600067138672,227.97999572753906,227.9199981689453,227.93499755859375,28736
2025-08-26 18:54:00+00:00,227.93719482421875,227.97000122070312,227.9199981689453,227.9499969482422,42362
2025-08-26 18:55:00+00:00,227.94970703125,228.05499267578125,227.94970703125,228.0399932861328,43529
2025-08-26 18:56:00+00:00,228.02999877929688,228.05999755859375,228.0,228.02999877929688,35008
2025-08-26 18:57:00+00:00,228.01499938964844,228.02369689941406,227.9600067138672,227.97999572753906,21169
2025-08-26 18:58:00+00:00,227.98500061035156,228.05099487304688,227.9499969482422,228.0001983642578,42380
2025-08-26 18:59:00+00:00,228.00999450683594,228.08999633789062,227.96009826660156,227.97000122070312,103239
2025-08-26 19:00:00+00:00,227.97999572753906,227.9842071533203,227.91000366210938,227.92140197753906,39042
2025-08-26 19:01:00+00:00,227.92010498046875,227.9250030517578,227.8699951171875,227.88499450683594,40489
2025-08-26 19:02:00+00:00,227.88259887695312,227.9197998046875,227.80999755859375,227.90499877929688,48516
2025-08-26 19:03:00+00:00,227.89999389648438,227.89999389648438,227.82009887695312,227.8300018310547,33858
2025-08-26 19:04:00+00:00,227.8300018310547,227.8800048828125,227.8249969482422,227.86000061035156,24152
2025-08-26 19:05:00+00:00,227.86000061035156,227.86000061035156,227.8000946044922,227.82000732421875,36978
2025-08-26 19:06:00+00:00,227.8300018310547,227.86990356445312,227.82260131835938,227.86000061035156,31868
2025-08-26 19:07:00+00:00,227.85009765625,227.85009765625,227.77000427246094,227.7991943359375,50057
2025-08-26 19:08:00+00:00,227.80999755859375,227.82000732421875,227.77999877929688,227.80990600585938,24443
2025-08-26 19:09:00+00:00,227.80499267578125,227.85000610351562,227.8000030517578,227.84170532226562,34105
2025-08-26 19:10:00+00:00,227.84500122070312,228.0135955810547,227.83090209960938,228.00010681152344,59522
2025-08-26 19:11:00+00:00,228.00999450683594,228.0500030517578,228.00999450683594,228.00999450683594,48982
2025-08-26 19:12:00+00:00,228.00999450683594,228.08999633789062,228.0,228.07000732421875,46373
2025-08-26 19:13:00+00:00,228.07000732421875,228.1199951171875,228.07000732421875,228.11500549316406,42264
2025-08-26 19:14:00+00:00,228.11680603027344,228.22999572753906,228.11000061035156,228.22999572753906,45617
2025-08-26 19:15:00+00:00,228.22000122070312,228.26499938964844,228.19000244140625,228.2100067138672,63697
2025-08-26 19:16:00+00:00,228.22000122070312,228.27000427246094,228.13999938964844,228.17999267578125,50221
2025-08-26 19:17:00+00:00,228.19000244140625,228.25999450683594,228.1699981689453,228.21009826660156,32183
2025-08-26 19:18:00+00:00,228.21420288085938,228.25,228.17999267578125,228.19020080566406,31401
2025-08-26 19:19:00+00:00,228.19000244140625,228.27000427246094,228.19000244140625,228.24020385742188,31456
2025-08-26 19:20:00+00:00,228.25,228.30999755859375,228.24000549316406,228.2899932861328,33770
2025-08-26 19:21:00+00:00,228.2899932861328,228.42579650878906,228.27999877929688,228.38009643554688,61909
2025-08-26 19:22:00+00:00,228.38499450683594,228.60000610351562,228.3800048828125,228.5399932861328,108514
2025-08-26 19:23:00+00:00,228.5449981689453,228.55999755859375,228.44000244140625,228.48699951171875,69855
2025-08-26 19:24:00+00:00,228.50999450683594,228.52499389648438,228.38999938964844,228.4199981689453,46009
2025-08-26 19:25:00+00:00,228.41000366210938,228.44000244140625,228.36000061035156,228.3800048828125,59521
2025-08-26 19:26:00+00:00,228.3800048828125,228.55999755859375,228.3800048828125,228.55999755859375,58796
2025-08-26 19:27:00+00:00,228.5540008544922,228.6199951171875,228.50999450683594,228.61000061035156,74549
2025-08-26 19:28:00+00:00,228.60499572753906,228.61000061035156,228.53480529785156,228.5989990234375,54011
2025-08-26 19:29:00+00:00,228.59649658203125,228.60000610351562,228.54010009765625,228.56820678710938,60869
2025-08-26 19:30:00+00:00,228.57000732421875,228.5749969482422,228.39999389648438,228.5500030517578,110237
2025-08-26 19:31:00+00:00,228.57000732421875,228.6300048828125,228.50999450683594,228.61000061035156,77325
2025-08-26 19:32:00+00:00,228.6199951171875,228.6699981689453,228.57000732421875,228.64999389648438,76207
2025-08-26 19:33:00+00:00,228.64590454101562,228.72000122070312,228.63999938964844,228.66000366210938,58121
2025-08-26 19:34:00+00:00,228.66000366210938,228.66000366210938,228.5399932861328,228.5749969482422,84756
2025-08-26 19:35:00+00:00,228.5800018310547,228.60000610351562,228.50999450683594,228.52000427246094,71193
2025-08-26 19:36:00+00:00,228.52499389648438,228.52999877929688,228.47000122070312,228.5,70838
2025-08-26 19:37:00+00:00,228.48500061035156,228.57000732421875,228.47999572753906,228.52499389648438,56924
2025-08-26 19:38:00+00:00,228.52999877929688,228.57139587402344,228.46029663085938,228.47999572753906,51023
2025-08-26 19:39:00+00:00,228.47999572753906,228.49000549316406,228.36000061035156,228.41000366210938,329150
2025-08-26 19:40:00+00:00,228.41990661621094,228.43499755859375,228.32000732421875,228.32000732421875,70211
2025-08-26 19:41:00+00:00,228.3000030517578,228.33120727539062,228.25999450683594,228.25999450683594,49621
2025-08-26 19:42:00+00:00,228.27999877929688,228.3699951171875,228.22999572753906,228.33999633789062,52118
2025-08-26 19:43:00+00:00,228.32980346679688,228.32980346679688,228.24000549316406,228.3000030517578,77661
2025-08-26 19:44:00+00:00,228.29750061035156,228.3699951171875,228.2899932861328,228.35000610351562,46402
2025-08-26 19:45:00+00:00,228.35000610351562,228.42999267578125,228.3350067138672,228.38999938964844,81817
2025-08-26 19:46:00+00:00,228.3800048828125,228.44000244140625,228.3000030517578,228.41000366210938,86814
2025-08-26 19:47:00+00:00,228.41000366210938,228.47000122070312,228.39500427246094,228.42999267578125,81788
2025-08-26 19:48:00+00:00,228.42999267578125,228.49000549316406,228.41000366210938,228.47000122070312,71811
2025-08-26 19:49:00+00:00,228.47500610351562,228.57000732421875,228.41000366210938,228.56500244140625,86727
2025-08-26 19:50:00+00:00,228.55999755859375,228.60000610351562,228.27999877929688,228.375,198412
2025-08-26 19:51:00+00:00,228.3800048828125,228.38999938964844,228.24000549316406,228.375,361045
2025-08-26 19:52:00+00:00,228.3699951171875,228.44000244140625,228.35000610351562,228.39999389648438,108210
2025-08-26 19:53:00+00:00,228.39999389648438,228.58999633789062,228.38999938964844,228.58999633789062,111140
2025-08-26 19:54:00+00:00,228.60000610351562,228.61000061035156,227.72500610351562,227.9600067138672,404792
2025-08-26 19:55:00+00:00,227.97000122070312,229.11500549316406,227.97000122070312,228.8699951171875,519395
2025-08-26 19:56:00+00:00,228.88999938964844,229.07000732421875,228.82000732421875,229.05999755859375,197806
2025-08-26 19:57:00+00:00,229.05999755859375,229.22000122070312,229.03500366210938,229.2100067138672,287355
2025-08-26 19:58:00+00:00,229.2100067138672,229.25,229.1199951171875,229.25,312053
2025-08-26 19:59:00+00:00,229.24000549316406,229.49000549316406,229.24000549316406,229.3000030517578,960516
2025-08-27 13:30:00+00:00,228.5800018310547,228.9550018310547,228.2949981689453,228.52659606933594,1233532
2025-08-27 13:31:00+00:00,228.55499267578125,229.0800018310547,228.48500061035156,228.91000366210938,182954
2025-08-27 13:32:00+00:00,228.88499450683594,229.02999877929688,228.42999267578125,228.47000122070312,202216
2025-08-27 13:33:00+00:00,228.44500732421875,228.87680053710938,228.44500732421875,228.6999969482422,97210
2025-08-27 13:34:00+00:00,228.72999572753906,229.22999572753906,228.66009521484375,229.2100067138672,161525
2025-08-27 13:35:00+00:00,229.22000122070312,229.4499969482422,229.00999450683594,229.10499572753906,140507
2025-08-27 13:36:00+00:00,229.10499572753906,229.38169860839844,228.95010375976562,229.02000427246094,113685
2025-08-27 13:37:00+00:00,229.0399932861328,229.16000366210938,228.94500732421875,228.99000549316406,103633
2025-08-27 13:38:00+00:00,228.97999572753906,229.35000610351562,228.9600067138672,229.33999633789062,112949
2025-08-27 13:39:00+00:00,229.33099365234375,230.25,229.30999755859375,230.22000122070312,473425
2025-08-27 13:40:00+00:00,230.16419982910156,230.24000549316406,229.6699981689453,229.75,204112
2025-08-27 13:41:00+00:00,229.76339721679688,229.7899932861328,229.5301055908203,229.5500030517578,95718
2025-08-27 13:42:00+00:00,229.55499267578125,229.57989501953125,229.13009643554688,229.3300018310547,136079
2025-08-27 13:43:00+00:00,229.32000732421875,229.6999969482422,229.24000549316406,229.57000732421875,139167
2025-08-27 13:44:00+00:00,229.55499267578125,229.55499267578125,229.2100067138672,229.24989318847656,93021
2025-08-27 13:45:00+00:00,229.1999969482422,229.23800659179688,228.75,228.7949981689453,192438
2025-08-27 13:46:00+00:00,228.7949981689453,228.9398956298828,228.75999450683594,228.93980407714844,100651
2025-08-27 13:47:00+00:00,228.9149932861328,228.97999572753906,228.75,228.88999938964844,88694
2025-08-27 13:48:00+00:00,228.88999938964844,229.17999267578125,228.8699951171875,229.0,240241
2025-08-27 13:49:00+00:00,228.97999572753906,229.25,228.8603057861328,229.1199951171875,103736
2025-08-27 13:50:00+00:00,229.10000610351562,229.13999938964844,228.8000030517578,229.1300048828125,85072
2025-08-27 13:51:00+00:00,229.10000610351562,229.1649932861328,229.01010131835938,229.07000732421875,81402
2025-08-27 13:52:00+00:00,229.0800018310547,229.38999938964844,229.06500244140625,229.3249969482422,87473
2025-08-27 13:53:00+00:00,229.30999755859375,229.6199951171875,229.3000030517578,229.6199951171875,89637
2025-08-27 13:54:00+00:00,229.6300048828125,229.8249969482422,229.6199951171875,229.66000366210938,112707
2025-08-27 13:55:00+00:00,229.66000366210938,229.72740173339844,229.51010131835938,229.6699981689453,68577
2025-08-27 13:56:00+00:00,229.67999267578125,229.7899932861328,229.65310668945312,229.6750030517578,130097
2025-08-27 13:57:00+00:00,229.66070556640625,229.77999877929688,229.47999572753906,229.67999267578125,90246
2025-08-27 13:58:00+00:00,229.67999267578125,229.7100067138672,229.47000122070312,229.5,117595
2025-08-27 13:59:00+00:00,229.5,229.8000030517578,229.4600067138672,229.7949981689453,132153
2025-08-27 14:00:00+00:00,229.74000549316406,229.86500549316406,229.5749969482422,229.5850067138672,111257
2025-08-27 14:01:00+00:00,229.60000610351562,229.72000122070312,229.5200958251953,229.64259338378906,120921
2025-08-27 14:02:00+00:00,229.62840270996094,229.63999938964844,229.45010375976562,229.6300048828125,126980
2025-08-27 14:03:00+00:00,229.6300048828125,229.7198944091797,229.60000610351562,229.69000244140625,73049
2025-08-27 14:04:00+00:00,229.68020629882812,229.7100067138672,229.55029296875,229.61000061035156,97632
2025-08-27 14:05:00+00:00,229.6199951171875,229.82989501953125,229.47000122070312,229.80499267578125,118111
2025-08-27 14:06:00+00:00,229.8300018310547,229.8300018310547,229.69020080566406,229.77999877929688,78736
2025-08-27 14:07:00+00:00,229.7899932861328,229.92999267578125,229.73500061035156,229.7899932861328,102612
2025-08-27 14:08:00+00:00,229.77999877929688,229.99000549316406,229.77000427246094,229.9810028076172,80793
2025-08-27 14:09:00+00:00,229.97500610351562,230.0500030517578,229.89999389648438,229.97000122070312,141625
2025-08-27 14:10:00+00:00,229.9550018310547,229.97000122070312,229.6699981689453,229.77000427246094,86966
2025-08-27 14:11:00+00:00,229.76499938964844,229.7899932861328,229.49000549316406,229.49000549316406,93981
2025-08-27 14:12:00+00:00,229.49000549316406,229.60000610351562,229.46009826660156,229.58999633789062,79830
2025-08-27 14:13:00+00:00,229.5749969482422,229.63999938964844,229.5,229.63999938964844,84139
2025-08-27 14:14:00+00:00,229.63999938964844,229.64999389648438,229.52999877929688,229.5500030517578,51037
2025-08-27 14:15:00+00:00,229.55999755859375,229.60000610351562,229.47999572753906,229.5,76589
2025-08-27 14:16:00+00:00,229.47999572753906,229.85000610351562,229.47019958496094,229.7895050048828,83986
2025-08-27 14:17:00+00:00,229.78500366210938,229.78500366210938,229.57980346679688,229.61000061035156,56952
2025-08-27 14:18:00+00:00,229.61000061035156,229.6300048828125,229.2899932861328,229.3773956298828,102521
2025-08-27 14:19:00+00:00,229.3699951171875,229.5500030517578,229.3583984375,229.53509521484375,63770
2025-08-27 14:20:00+00:00,229.5500030517578,229.77999877929688,229.5500030517578,229.72000122070312,69861
2025-08-27 14:21:00+00:00,229.74000549316406,229.80999755859375,229.58999633789062,229.67010498046875,63807
2025-08-27 14:22:00+00:00,229.6999969482422,229.85000610351562,229.6750030517578,229.78500366210938,53053
2025-08-27 14:23:00+00:00,229.77999877929688,229.80999755859375,229.64500427246094,229.7373046875,61274
2025-08-27 14:24:00+00:00,229.72999572753906,229.89999389648438,229.69000244140625,229.8249969482422,82211
2025-08-27 14:25:00+00:00,229.83999633789062,229.9022979736328,229.783203125,229.86000061035156,87122
2025-08-27 14:26:00+00:00,229.85000610351562,230.0299072265625,229.8114013671875,229.93499755859375,112441
2025-08-27 14:27:00+00:00,229.9499969482422,230.07000732421875,229.9250030517578,230.05999755859375,103787
2025-08-27 14:28:00+00:00,230.05999755859375,230.09300231933594,229.85000610351562,229.86000061035156,95293
2025-08-27 14:29:00+00:00,229.86900329589844,230.0399932861328,229.8350067138672,230.01499938964844,69313
2025-08-27 14:30:00+00:00,230.02999877929688,230.23989868164062,229.97999572753906,230.22999572753906,109514
2025-08-27 14:31:00+00:00,230.23989868164062,230.30999755859375,230.17999267578125,230.2949981689453,118637
2025-08-27 14:32:00+00:00,230.3000030517578,230.32000732421875,230.0950927734375,230.11000061035156,87311
2025-08-27 14:33:00+00:00,230.1092071533203,230.11500549316406,230.0,230.0749969482422,75828
2025-08-27 14:34:00+00:00,230.08380126953125,230.0850067138672,230.02000427246094,230.0399932861328,57766
2025-08-27 14:35:00+00:00,230.07000732421875,230.32000732421875,230.02499389648438,230.31739807128906,106027
2025-08-27 14:36:00+00:00,230.31500244140625,230.4199981689453,230.22999572753906,230.38999938964844,108752
2025-08-27 14:37:00+00:00,230.38999938964844,230.47999572753906,230.3699951171875,230.47999572753906,112459
2025-08-27 14:38:00+00:00,230.47410583496094,230.58999633789062,230.46499633789062,230.5399932861328,106969
2025-08-27 14:39:00+00:00,230.5399932861328,230.6199951171875,230.52999877929688,230.5749969482422,95594
2025-08-27 14:40:00+00:00,230.57000732421875,230.69009399414062,230.55999755859375,230.6584014892578,113200
2025-08-27 14:41:00+00:00,230.64840698242188,230.6999969482422,230.4199981689453,230.4783935546875,114359
2025-08-27 14:42:00+00:00,230.47999572753906,230.5,230.3800048828125,230.47000122070312,61947
2025-08-27 14:43:00+00:00,230.47500610351562,230.51980590820312,230.3800048828125,230.3800048828125,70439
2025-08-27 14:44:00+00:00,230.35000610351562,230.35609436035156,230.1999969482422,230.20730590820312,83595
2025-08-27 14:45:00+00:00,230.2100067138672,230.22000122070312,229.9600067138672,229.97000122070312,76920
2025-08-27 14:46:00+00:00,230.0,230.0399932861328,229.82000732421875,229.8800048828125,308978
2025-08-27 14:47:00+00:00,229.8966064453125,229.9600067138672,229.82000732421875,229.94000244140625,102039
2025-08-27 14:48:00+00:00,229.94500732421875,230.00990295410156,229.9199981689453,229.9499053955078,75991
2025-08-27 14:49:00+00:00,229.93499755859375,230.0500030517578,229.92010498046875,230.01499938964844,56327
2025-08-27 14:50:00+00:00,230.00790405273438,230.139892578125,229.89999389648438,230.1367950439453,92356
2025-08-27 14:51:00+00:00,230.1199951171875,230.1199951171875,229.8300018310547,229.86000061035156,125399
2025-08-27 14:52:00+00:00,229.86000061035156,229.94039916992188,229.83999633789062,229.88999938964844,53453
2025-08-27 14:53:00+00:00,229.86000061035156,230.02999877929688,229.83999633789062,230.00999450683594,70594
2025-08-27 14:54:00+00:00,230.00999450683594,230.05999755859375,229.9499969482422,230.0500030517578,46897
2025-08-27 14:55:00+00:00,230.0500030517578,230.08999633789062,230.00999450683594,230.07000732421875,42125
2025-08-27 14:56:00+00:00,230.0800018310547,230.2449951171875,230.06149291992188,230.2449951171875,100136
2025-08-27 14:57:00+00:00,230.24000549316406,230.289794921875,230.1199951171875,230.1697998046875,67878
2025-08-27 14:58:00+00:00,230.16000366210938,230.19000244140625,230.1199951171875,230.14999389648438,56448
2025-08-27 14:59:00+00:00,230.13999938964844,230.19500732421875,230.0800018310547,230.17999267578125,61020
2025-08-27 15:00:00+00:00,230.17999267578125,230.25,230.17999267578125,230.25,41075
2025-08-27 15:01:00+00:00,230.25979614257812,230.3000030517578,230.22999572753906,230.27000427246094,44316
2025-08-27 15:02:00+00:00,230.25999450683594,230.3000030517578,230.22140502929688,230.27999877929688,48880
2025-08-27 15:03:00+00:00,230.2899932861328,230.33999633789062,230.1999969482422,230.1999969482422,56337
2025-08-27 15:04:00+00:00,230.2100067138672,230.22999572753906,230.10169982910156,230.1199951171875,65507
2025-08-27 15:05:00+00:00,230.12989807128906,230.22000122070312,230.11000061035156,230.16610717773438,37700
2025-08-27 15:06:00+00:00,230.16000366210938,230.25,230.10000610351562,230.17999267578125,43601
2025-08-27 15:07:00+00:00,230.17999267578125,230.19979858398438,229.96839904785156,229.97000122070312,78191
2025-08-27 15:08:00+00:00,229.9600067138672,230.02999877929688,229.9600067138672,230.01019287109375,44355
2025-08-27 15:09:00+00:00,230.02000427246094,230.05999755859375,229.9600067138672,229.96839904785156,39349
2025-08-27 15:10:00+00:00,229.97000122070312,230.11000061035156,229.97000122070312,230.05999755859375,83762
2025-08-27 15:11:00+00:00,230.06069946289062,230.1699981689453,230.00999450683594,230.13499450683594,70940
2025-08-27 15:12:00+00:00,230.14430236816406,230.14430236816406,230.0727996826172,230.10000610351562,37083
2025-08-27 15:13:00+00:00,230.10989379882812,230.13999938964844,230.00999450683594,230.03500366210938,34883
2025-08-27 15:14:00+00:00,230.03199768066406,230.0500030517578,229.9550018310547,230.02000427246094,61022
2025-08-27 15:15:00+00:00,230.00999450683594,230.0500030517578,229.97999572753906,229.9949951171875,49704
2025-08-27 15:16:00+00:00,230.00999450683594,230.06500244140625,229.97500610351562,230.02000427246094,62545
2025-08-27 15:17:00+00:00,230.01409912109375,230.0500030517578,229.9875946044922,229.99070739746094,33537
2025-08-27 15:18:00+00:00,229.97999572753906,230.0,229.89999389648438,229.99000549316406,51256
2025-08-27 15:19:00+00:00,229.99000549316406,230.0500030517578,229.89500427246094,229.89500427246094,76098
2025-08-27 15:20:00+00:00,229.89500427246094,230.01499938964844,229.88999938964844,229.97999572753906,32411
2025-08-27 15:21:00+00:00,229.9600067138672,229.97999572753906,229.90150451660156,229.97000122070312,28792
2025-08-27 15:22:00+00:00,229.97999572753906,230.0500030517578,229.97999572753906,230.02650451660156,34179
2025-08-27 15:23:00+00:00,230.02000427246094,230.02000427246094,229.94000244140625,229.94500732421875,42253
2025-08-27 15:24:00+00:00,229.94000244140625,229.94000244140625,229.83999633789062,229.84500122070312,59310
2025-08-27 15:25:00+00:00,229.82000732421875,229.82359313964844,229.57000732421875,229.6199951171875,198393
2025-08-27 15:26:00+00:00,229.61459350585938,229.6385040283203,229.51010131835938,229.625,69601
2025-08-27 15:27:00+00:00,229.60499572753906,229.61000061035156,229.5050048828125,229.5211944580078,54496
2025-08-27 15:28:00+00:00,229.52499389648438,229.55999755859375,229.47999572753906,229.55850219726562,41541
2025-08-27 15:29:00+00:00,229.55499267578125,229.60000610351562,229.50999450683594,229.5740966796875,65090
2025-08-27 15:30:00+00:00,229.57000732421875,229.77999877929688,229.57000732421875,229.75,106674
2025-08-27 15:31:00+00:00,229.76089477539062,229.77999877929688,229.55999755859375,229.57000732421875,47108
2025-08-27 15:32:00+00:00,229.56759643554688,229.61000061035156,229.5,229.5500030517578,58368
2025-08-27 15:33:00+00:00,229.5500030517578,229.58999633789062,229.4499969482422,229.52499389648438,41558
2025-08-27 15:34:00+00:00,229.52000427246094,229.55999755859375,229.49000549316406,229.5399932861328,51121
2025-08-27 15:35:00+00:00,229.5500030517578,229.64999389648438,229.54269409179688,229.63999938964844,34527
2025-08-27 15:36:00+00:00,229.6414031982422,229.66000366210938,229.55999755859375,229.60499572753906,35936
2025-08-27 15:37:00+00:00,229.60589599609375,229.69500732421875,229.58999633789062,229.69500732421875,41194
2025-08-27 15:38:00+00:00,229.69000244140625,229.73989868164062,229.6649932861328,229.73500061035156,52737
2025-08-27 15:39:00+00:00,229.73500061035156,229.83999633789062,229.72000122070312,229.82000732421875,49879
2025-08-27 15:40:00+00:00,229.82000732421875,229.83999633789062,229.30999755859375,229.7200927734375,380615
2025-08-27 15:41:00+00:00,229.72999572753906,229.72999572753906,229.50999450683594,229.53140258789062,39432
2025-08-27 15:42:00+00:00,229.5500030517578,229.6699981689453,229.52999877929688,229.5399932861328,38019
2025-08-27 15:43:00+00:00,229.5399932861328,229.69839477539062,229.5399932861328,229.63999938964844,31662
2025-08-27 15:44:00+00:00,229.63999938964844,229.7899932861328,229.62010192871094,229.78500366210938,30598
2025-08-27 15:45:00+00:00,229.77000427246094,229.77999877929688,229.72500610351562,229.77999877929688,21595
2025-08-27 15:46:00+00:00,229.7899932861328,229.83900451660156,229.75010681152344,229.83399963378906,28092
2025-08-27 15:47:00+00:00,229.8249969482422,229.9615936279297,229.7899932861328,229.9550018310547,43334
2025-08-27 15:48:00+00:00,229.94500732421875,230.00999450683594,229.90310668945312,229.98330688476562,63517
2025-08-27 15:49:00+00:00,229.99000549316406,230.05979919433594,229.9499969482422,230.0500030517578,36083
2025-08-27 15:50:00+00:00,230.05999755859375,230.05999755859375,229.96420288085938,229.96420288085938,28470
2025-08-27 15:51:00+00:00,229.9600067138672,229.99000549316406,229.88499450683594,229.97329711914062,30017
2025-08-27 15:52:00+00:00,229.97999572753906,229.97999572753906,229.8000030517578,229.8350067138672,38933
2025-08-27 15:53:00+00:00,229.86000061035156,229.8800048828125,229.83050537109375,229.85000610351562,40777
2025-08-27 15:54:00+00:00,229.85000610351562,229.87510681152344,229.7501983642578,229.8300018310547,36964
2025-08-27 15:55:00+00:00,229.83990478515625,229.8498992919922,229.8000030517578,229.82839965820312,29268
2025-08-27 15:56:00+00:00,229.85000610351562,229.91000366210938,229.8114013671875,229.88720703125,32029
2025-08-27 15:57:00+00:00,229.91009521484375,229.91079711914062,229.8350067138672,229.85000610351562,24257
2025-08-27 15:58:00+00:00,229.85000610351562,229.94000244140625,229.83999633789062,229.92359924316406,19269
2025-08-27 15:59:00+00:00,229.9199981689453,229.9550018310547,229.9149932861328,229.9149932861328,25412
2025-08-27 16:00:00+00:00,229.9199981689453,229.9615936279297,229.8961944580078,229.91700744628906,25488
2025-08-27 16:01:00+00:00,229.9199981689453,229.97999572753906,229.88499450683594,229.9698944091797,26710
2025-08-27 16:02:00+00:00,229.9499969482422,229.99000549316406,229.90020751953125,229.97999572753906,20675
2025-08-27 16:03:00+00:00,229.97000122070312,229.9700927734375,229.9149932861328,229.9149932861328,17292
2025-08-27 16:04:00+00:00,229.92999267578125,230.05999755859375,229.92999267578125,229.9615936279297,59979
2025-08-27 16:05:00+00:00,229.97000122070312,229.99000549316406,229.94419860839844,229.97000122070312,22377
2025-08-27 16:06:00+00:00,229.9499969482422,230.00999450683594,229.922607421875,229.99000549316406,33893
2025-08-27 16:07:00+00:00,230.0,230.03500366210938,229.99000549316406,229.99000549316406,19803
2025-08-27 16:08:00+00:00,229.99000549316406,230.0800018310547,229.98379516601562,230.07420349121094,25336
2025-08-27 16:09:00+00:00,230.0800018310547,230.08799743652344,230.0,230.00999450683594,35519
2025-08-27 16:10:00+00:00,230.0050048828125,230.03140258789062,229.94000244140625,230.02499389648438,28907
2025-08-27 16:11:00+00:00,230.02499389648438,230.0500030517578,230.00010681152344,230.02999877929688,27361
2025-08-27 16:12:00+00:00,230.02090454101562,230.05999755859375,230.0,230.01499938964844,20917
2025-08-27 16:13:00+00:00,230.00999450683594,230.0399932861328,229.9501953125,229.9700927734375,34597
2025-08-27 16:14:00+00:00,229.97259521484375,229.99130249023438,229.89999389648438,229.9322052001953,40037
2025-08-27 16:15:00+00:00,229.94000244140625,229.9499969482422,229.85000610351562,229.8800048828125,45725
2025-08-27 16:16:00+00:00,229.86000061035156,229.8800048828125,229.81500244140625,229.8800048828125,30290
2025-08-27 16:17:00+00:00,229.86500549316406,229.9199981689453,229.7899932861328,229.8000030517578,43652
2025-08-27 16:18:00+00:00,229.7899932861328,229.9199981689453,229.7899932861328,229.8699951171875,48537
2025-08-27 16:19:00+00:00,229.88499450683594,229.88499450683594,229.77999877929688,229.7913055419922,21463
2025-08-27 16:20:00+00:00,229.7949981689453,229.8350067138672,229.75999450683594,229.76800537109375,31197
2025-08-27 16:21:00+00:00,229.75320434570312,229.85989379882812,229.75320434570312,229.82000732421875,30501
2025-08-27 16:22:00+00:00,229.82000732421875,229.86000061035156,229.8000030517578,229.80799865722656,28011
2025-08-27 16:23:00+00:00,229.80999755859375,229.83999633789062,229.77999877929688,229.79820251464844,20206
2025-08-27 16:24:00+00:00,229.8000030517578,229.82000732421875,229.74000549316406,229.77999877929688,36600
2025-08-27 16:25:00+00:00,229.76499938964844,229.7899932861328,229.72000122070312,229.7615966796875,29289
2025-08-27 16:26:00+00:00,229.76010131835938,229.82000732421875,229.67999267578125,229.7899932861328,64277
2025-08-27 16:27:00+00:00,229.75,229.82000732421875,229.75,229.7899932861328,23435
2025-08-27 16:28:00+00:00,229.7801055908203,229.88499450683594,229.7550048828125,229.8699951171875,36210
2025-08-27 16:29:00+00:00,229.87899780273438,229.89999389648438,229.8300018310547,229.8699951171875,24442
2025-08-27 16:30:00+00:00,229.88999938964844,229.9250030517578,229.8699951171875,229.89999389648438,31690
2025-08-27 16:31:00+00:00,229.88999938964844,229.92999267578125,229.86000061035156,229.8699951171875,51529
2025-08-27 16:32:00+00:00,229.86000061035156,229.9882049560547,229.85499572753906,229.98500061035156,54306
2025-08-27 16:33:00+00:00,229.97999572753906,229.97999572753906,229.82000732421875,229.8800048828125,34004
2025-08-27 16:34:00+00:00,229.86500549316406,229.88600158691406,229.8000030517578,229.80499267578125,30654
2025-08-27 16:35:00+00:00,229.8000030517578,229.86500549316406,229.78500366210938,229.85000610351562,30354
2025-08-27 16:36:00+00:00,229.86000061035156,229.8800048828125,229.77000427246094,229.77999877929688,34010
2025-08-27 16:37:00+00:00,229.77999877929688,229.81500244140625,229.66000366210938,229.72000122070312,56953
2025-08-27 16:38:00+00:00,229.74000549316406,229.76499938964844,229.6999969482422,229.72000122070312,26806
2025-08-27 16:39:00+00:00,229.72000122070312,229.7449951171875,229.6699981689453,229.73500061035156,28073
2025-08-27 16:40:00+00:00,229.72000122070312,229.7998046875,229.64999389648438,229.77499389648438,41411
2025-08-27 16:41:00+00:00,229.77000427246094,229.86000061035156,229.77000427246094,229.85000610351562,20877
2025-08-27 16:42:00+00:00,229.86000061035156,229.86000061035156,229.80499267578125,229.81570434570312,35655
2025-08-27 16:43:00+00:00,229.82449340820312,229.82449340820312,229.76499938964844,229.7740020751953,21582
2025-08-27 16:44:00+00:00,229.7899932861328,229.7899932861328,229.6501007080078,229.66009521484375,24772
2025-08-27 16:45:00+00:00,229.66000366210938,229.66580200195312,229.60000610351562,229.64999389648438,35611
2025-08-27 16:46:00+00:00,229.63999938964844,229.7050018310547,229.63999938964844,229.6999969482422,33501
2025-08-27 16:47:00+00:00,229.69000244140625,229.75,229.66000366210938,229.75,21334
2025-08-27 16:48:00+00:00,229.74000549316406,229.75999450683594,229.7032012939453,229.75999450683594,20854
2025-08-27 16:49:00+00:00,229.75999450683594,229.82479858398438,229.75,229.82479858398438,21766
2025-08-27 16:50:00+00:00,229.8350067138672,229.8800048828125,229.8101043701172,229.86000061035156,35224
2025-08-27 16:51:00+00:00,229.8699951171875,229.89500427246094,229.81500244140625,229.81500244140625,27653
2025-08-27 16:52:00+00:00,229.82000732421875,229.85000610351562,229.7899932861328,229.83990478515625,20688
2025-08-27 16:53:00+00:00,229.8300018310547,229.89500427246094,229.8300018310547,229.8800048828125,34041
2025-08-27 16:54:00+00:00,229.8800048828125,229.88999938964844,229.845703125,229.86000061035156,44371
2025-08-27 16:55:00+00:00,229.8697967529297,229.8699951171875,229.8000030517578,229.82000732421875,37613
2025-08-27 16:56:00+00:00,229.82000732421875,229.87750244140625,229.82000732421875,229.8699951171875,22528
2025-08-27 16:57:00+00:00,229.8699951171875,229.8800048828125,229.81500244140625,229.86000061035156,27019
2025-08-27 16:58:00+00:00,229.86000061035156,229.88499450683594,229.77999877929688,229.80160522460938,29560
2025-08-27 16:59:00+00:00,229.7899932861328,229.83729553222656,229.77999877929688,229.77999877929688,41163
2025-08-27 17:00:00+00:00,229.77000427246094,229.7899932861328,229.6699981689453,229.72999572753906,52427
2025-08-27 17:01:00+00:00,229.75,229.80999755859375,229.75,229.7949981689453,37276
2025-08-27 17:02:00+00:00,229.7949981689453,229.7949981689453,229.72999572753906,229.7541961669922,51604
2025-08-27 17:03:00+00:00,229.75999450683594,229.82000732421875,229.75,229.77000427246094,48841
2025-08-27 17:04:00+00:00,229.77999877929688,229.8697052001953,229.7700958251953,229.84429931640625,27193
2025-08-27 17:05:00+00:00,229.8302001953125,229.8800048828125,229.82000732421875,229.86000061035156,20969
2025-08-27 17:06:00+00:00,229.86000061035156,229.92999267578125,229.86000061035156,229.91000366210938,33499
2025-08-27 17:07:00+00:00,229.9199981689453,229.97999572753906,229.91000366210938,229.97000122070312,29095
2025-08-27 17:08:00+00:00,229.9716033935547,230.0299072265625,229.9600067138672,230.02499389648438,46853
2025-08-27 17:09:00+00:00,230.02999877929688,230.05999755859375,230.0019989013672,230.05499267578125,26194
2025-08-27 17:10:00+00:00,230.0500030517578,230.0601043701172,230.00999450683594,230.0601043701172,24256
2025-08-27 17:11:00+00:00,230.0753936767578,230.0753936767578,230.02000427246094,230.06500244140625,38716
2025-08-27 17:12:00+00:00,230.0688934326172,230.0688934326172,229.99000549316406,230.0467071533203,26564
2025-08-27 17:13:00+00:00,230.04010009765625,230.08999633789062,229.99029541015625,230.0050048828125,46223
2025-08-27 17:14:00+00:00,230.01499938964844,230.02000427246094,229.9600067138672,229.99159240722656,31511
2025-08-27 17:15:00+00:00,230.0,230.02999877929688,229.95010375976562,229.9799041748047,28987
2025-08-27 17:16:00+00:00,229.9709014892578,230.00999450683594,229.9499969482422,230.0050048828125,25146
2025-08-27 17:17:00+00:00,230.0,230.0050048828125,229.8699951171875,229.8699951171875,36912
2025-08-27 17:18:00+00:00,229.85000610351562,229.94000244140625,229.84500122070312,229.94000244140625,39907
2025-08-27 17:19:00+00:00,229.9499053955078,229.9499969482422,229.86500549316406,229.8699951171875,30556
2025-08-27 17:20:00+00:00,229.889892578125,229.8907012939453,229.85000610351562,229.85000610351562,16468
2025-08-27 17:21:00+00:00,229.85009765625,229.97000122070312,229.85000610351562,229.9199981689453,38317
2025-08-27 17:22:00+00:00,229.9134063720703,229.96470642089844,229.89999389648438,229.9499969482422,19178
2025-08-27 17:23:00+00:00,229.9499969482422,229.98660278320312,229.94500732421875,229.9550018310547,17786
2025-08-27 17:24:00+00:00,229.9550018310547,230.0,229.9550018310547,229.98829650878906,15956
2025-08-27 17:25:00+00:00,229.98500061035156,229.9949951171875,229.8300018310547,229.85000610351562,31896
2025-08-27 17:26:00+00:00,229.83920288085938,229.87989807128906,229.82000732421875,229.8249969482422,22995
2025-08-27 17:27:00+00:00,229.8300018310547,229.85000610351562,229.8300018310547,229.83009338378906,28227
2025-08-27 17:28:00+00:00,229.8350067138672,229.88999938964844,229.82000732421875,229.82000732421875,29499
2025-08-27 17:29:00+00:00,229.82000732421875,229.84620666503906,229.8000030517578,229.83999633789062,20383
2025-08-27 17:30:00+00:00,229.83999633789062,229.8800048828125,229.82000732421875,229.84500122070312,27424
2025-08-27 17:31:00+00:00,229.85000610351562,229.89999389648438,229.8000030517578,229.889892578125,36130
2025-08-27 17:32:00+00:00,229.8800048828125,229.88999938964844,229.85000610351562,229.8800048828125,25118
2025-08-27 17:33:00+00:00,229.88499450683594,229.9199981689453,229.8800048828125,229.9010009765625,27111
2025-08-27 17:34:00+00:00,229.91000366210938,229.91000366210938,229.84500122070312,229.85499572753906,27653
2025-08-27 17:35:00+00:00,229.86000061035156,229.9499969482422,229.85499572753906,229.92999267578125,27452
2025-08-27 17:36:00+00:00,229.9149932861328,229.9199981689453,229.89500427246094,229.9199981689453,18370
2025-08-27 17:37:00+00:00,229.9149932861328,229.9499969482422,229.91000366210938,229.9197998046875,20437
2025-08-27 17:38:00+00:00,229.9149932861328,229.94000244140625,229.91000366210938,229.92999267578125,21084
2025-08-27 17:39:00+00:00,229.92990112304688,229.9600067138672,229.90499877929688,229.91000366210938,36502
2025-08-27 17:40:00+00:00,229.9199981689453,229.99000549316406,229.9199981689453,229.92999267578125,44236
2025-08-27 17:41:00+00:00,229.92999267578125,229.94000244140625,229.85000610351562,229.94000244140625,42074
2025-08-27 17:42:00+00:00,229.9385986328125,229.96690368652344,229.90660095214844,229.9149932861328,17595
2025-08-27 17:43:00+00:00,229.91000366210938,229.97999572753906,229.90499877929688,229.97000122070312,22658
2025-08-27 17:44:00+00:00,229.9600067138672,229.9801025390625,229.95350646972656,229.97500610351562,22929
2025-08-27 17:45:00+00:00,229.97999572753906,229.99000549316406,229.95339965820312,229.9763946533203,20477
2025-08-27 17:46:00+00:00,229.97999572753906,230.03500366210938,229.97999572753906,230.02999877929688,34552
2025-08-27 17:47:00+00:00,230.02020263671875,230.05999755859375,230.01010131835938,230.0399932861328,30818
2025-08-27 17:48:00+00:00,230.0399932861328,230.0399932861328,229.96539306640625,229.97999572753906,24053
2025-08-27 17:49:00+00:00,229.97999572753906,230.0,229.92999267578125,229.97999572753906,29574
2025-08-27 17:50:00+00:00,229.99000549316406,230.0,229.89999389648438,229.89999389648438,27273
2025-08-27 17:51:00+00:00,229.89500427246094,230.0399932861328,229.89500427246094,230.02499389648438,36417
2025-08-27 17:52:00+00:00,230.02000427246094,230.0500030517578,229.99000549316406,230.0449981689453,29620
2025-08-27 17:53:00+00:00,230.0449981689453,230.07000732421875,230.0299072265625,230.05499267578125,34448
2025-08-27 17:54:00+00:00,230.05419921875,230.0749969482422,230.01499938964844,230.05999755859375,63059
2025-08-27 17:55:00+00:00,230.05499267578125,230.07000732421875,230.00999450683594,230.02000427246094,25403
2025-08-27 17:56:00+00:00,230.02139282226562,230.0500030517578,229.99000549316406,229.99000549316406,15079
2025-08-27 17:57:00+00:00,229.99009704589844,230.02000427246094,229.99000549316406,230.0157012939453,17469
2025-08-27 17:58:00+00:00,230.00010681152344,230.02999877929688,229.97000122070312,229.99000549316406,23023
2025-08-27 17:59:00+00:00,229.99000549316406,230.01100158691406,229.97000122070312,229.98500061035156,16741
2025-08-27 18:00:00+00:00,229.97000122070312,230.0157928466797,229.9600067138672,229.9700927734375,19663
2025-08-27 18:01:00+00:00,229.97999572753906,230.01499938964844,229.9600067138672,230.01499938964844,47479
2025-08-27 18:02:00+00:00,230.02000427246094,230.0749969482422,230.0102996826172,230.0500030517578,22099
2025-08-27 18:03:00+00:00,230.05499267578125,230.07000732421875,229.97500610351562,229.99000549316406,27703
2025-08-27 18:04:00+00:00,229.99000549316406,229.99000549316406,229.9326934814453,229.94009399414062,15203
2025-08-27 18:05:00+00:00,229.9499969482422,229.9499969482422,229.91000366210938,229.9250030517578,27972
2025-08-27 18:06:00+00:00,229.94000244140625,229.9564971923828,229.91000366210938,229.92999267578125,23695
2025-08-27 18:07:00+00:00,229.92999267578125,230.0,229.92999267578125,230.0,24922
2025-08-27 18:08:00+00:00,229.9949951171875,230.0399932861328,229.99009704589844,230.0399932861328,15561
2025-08-27 18:09:00+00:00,230.0399932861328,230.05999755859375,230.01499938964844,230.031005859375,18380
2025-08-27 18:10:00+00:00,230.03819274902344,230.05999755859375,230.02000427246094,230.02499389648438,24622
2025-08-27 18:11:00+00:00,230.02499389648438,230.02499389648438,229.89999389648438,229.92999267578125,33966
2025-08-27 18:12:00+00:00,229.92999267578125,229.97999572753906,229.88999938964844,229.97999572753906,53657
2025-08-27 18:13:00+00:00,229.97999572753906,230.1699981689453,229.96029663085938,230.16000366210938,61167
2025-08-27 18:14:00+00:00,230.16000366210938,230.32000732421875,230.16000366210938,230.25160217285156,83070
2025-08-27 18:15:00+00:00,230.25999450683594,230.30499267578125,230.25,230.27999877929688,40838
2025-08-27 18:16:00+00:00,230.27999877929688,230.3249969482422,230.25999450683594,230.3000030517578,39380
2025-08-27 18:17:00+00:00,230.30799865722656,230.32000732421875,230.16000366210938,230.22999572753906,37044
2025-08-27 18:18:00+00:00,230.22999572753906,230.27999877929688,230.2100067138672,230.27999877929688,29075
2025-08-27 18:19:00+00:00,230.27999877929688,230.27999877929688,230.2283935546875,230.26010131835938,36977
2025-08-27 18:20:00+00:00,230.25999450683594,230.2899932861328,230.2100067138672,230.25,29468
2025-08-27 18:21:00+00:00,230.25999450683594,230.3000030517578,230.24000549316406,230.2801055908203,40550
2025-08-27 18:22:00+00:00,230.29649353027344,230.3498992919922,230.28570556640625,230.3300018310547,40075
2025-08-27 18:23:00+00:00,230.3300018310547,230.55499267578125,230.3300018310547,230.5449981689453,156802
2025-08-27 18:24:00+00:00,230.5500030517578,230.55999755859375,230.49000549316406,230.5,67190
2025-08-27 18:25:00+00:00,230.50169372558594,230.55999755859375,230.47999572753906,230.50999450683594,50138
2025-08-27 18:26:00+00:00,230.51499938964844,230.57000732421875,230.5124969482422,230.5301055908203,29394
2025-08-27 18:27:00+00:00,230.53500366210938,230.6457977294922,230.53500366210938,230.64500427246094,189313
2025-08-27 18:28:00+00:00,230.64500427246094,230.67999267578125,230.60000610351562,230.60000610351562,97372
2025-08-27 18:29:00+00:00,230.61000061035156,230.66580200195312,230.61000061035156,230.625,41030
2025-08-27 18:30:00+00:00,230.6199951171875,230.63499450683594,230.52000427246094,230.5749969482422,60454
2025-08-27 18:31:00+00:00,230.57000732421875,230.61000061035156,230.54100036621094,230.56509399414062,38496
2025-08-27 18:32:00+00:00,230.57000732421875,230.6199951171875,230.5050048828125,230.52000427246094,38286
2025-08-27 18:33:00+00:00,230.52000427246094,230.52000427246094,230.44500732421875,230.44500732421875,39418
2025-08-27 18:34:00+00:00,230.44500732421875,230.4698028564453,230.39500427246094,230.41000366210938,49015
2025-08-27 18:35:00+00:00,230.4149932861328,230.47500610351562,230.39999389648438,230.4149932861328,61078
2025-08-27 18:36:00+00:00,230.41000366210938,230.44000244140625,230.3350067138672,230.35000610351562,61837
2025-08-27 18:37:00+00:00,230.3350067138672,230.4199981689453,230.31500244140625,230.4199981689453,37373
2025-08-27 18:38:00+00:00,230.4600067138672,230.4600067138672,230.38499450683594,230.43499755859375,45201
2025-08-27 18:39:00+00:00,230.42999267578125,230.44000244140625,230.40499877929688,230.4322052001953,21386
2025-08-27 18:40:00+00:00,230.44000244140625,230.4799041748047,230.38999938964844,230.39999389648438,30053
2025-08-27 18:41:00+00:00,230.40499877929688,230.40499877929688,230.35000610351562,230.3800048828125,31678
2025-08-27 18:42:00+00:00,230.3699951171875,230.38999938964844,230.3354034423828,230.34840393066406,33968
2025-08-27 18:43:00+00:00,230.34500122070312,230.35000610351562,230.25999450683594,230.26499938964844,20289
2025-08-27 18:44:00+00:00,230.27000427246094,230.2899932861328,230.23500061035156,230.24000549316406,33932
2025-08-27 18:45:00+00:00,230.23500061035156,230.32000732421875,230.22999572753906,230.26499938964844,38043
2025-08-27 18:46:00+00:00,230.26019287109375,230.27000427246094,230.24420166015625,230.2449951171875,28734
2025-08-27 18:47:00+00:00,230.25,230.27000427246094,230.23500061035156,230.25,26476
2025-08-27 18:48:00+00:00,230.2449951171875,230.3000030517578,230.23240661621094,230.2550048828125,31540
2025-08-27 18:49:00+00:00,230.25,230.2550048828125,230.2100067138672,230.22500610351562,29630
2025-08-27 18:50:00+00:00,230.24000549316406,230.2899932861328,230.210205078125,230.22000122070312,30702
2025-08-27 18:51:00+00:00,230.22000122070312,230.24000549316406,230.1699981689453,230.17999267578125,31649
2025-08-27 18:52:00+00:00,230.17019653320312,230.19000244140625,230.1302032470703,230.1302032470703,37160
2025-08-27 18:53:00+00:00,230.13999938964844,230.13999938964844,230.1009979248047,230.11000061035156,21283
2025-08-27 18:54:00+00:00,230.10009765625,230.1300048828125,230.09230041503906,230.11000061035156,24164
2025-08-27 18:55:00+00:00,230.10499572753906,230.11500549316406,230.0800018310547,230.09539794921875,24762
2025-08-27 18:56:00+00:00,230.11000061035156,230.1300048828125,230.0850067138672,230.10000610351562,32574
2025-08-27 18:57:00+00:00,230.10000610351562,230.139892578125,230.0946044921875,230.13499450683594,26933
2025-08-27 18:58:00+00:00,230.13499450683594,230.17999267578125,230.0959014892578,230.17999267578125,35569
2025-08-27 18:59:00+00:00,230.17999267578125,230.19500732421875,230.13839721679688,230.14999389648438,29281
2025-08-27 19:00:00+00:00,230.15499877929688,230.15499877929688,230.10000610351562,230.11500549316406,30676
2025-08-27 19:01:00+00:00,230.11500549316406,230.14999389648438,230.08999633789062,230.13999938964844,28925
2025-08-27 19:02:00+00:00,230.13999938964844,230.13999938964844,230.08999633789062,230.08999633789062,25112
2025-08-27 19:03:00+00:00,230.0941925048828,230.1199951171875,230.08999633789062,230.10589599609375,18825
2025-08-27 19:04:00+00:00,230.10000610351562,230.10000610351562,230.0449981689453,230.07000732421875,35686
2025-08-27 19:05:00+00:00,230.05999755859375,230.0800018310547,230.00999450683594,230.02999877929688,30014
2025-08-27 19:06:00+00:00,230.0399932861328,230.08999633789062,230.02999877929688,230.05999755859375,39695
2025-08-27 19:07:00+00:00,230.07000732421875,230.11000061035156,230.02000427246094,230.02999877929688,35613
2025-08-27 19:08:00+00:00,230.02000427246094,230.05999755859375,229.97999572753906,230.0,51720
2025-08-27 19:09:00+00:00,229.9700927734375,230.0800018310547,229.97000122070312,230.0449981689453,43943
2025-08-27 19:10:00+00:00,230.0399932861328,230.0399932861328,229.99000549316406,230.02000427246094,36159
2025-08-27 19:11:00+00:00,230.02000427246094,230.02999877929688,229.9499969482422,229.9600067138672,33239
2025-08-27 19:12:00+00:00,229.95899963378906,230.00160217285156,229.80999755859375,229.82000732421875,95847
2025-08-27 19:13:00+00:00,229.80999755859375,229.9499053955078,229.72000122070312,229.89999389648438,64904
2025-08-27 19:14:00+00:00,229.91000366210938,229.9250030517578,229.73500061035156,229.76010131835938,51381
2025-08-27 19:15:00+00:00,229.77000427246094,229.90499877929688,229.76010131835938,229.90499877929688,39303
2025-08-27 19:16:00+00:00,229.89999389648438,229.9600067138672,229.88499450683594,229.9250030517578,37928
2025-08-27 19:17:00+00:00,229.9199981689453,229.97000122070312,229.8800048828125,229.94000244140625,36287
2025-08-27 19:18:00+00:00,229.94839477539062,230.02999877929688,229.92999267578125,230.00999450683594,41724
2025-08-27 19:19:00+00:00,230.02000427246094,230.07809448242188,229.99049377441406,230.05499267578125,34219
2025-08-27 19:20:00+00:00,230.04840087890625,230.07000732421875,230.0399932861328,230.05999755859375,26461
2025-08-27 19:21:00+00:00,230.05999755859375,230.05999755859375,229.97500610351562,230.01499938964844,30629
2025-08-27 19:22:00+00:00,230.00999450683594,230.11000061035156,230.00999450683594,230.09500122070312,47364
2025-08-27 19:23:00+00:00,230.10000610351562,230.125,230.0800018310547,230.08999633789062,30186
2025-08-27 19:24:00+00:00,230.09500122070312,230.09500122070312,230.0449981689453,230.0500030517578,30443
2025-08-27 19:25:00+00:00,230.0399932861328,230.0800018310547,230.0,230.0699005126953,43068
2025-08-27 19:26:00+00:00,230.07000732421875,230.1186065673828,230.06500244140625,230.08009338378906,37567
2025-08-27 19:27:00+00:00,230.08070373535156,230.11500549316406,230.07000732421875,230.07989501953125,29028
2025-08-27 19:28:00+00:00,230.0861053466797,230.11000061035156,230.05020141601562,230.11000061035156,26987
2025-08-27 19:29:00+00:00,230.10499572753906,230.16000366210938,230.06500244140625,230.13250732421875,92375
2025-08-27 19:30:00+00:00,230.125,230.22000122070312,230.1199951171875,230.2050018310547,105428
2025-08-27 19:31:00+00:00,230.1999969482422,230.27999877929688,230.19000244140625,230.27499389648438,74251
2025-08-27 19:32:00+00:00,230.279296875,230.33999633789062,230.279296875,230.32000732421875,78832
2025-08-27 19:33:00+00:00,230.32000732421875,230.35000610351562,230.3000030517578,230.3300018310547,46470
2025-08-27 19:34:00+00:00,230.33990478515625,230.37989807128906,230.27000427246094,230.33999633789062,120768
2025-08-27 19:35:00+00:00,230.3300018310547,230.38999938964844,230.2899932861328,230.3800048828125,51111
2025-08-27 19:36:00+00:00,230.375,230.4199981689453,230.3699951171875,230.3800048828125,48736
2025-08-27 19:37:00+00:00,230.3800048828125,230.3800048828125,230.22500610351562,230.24000549316406,61672
2025-08-27 19:38:00+00:00,230.23500061035156,230.34500122070312,230.210205078125,230.33999633789062,45582
2025-08-27 19:39:00+00:00,230.33999633789062,230.39999389648438,230.32000732421875,230.36000061035156,46509
2025-08-27 19:40:00+00:00,230.35499572753906,230.4199981689453,230.35499572753906,230.4199981689453,62054
2025-08-27 19:41:00+00:00,230.4217987060547,230.49000549316406,230.39010620117188,230.47999572753906,70243
2025-08-27 19:42:00+00:00,230.47410583496094,230.57659912109375,230.47410583496094,230.5590057373047,96426
2025-08-27 19:43:00+00:00,230.55499267578125,230.55499267578125,230.5,230.50579833984375,69993
2025-08-27 19:44:00+00:00,230.50999450683594,230.56069946289062,230.50999450683594,230.55499267578125,51712
2025-08-27 19:45:00+00:00,230.55499267578125,230.59500122070312,230.5334930419922,230.5800018310547,69951
2025-08-27 19:46:00+00:00,230.5614013671875,230.57000732421875,230.50999450683594,230.55999755859375,77789
2025-08-27 19:47:00+00:00,230.55499267578125,230.61000061035156,230.50010681152344,230.51499938964844,590033
2025-08-27 19:48:00+00:00,230.52000427246094,230.52499389648438,230.4499969482422,230.48500061035156,53713
2025-08-27 19:49:00+00:00,230.49000549316406,230.75999450683594,230.4801025390625,230.74819946289062,109975
2025-08-27 19:50:00+00:00,230.80999755859375,230.8800048828125,230.7156982421875,230.7156982421875,152164
2025-08-27 19:51:00+00:00,230.71339416503906,230.78500366210938,230.69839477539062,230.7449951171875,135243
2025-08-27 19:52:00+00:00,230.77000427246094,230.7899932861328,230.6699981689453,230.7449951171875,111079
2025-08-27 19:53:00+00:00,230.75,230.89999389648438,230.74130249023438,230.87510681152344,138160
2025-08-27 19:54:00+00:00,230.875,230.89999389648438,230.79010009765625,230.8249969482422,151253
2025-08-27 19:55:00+00:00,230.82420349121094,230.86000061035156,230.6699981689453,230.7899932861328,169295
2025-08-27 19:56:00+00:00,230.7899932861328,230.83999633789062,230.78500366210938,230.7949981689453,144249
2025-08-27 19:57:00+00:00,230.8000030517578,230.81500244140625,230.7301025390625,230.7449951171875,148044
2025-08-27 19:58:00+00:00,230.75,230.80999755859375,230.7100067138672,230.75,197505
2025-08-27 19:59:00+00:00,230.75,230.8000030517578,230.42999267578125,230.44000244140625,523268
