Price,Close,High,Low,Open,Volume
Ticker,AAPL,AAPL,AAPL,AAPL,AAPL
Datetime,,,,,
2025-08-21 13:30:00+00:00,225.27000427246094,226.52000427246094,225.22999572753906,226.27999877929688,1163458
2025-08-21 13:31:00+00:00,225.36129760742188,225.82000732421875,225.25999450683594,225.27000427246094,109276
2025-08-21 13:32:00+00:00,225.6750030517578,225.72999572753906,225.24000549316406,225.32000732421875,107884
2025-08-21 13:33:00+00:00,225.8719940185547,225.9600067138672,225.5399932861328,225.65109252929688,99518
2025-08-21 13:34:00+00:00,225.4600067138672,225.85000610351562,225.39999389648438,225.83999633789062,108909
2025-08-21 13:35:00+00:00,224.97999572753906,225.52999877929688,224.67999267578125,225.4949951171875,394819
2025-08-21 13:38:00+00:00,225.5467071533203,225.66079711914062,225.49000549316406,225.61000061035156,325695
2025-08-21 13:39:00+00:00,225.80999755859375,225.85000610351562,225.5449981689453,225.5449981689453,58033
2025-08-21 13:40:00+00:00,225.4949951171875,225.8300018310547,225.4949951171875,225.7899932861328,98490
2025-08-21 13:41:00+00:00,225.6085968017578,225.72999572753906,225.47000122070312,225.49229431152344,62617
2025-08-21 13:42:00+00:00,225.7100067138672,225.7198944091797,225.5200958251953,225.61770629882812,68587
2025-08-21 13:43:00+00:00,225.72500610351562,225.88999938964844,225.5800018310547,225.6999969482422,71337
2025-08-21 13:44:00+00:00,225.7100067138672,225.80499267578125,225.6699981689453,225.71499633789062,64227
2025-08-21 13:45:00+00:00,225.5,225.77000427246094,225.3000030517578,225.72000122070312,134636
2025-08-21 13:46:00+00:00,225.5399932861328,225.63999938964844,225.3300018310547,225.47999572753906,71513
2025-08-21 13:47:00+00:00,226.0941925048828,226.19000244140625,225.47999572753906,225.53750610351562,162664
2025-08-21 13:48:00+00:00,226.25,226.3300018310547,226.110107421875,226.13499450683594,119224
2025-08-21 13:49:00+00:00,226.25140380859375,226.3000030517578,226.10000610351562,226.23289489746094,98074
2025-08-21 13:50:00+00:00,226.02999877929688,226.30999755859375,226.02000427246094,226.2570037841797,74042
2025-08-21 13:51:00+00:00,225.88119506835938,226.1699981689453,225.85000610351562,226.0500030517578,75674
2025-08-21 13:52:00+00:00,225.6320037841797,225.9199981689453,225.5500030517578,225.8699951171875,100053
2025-08-21 13:53:00+00:00,225.75,225.82000732421875,225.47999572753906,225.57220458984375,84405
2025-08-21 13:54:00+00:00,225.94259643554688,225.97439575195312,225.74000549316406,225.7449951171875,53231
2025-08-21 13:55:00+00:00,225.4600067138672,225.97000122070312,225.4600067138672,225.9600067138672,76834
2025-08-21 13:56:00+00:00,225.27499389648438,225.47000122070312,225.25999450683594,225.4600067138672,93796
2025-08-21 13:57:00+00:00,225.41000366210938,225.44500732421875,225.2100067138672,225.27999877929688,95223
2025-08-21 13:58:00+00:00,225.38999938964844,225.4550018310547,225.33099365234375,225.41029357910156,53908
2025-08-21 13:59:00+00:00,225.1999969482422,225.4600067138672,225.19419860839844,225.39999389648438,57997
2025-08-21 14:00:00+00:00,225.5050048828125,225.5050048828125,225.02000427246094,225.1999969482422,140500
2025-08-21 14:01:00+00:00,225.60000610351562,225.62440490722656,225.32000732421875,225.5,98970
2025-08-21 14:02:00+00:00,225.9600067138672,226.0,225.56680297851562,225.60000610351562,79419
2025-08-21 14:03:00+00:00,225.76499938964844,225.99000549316406,225.6634979248047,225.9600067138672,70444
2025-08-21 14:04:00+00:00,225.81629943847656,225.96499633789062,225.7519989013672,225.8000030517578,53223
2025-08-21 14:05:00+00:00,225.6699981689453,225.88999938964844,225.6699981689453,225.83200073242188,81852
2025-08-21 14:06:00+00:00,225.7899932861328,225.86000061035156,225.66000366210938,225.69000244140625,69971
2025-08-21 14:07:00+00:00,225.84100341796875,225.8699951171875,225.69639587402344,225.77999877929688,57280
2025-08-21 14:08:00+00:00,225.75999450683594,225.92999267578125,225.71499633789062,225.8699951171875,70554
2025-08-21 14:09:00+00:00,225.6999969482422,225.76499938964844,225.6614990234375,225.75,49033
2025-08-21 14:10:00+00:00,225.60499572753906,225.74000549316406,225.60000610351562,225.72500610351562,54091
2025-08-21 14:11:00+00:00,225.5281982421875,225.6199951171875,225.50999450683594,225.61000061035156,47006
2025-08-21 14:12:00+00:00,225.58999633789062,225.59500122070312,225.4499969482422,225.52999877929688,56242
2025-08-21 14:13:00+00:00,225.61000061035156,225.6750030517578,225.47999572753906,225.57000732421875,92846
2025-08-21 14:14:00+00:00,225.77000427246094,225.85000610351562,225.5749969482422,225.61000061035156,107031
2025-08-21 14:15:00+00:00,225.85000610351562,225.91000366210938,225.75999450683594,225.77000427246094,75746
2025-08-21 14:16:00+00:00,225.92999267578125,225.9600067138672,225.82029724121094,225.83999633789062,83718
2025-08-21 14:17:00+00:00,225.9949951171875,225.9980926513672,225.77999877929688,225.9199981689453,73435
2025-08-21 14:18:00+00:00,225.89500427246094,226.02000427246094,225.80999755859375,225.99000549316406,81669
2025-08-21 14:19:00+00:00,225.77999877929688,225.89999389648438,225.7200927734375,225.88999938964844,43152
2025-08-21 14:20:00+00:00,225.63699340820312,225.82000732421875,225.5749969482422,225.77000427246094,76641
2025-08-21 14:21:00+00:00,225.55999755859375,225.6199951171875,225.50999450683594,225.6199951171875,72424
2025-08-21 14:22:00+00:00,225.47999572753906,225.57000732421875,225.4499969482422,225.5500030517578,57729
2025-08-21 14:23:00+00:00,225.35000610351562,225.5800018310547,225.3231964111328,225.47999572753906,72676
2025-08-21 14:24:00+00:00,225.4550018310547,225.47000122070312,225.3300018310547,225.35499572753906,59511
2025-08-21 14:25:00+00:00,225.22000122070312,225.52999877929688,225.22000122070312,225.47000122070312,71645
2025-08-21 14:26:00+00:00,225.22500610351562,225.24000549316406,225.11000061035156,225.2200927734375,74960
2025-08-21 14:27:00+00:00,225.5399932861328,225.5500030517578,225.22999572753906,225.22999572753906,50865
2025-08-21 14:28:00+00:00,225.4199981689453,225.52999877929688,225.36500549316406,225.52999877929688,51250
2025-08-21 14:29:00+00:00,225.57989501953125,225.60000610351562,225.4152069091797,225.4199981689453,88013
2025-08-21 14:30:00+00:00,225.53500366210938,225.5850067138672,225.48500061035156,225.5272979736328,53370
2025-08-21 14:31:00+00:00,225.38999938964844,225.5399932861328,225.38999938964844,225.52999877929688,54611
2025-08-21 14:32:00+00:00,225.2283935546875,225.39059448242188,225.1699981689453,225.39059448242188,46811
2025-08-21 14:33:00+00:00,225.30999755859375,225.35000610351562,225.22000122070312,225.22999572753906,35982
2025-08-21 14:34:00+00:00,225.41000366210938,225.4499969482422,225.21499633789062,225.33389282226562,55430
2025-08-21 14:35:00+00:00,225.3699951171875,225.5,225.32000732421875,225.39999389648438,60025
2025-08-21 14:36:00+00:00,225.40499877929688,225.43910217285156,225.30999755859375,225.3699951171875,57498
2025-08-21 14:37:00+00:00,225.3699951171875,225.39999389648438,225.26010131835938,225.38999938964844,46233
2025-08-21 14:38:00+00:00,225.3000030517578,225.36500549316406,225.25570678710938,225.36500549316406,55106
2025-08-21 14:39:00+00:00,225.1699981689453,225.29989624023438,225.1199951171875,225.27999877929688,58135
2025-08-21 14:40:00+00:00,225.1999969482422,225.28819274902344,225.16000366210938,225.16000366210938,72402
2025-08-21 14:41:00+00:00,225.1457977294922,225.25,225.10000610351562,225.19000244140625,57355
2025-08-21 14:42:00+00:00,225.25,225.27000427246094,225.11000061035156,225.1300048828125,38221
2025-08-21 14:43:00+00:00,225.2100067138672,225.25999450683594,225.13999938964844,225.24000549316406,44561
2025-08-21 14:44:00+00:00,225.32000732421875,225.33999633789062,225.21499633789062,225.22000122070312,38031
2025-08-21 14:45:00+00:00,225.25999450683594,225.30999755859375,225.16000366210938,225.30999755859375,51607
2025-08-21 14:46:00+00:00,225.4792938232422,225.4842071533203,225.22500610351562,225.25999450683594,53521
2025-08-21 14:47:00+00:00,225.42999267578125,225.47999572753906,225.360107421875,225.4600067138672,51438
2025-08-21 14:48:00+00:00,225.41000366210938,225.47999572753906,225.38999938964844,225.44000244140625,58859
2025-08-21 14:49:00+00:00,225.30999755859375,225.4199981689453,225.2899932861328,225.40499877929688,38311
2025-08-21 14:50:00+00:00,225.39999389648438,225.41000366210938,225.32000732421875,225.32000732421875,39499
2025-08-21 14:51:00+00:00,225.3249969482422,225.41000366210938,225.25999450683594,225.3800048828125,36790
2025-08-21 14:52:00+00:00,225.36720275878906,225.36900329589844,225.25999450683594,225.3300018310547,36553
2025-08-21 14:53:00+00:00,225.30999755859375,225.41000366210938,225.30999755859375,225.35499572753906,32807
2025-08-21 14:54:00+00:00,225.41000366210938,225.4199981689453,225.25,225.3000030517578,56605
2025-08-21 14:55:00+00:00,225.3249969482422,225.41009521484375,225.30999755859375,225.41009521484375,35545
2025-08-21 14:56:00+00:00,225.34500122070312,225.38009643554688,225.25,225.32000732421875,57114
2025-08-21 14:57:00+00:00,225.35000610351562,225.3800048828125,225.19500732421875,225.33999633789062,52952
2025-08-21 14:58:00+00:00,225.17999267578125,225.35000610351562,225.1699981689453,225.35000610351562,50351
2025-08-21 14:59:00+00:00,225.2899932861328,225.2899932861328,225.1750030517578,225.17999267578125,76645
2025-08-21 15:00:00+00:00,225.47039794921875,225.4801025390625,225.2899932861328,225.2899932861328,124757
2025-08-21 15:01:00+00:00,225.35879516601562,225.4499969482422,225.3249969482422,225.4499969482422,35819
2025-08-21 15:02:00+00:00,225.27630615234375,225.35450744628906,225.22999572753906,225.35450744628906,36423
2025-08-21 15:03:00+00:00,225.0500030517578,225.3000030517578,225.0500030517578,225.2449951171875,66543
2025-08-21 15:04:00+00:00,225.1199951171875,225.14999389648438,225.0,225.04229736328125,62481
2025-08-21 15:05:00+00:00,225.02000427246094,225.1300048828125,224.99000549316406,225.1300048828125,73672
2025-08-21 15:06:00+00:00,225.0399932861328,225.139892578125,225.00999450683594,225.02000427246094,63168
2025-08-21 15:07:00+00:00,225.05999755859375,225.10000610351562,225.0,225.02999877929688,39192
2025-08-21 15:08:00+00:00,225.27499389648438,225.2899932861328,225.06390380859375,225.07000732421875,92621
2025-08-21 15:09:00+00:00,225.1999969482422,225.2949981689453,225.14999389648438,225.2899932861328,47309
2025-08-21 15:10:00+00:00,225.13999938964844,225.1999969482422,225.11000061035156,225.19000244140625,57644
2025-08-21 15:11:00+00:00,224.86000061035156,225.14999389648438,224.86000061035156,225.14999389648438,106798
2025-08-21 15:12:00+00:00,224.71499633789062,224.90989685058594,224.67999267578125,224.8699951171875,101182
2025-08-21 15:13:00+00:00,224.8000030517578,224.91990661621094,224.72000122070312,224.7299041748047,74881
2025-08-21 15:14:00+00:00,224.67999267578125,224.81419372558594,224.63999938964844,224.7899932861328,88161
2025-08-21 15:15:00+00:00,224.70010375976562,224.79319763183594,224.63999938964844,224.6699981689453,87921
2025-08-21 15:16:00+00:00,224.8249969482422,224.8800048828125,224.6999969482422,224.7050018310547,71842
2025-08-21 15:17:00+00:00,224.9600067138672,224.9600067138672,224.75999450683594,224.80999755859375,74991
2025-08-21 15:18:00+00:00,224.75,225.07000732421875,224.75,224.94500732421875,65630
2025-08-21 15:19:00+00:00,224.72999572753906,224.82000732421875,224.69009399414062,224.74969482421875,64968
2025-08-21 15:20:00+00:00,224.78500366210938,224.82000732421875,224.7126007080078,224.72999572753906,48735
2025-08-21 15:21:00+00:00,224.69000244140625,224.7899932861328,224.5800018310547,224.77999877929688,75125
2025-08-21 15:22:00+00:00,224.5384063720703,224.6999969482422,224.52499389648438,224.6999969482422,80855
2025-08-21 15:23:00+00:00,225.02999877929688,225.0399932861328,224.51010131835938,224.5283966064453,132854
2025-08-21 15:24:00+00:00,225.07980346679688,225.15859985351562,225.0,225.02999877929688,85782
2025-08-21 15:25:00+00:00,225.08999633789062,225.13999938964844,225.00999450683594,225.07139587402344,57393
2025-08-21 15:26:00+00:00,225.02000427246094,225.11000061035156,224.97970581054688,225.08999633789062,49172
2025-08-21 15:27:00+00:00,225.0399932861328,225.15499877929688,225.02000427246094,225.02000427246094,41192
2025-08-21 15:28:00+00:00,225.10000610351562,225.13160705566406,225.02000427246094,225.0500030517578,39891
2025-08-21 15:29:00+00:00,225.1300048828125,225.17019653320312,225.0,225.11000061035156,78595
2025-08-21 15:30:00+00:00,225.2574005126953,225.28900146484375,225.11500549316406,225.13499450683594,66183
2025-08-21 15:31:00+00:00,225.23989868164062,225.25259399414062,225.1199951171875,225.25259399414062,49584
2025-08-21 15:32:00+00:00,225.24000549316406,225.27999877929688,225.1300048828125,225.22000122070312,43588
2025-08-21 15:33:00+00:00,225.5157928466797,225.52000427246094,225.24000549316406,225.25990295410156,86714
2025-08-21 15:34:00+00:00,225.5050048828125,225.53619384765625,225.4384002685547,225.52000427246094,53705
2025-08-21 15:35:00+00:00,225.5500030517578,225.5657958984375,225.4600067138672,225.50999450683594,54532
2025-08-21 15:36:00+00:00,225.50999450683594,225.61000061035156,225.49000549316406,225.5615997314453,91741
2025-08-21 15:37:00+00:00,225.61500549316406,225.65499877929688,225.47999572753906,225.50840759277344,63220
2025-08-21 15:38:00+00:00,225.61000061035156,225.67999267578125,225.52000427246094,225.6300048828125,66532
2025-08-21 15:39:00+00:00,225.6999969482422,225.6999969482422,225.58999633789062,225.61000061035156,42338
2025-08-21 15:40:00+00:00,225.79440307617188,225.83999633789062,225.69000244140625,225.6999969482422,85934
2025-08-21 15:41:00+00:00,225.7899932861328,225.8300018310547,225.6999969482422,225.7899932861328,38714
2025-08-21 15:42:00+00:00,225.82000732421875,225.83999633789062,225.74000549316406,225.77999877929688,38140
2025-08-21 15:43:00+00:00,225.72999572753906,225.8350067138672,225.6800994873047,225.8350067138672,48721
2025-08-21 15:44:00+00:00,225.75999450683594,225.77000427246094,225.69000244140625,225.73500061035156,41793
2025-08-21 15:45:00+00:00,225.66009521484375,225.77000427246094,225.66009521484375,225.76499938964844,55988
2025-08-21 15:46:00+00:00,225.65159606933594,225.69000244140625,225.61000061035156,225.67799377441406,53318
2025-08-21 15:47:00+00:00,225.52000427246094,225.6699981689453,225.52000427246094,225.64999389648438,37097
2025-08-21 15:48:00+00:00,225.6230010986328,225.6230010986328,225.4949951171875,225.52999877929688,47682
2025-08-21 15:49:00+00:00,225.55999755859375,225.60000610351562,225.50489807128906,225.58999633789062,21227
2025-08-21 15:50:00+00:00,225.43870544433594,225.5500030517578,225.43870544433594,225.5449981689453,42751
2025-08-21 15:51:00+00:00,225.53660583496094,225.5399932861328,225.39999389648438,225.4199981689453,43926
2025-08-21 15:52:00+00:00,225.4300994873047,225.5449981689453,225.4199981689453,225.52499389648438,56430
2025-08-21 15:53:00+00:00,225.2899932861328,225.42999267578125,225.2899932861328,225.42999267578125,59985
2025-08-21 15:54:00+00:00,225.35000610351562,225.38999938964844,225.27000427246094,225.27999877929688,44033
2025-08-21 15:55:00+00:00,225.33999633789062,225.41000366210938,225.30160522460938,225.35000610351562,38246
2025-08-21 15:56:00+00:00,225.41000366210938,225.4499969482422,225.22999572753906,225.33999633789062,57178
2025-08-21 15:57:00+00:00,225.360107421875,225.42030334472656,225.33399963378906,225.39999389648438,36297
2025-08-21 15:58:00+00:00,225.31500244140625,225.3903045654297,225.30859375,225.3699951171875,31757
2025-08-21 15:59:00+00:00,225.25999450683594,225.32159423828125,225.25,225.30999755859375,28816
2025-08-21 16:00:00+00:00,225.16000366210938,225.27499389648438,225.1551055908203,225.25999450683594,48008
2025-08-21 16:01:00+00:00,225.11000061035156,225.19000244140625,225.10000610351562,225.17999267578125,39551
2025-08-21 16:02:00+00:00,225.1428985595703,225.19000244140625,225.09500122070312,225.11990356445312,36251
2025-08-21 16:03:00+00:00,225.19000244140625,225.25,225.1199951171875,225.14500427246094,31148
2025-08-21 16:04:00+00:00,225.0850067138672,225.2050018310547,225.0709991455078,225.2050018310547,50927
2025-08-21 16:05:00+00:00,225.0850067138672,225.12159729003906,225.07000732421875,225.07000732421875,29640
2025-08-21 16:06:00+00:00,225.0800018310547,225.11000061035156,225.05499267578125,225.0850067138672,33137
2025-08-21 16:07:00+00:00,225.16929626464844,225.18499755859375,225.06500244140625,225.07000732421875,47435
2025-08-21 16:08:00+00:00,225.1199951171875,225.17999267578125,225.08999633789062,225.16859436035156,33820
2025-08-21 16:09:00+00:00,225.02000427246094,225.1699981689453,225.02000427246094,225.11000061035156,29937
2025-08-21 16:10:00+00:00,225.0500030517578,225.08999633789062,224.9949951171875,225.00999450683594,48093
2025-08-21 16:11:00+00:00,225.0236053466797,225.10299682617188,225.02000427246094,225.0500030517578,32687
2025-08-21 16:12:00+00:00,225.10000610351562,225.10000610351562,225.0050048828125,225.02499389648438,25626
2025-08-21 16:13:00+00:00,225.12989807128906,225.14500427246094,225.0800018310547,225.08999633789062,32949
2025-08-21 16:14:00+00:00,224.9949951171875,225.1199951171875,224.99000549316406,225.1199951171875,46000
2025-08-21 16:15:00+00:00,224.9499969482422,225.02999877929688,224.9499969482422,224.97999572753906,48300
2025-08-21 16:16:00+00:00,225.0,225.0050048828125,224.92999267578125,224.97000122070312,43675
2025-08-21 16:17:00+00:00,225.0500030517578,225.06500244140625,224.97999572753906,225.0,48454
2025-08-21 16:18:00+00:00,225.00999450683594,225.0749969482422,224.92999267578125,225.0500030517578,42789
2025-08-21 16:19:00+00:00,224.92999267578125,225.02000427246094,224.89999389648438,225.00050354003906,46048
2025-08-21 16:20:00+00:00,224.85159301757812,224.9199981689453,224.8000030517578,224.9199981689453,74648
2025-08-21 16:21:00+00:00,224.8800048828125,224.89999389648438,224.8000030517578,224.84500122070312,45723
2025-08-21 16:22:00+00:00,225.0,225.0,224.875,224.8800048828125,37916
2025-08-21 16:23:00+00:00,225.0749969482422,225.0800018310547,224.91000366210938,224.9550018310547,39497
2025-08-21 16:24:00+00:00,224.98500061035156,225.07069396972656,224.97000122070312,225.07069396972656,41649
2025-08-21 16:25:00+00:00,225.02000427246094,225.0500030517578,224.9600067138672,224.98240661621094,29061
2025-08-21 16:26:00+00:00,224.8300018310547,225.00999450683594,224.8300018310547,225.00999450683594,56881
2025-08-21 16:27:00+00:00,224.84010314941406,224.88499450683594,224.8000030517578,224.83740234375,51515
2025-08-21 16:28:00+00:00,224.80999755859375,224.8686065673828,224.80270385742188,224.83999633789062,35771
2025-08-21 16:29:00+00:00,224.8300018310547,224.84500122070312,224.8083953857422,224.8083953857422,23280
2025-08-21 16:30:00+00:00,224.9499969482422,224.9499969482422,224.78500366210938,224.8300018310547,47451
2025-08-21 16:31:00+00:00,224.8000030517578,224.9499969482422,224.77999877929688,224.94000244140625,35525
2025-08-21 16:32:00+00:00,224.77999877929688,224.8699951171875,224.77000427246094,224.8000030517578,41690
2025-08-21 16:33:00+00:00,224.72000122070312,224.8249969482422,224.6999969482422,224.77999877929688,48290
2025-08-21 16:34:00+00:00,224.7613983154297,224.7899932861328,224.6999969482422,224.72999572753906,30817
2025-08-21 16:35:00+00:00,224.72950744628906,224.7698974609375,224.69000244140625,224.75999450683594,33105
2025-08-21 16:36:00+00:00,224.85000610351562,224.86929321289062,224.7449951171875,224.74989318847656,34280
2025-08-21 16:37:00+00:00,224.80999755859375,224.83999633789062,224.77000427246094,224.83999633789062,40683
2025-08-21 16:38:00+00:00,224.9219970703125,224.94850158691406,224.82000732421875,224.82000732421875,47268
2025-08-21 16:39:00+00:00,224.96499633789062,224.99630737304688,224.8800048828125,224.9199981689453,37234
2025-08-21 16:40:00+00:00,224.83999633789062,224.9600067138672,224.77999877929688,224.9600067138672,42887
2025-08-21 16:41:00+00:00,224.9501953125,224.97000122070312,224.8350067138672,224.83999633789062,37870
2025-08-21 16:42:00+00:00,224.92999267578125,224.9499969482422,224.86500549316406,224.9499969482422,33333
2025-08-21 16:43:00+00:00,224.8000030517578,224.92999267578125,224.77499389648438,224.9199981689453,36600
2025-08-21 16:44:00+00:00,224.72509765625,224.81500244140625,224.7100067138672,224.8000030517578,33910
2025-08-21 16:45:00+00:00,224.77850341796875,224.80499267578125,224.6999969482422,224.72850036621094,40568
2025-08-21 16:46:00+00:00,224.77499389648438,224.77499389648438,224.6999969482422,224.7700958251953,37999
2025-08-21 16:47:00+00:00,224.75,224.77999877929688,224.74000549316406,224.77000427246094,33631
2025-08-21 16:48:00+00:00,224.74000549316406,224.77000427246094,224.7100067138672,224.7449951171875,41010
2025-08-21 16:49:00+00:00,224.80999755859375,224.82839965820312,224.72999572753906,224.75,47777
2025-08-21 16:50:00+00:00,224.83999633789062,224.8699951171875,224.77999877929688,224.80999755859375,41346
2025-08-21 16:51:00+00:00,224.88499450683594,224.88999938964844,224.77999877929688,224.83999633789062,35224
2025-08-21 16:52:00+00:00,224.9600067138672,224.97000122070312,224.8000030517578,224.88999938964844,50608
2025-08-21 16:53:00+00:00,224.9199981689453,225.00999450683594,224.9199981689453,224.9499969482422,47635
2025-08-21 16:54:00+00:00,224.94000244140625,224.9499969482422,224.8699951171875,224.92999267578125,31078
2025-08-21 16:55:00+00:00,224.9250030517578,224.96420288085938,224.88999938964844,224.92999267578125,38747
2025-08-21 16:56:00+00:00,224.80999755859375,224.9241943359375,224.80999755859375,224.9149932861328,49219
2025-08-21 16:57:00+00:00,224.74130249023438,224.8300018310547,224.74130249023438,224.80999755859375,36009
2025-08-21 16:58:00+00:00,224.58999633789062,224.77499389648438,224.58999633789062,224.7449951171875,66666
2025-08-21 16:59:00+00:00,224.61000061035156,224.63470458984375,224.5399932861328,224.60000610351562,46776
2025-08-21 17:00:00+00:00,224.58700561523438,224.63999938964844,224.52999877929688,224.6199951171875,41348
2025-08-21 17:01:00+00:00,224.5216064453125,224.5915985107422,224.50999450683594,224.5800018310547,53462
2025-08-21 17:02:00+00:00,224.55999755859375,224.57000732421875,224.4199981689453,224.50999450683594,105591
2025-08-21 17:03:00+00:00,224.5800018310547,224.63999938964844,224.5596923828125,224.57000732421875,45203
2025-08-21 17:04:00+00:00,224.63999938964844,224.64500427246094,224.57009887695312,224.5850067138672,32563
2025-08-21 17:05:00+00:00,224.77000427246094,224.77999877929688,224.610595703125,224.639892578125,66734
2025-08-21 17:06:00+00:00,224.80999755859375,224.82000732421875,224.72000122070312,224.77499389648438,37767
2025-08-21 17:07:00+00:00,224.70010375976562,224.80999755859375,224.70010375976562,224.8011932373047,43512
2025-08-21 17:08:00+00:00,224.7050018310547,224.76080322265625,224.6761016845703,224.7050018310547,40411
2025-08-21 17:09:00+00:00,224.60499572753906,224.74000549316406,224.60000610351562,224.7100067138672,33293
2025-08-21 17:10:00+00:00,224.44000244140625,224.60000610351562,224.4300994873047,224.60000610351562,76071
2025-08-21 17:11:00+00:00,224.38009643554688,224.4696044921875,224.3300018310547,224.4550018310547,76846
2025-08-21 17:12:00+00:00,224.4199981689453,224.4499969482422,224.3800048828125,224.3800048828125,66821
2025-08-21 17:13:00+00:00,224.3699951171875,224.4499969482422,224.3699951171875,224.41000366210938,80463
2025-08-21 17:14:00+00:00,224.36000061035156,224.3800048828125,224.31500244140625,224.37010192871094,51006
2025-08-21 17:15:00+00:00,224.27000427246094,224.3699951171875,224.27000427246094,224.35000610351562,71941
2025-08-21 17:16:00+00:00,224.1199951171875,224.2899932861328,224.06500244140625,224.26499938964844,117317
2025-08-21 17:17:00+00:00,224.14999389648438,224.17999267578125,224.05499267578125,224.1300048828125,99517
2025-08-21 17:18:00+00:00,224.22999572753906,224.2382049560547,224.1501007080078,224.16000366210938,81822
2025-08-21 17:19:00+00:00,224.11000061035156,224.2169952392578,224.0800018310547,224.2100067138672,42844
2025-08-21 17:20:00+00:00,224.05999755859375,224.1300048828125,224.02000427246094,224.11000061035156,58340
2025-08-21 17:21:00+00:00,223.94500732421875,224.0699005126953,223.91000366210938,224.05999755859375,157134
2025-08-21 17:22:00+00:00,223.82009887695312,223.97500610351562,223.8000030517578,223.9499969482422,109700
2025-08-21 17:23:00+00:00,223.88499450683594,223.88499450683594,223.7803955078125,223.8300018310547,97430
2025-08-21 17:24:00+00:00,223.94459533691406,224.0699005126953,223.86839294433594,223.8863067626953,109851
2025-08-21 17:25:00+00:00,223.99000549316406,224.0198974609375,223.89999389648438,223.9550018310547,51632
2025-08-21 17:26:00+00:00,223.91009521484375,224.0157928466797,223.91000366210938,223.9949951171875,55378
2025-08-21 17:27:00+00:00,224.11000061035156,224.1300048828125,223.9199981689453,223.9199981689453,60759
2025-08-21 17:28:00+00:00,224.19000244140625,224.1999969482422,224.05999755859375,224.110107421875,86541
2025-08-21 17:29:00+00:00,224.1750030517578,224.22000122070312,224.110107421875,224.19009399414062,51352
2025-08-21 17:30:00+00:00,224.1999969482422,224.25999450683594,224.16000366210938,224.17080688476562,53372
2025-08-21 17:31:00+00:00,224.38999938964844,224.38999938964844,224.19009399414062,224.19500732421875,63943
2025-08-21 17:32:00+00:00,224.33999633789062,224.38999938964844,224.27000427246094,224.38999938964844,50357
2025-08-21 17:33:00+00:00,224.42999267578125,224.44000244140625,224.3419952392578,224.35000610351562,37984
2025-08-21 17:34:00+00:00,224.47999572753906,224.50999450683594,224.38999938964844,224.41000366210938,61774
2025-08-21 17:35:00+00:00,224.5500030517578,224.55999755859375,224.4600067138672,224.49000549316406,57306
2025-08-21 17:36:00+00:00,224.58999633789062,224.60499572753906,224.52499389648438,224.5500030517578,50494
2025-08-21 17:37:00+00:00,224.61000061035156,224.6750030517578,224.5800018310547,224.58999633789062,78402
2025-08-21 17:38:00+00:00,224.60000610351562,224.63999938964844,224.57000732421875,224.61000061035156,64139
2025-08-21 17:39:00+00:00,224.69009399414062,224.6999969482422,224.60000610351562,224.60000610351562,41812
2025-08-21 17:40:00+00:00,224.75,224.77000427246094,224.6699981689453,224.6999969482422,74380
2025-08-21 17:41:00+00:00,224.72000122070312,224.77850341796875,224.6999969482422,224.74020385742188,54399
2025-08-21 17:42:00+00:00,224.60499572753906,224.72999572753906,224.57000732421875,224.7100067138672,53723
2025-08-21 17:43:00+00:00,224.64999389648438,224.6699981689453,224.60000610351562,224.6300048828125,33458
2025-08-21 17:44:00+00:00,224.55499267578125,224.65499877929688,224.52999877929688,224.64999389648438,35287
2025-08-21 17:45:00+00:00,224.61000061035156,224.64999389648438,224.5399932861328,224.5399932861328,43208
2025-08-21 17:46:00+00:00,224.6313018798828,224.66990661621094,224.56500244140625,224.6199951171875,39817
2025-08-21 17:47:00+00:00,224.74000549316406,224.75,224.5937042236328,224.63499450683594,43721
2025-08-21 17:48:00+00:00,224.7050018310547,224.73629760742188,224.6699981689453,224.73500061035156,37816
2025-08-21 17:49:00+00:00,224.6750030517578,224.72000122070312,224.63999938964844,224.7100067138672,31729
2025-08-21 17:50:00+00:00,224.6999969482422,224.74000549316406,224.6699981689453,224.6699981689453,28461
2025-08-21 17:51:00+00:00,224.57000732421875,224.6999969482422,224.55999755859375,224.6999969482422,41478
2025-08-21 17:52:00+00:00,224.64999389648438,224.64999389648438,224.5738067626953,224.58999633789062,36511
2025-08-21 17:53:00+00:00,224.63999938964844,224.66000366210938,224.5500030517578,224.66000366210938,36826
2025-08-21 17:54:00+00:00,224.63999938964844,224.63999938964844,224.60049438476562,224.63009643554688,17957
2025-08-21 17:55:00+00:00,224.67999267578125,224.69000244140625,224.6199951171875,224.63999938964844,23814
2025-08-21 17:56:00+00:00,224.64999389648438,224.70509338378906,224.64999389648438,224.69000244140625,21413
2025-08-21 17:57:00+00:00,224.64999389648438,224.67999267578125,224.60060119628906,224.66000366210938,21084
2025-08-21 17:58:00+00:00,224.63999938964844,224.6699981689453,224.6199951171875,224.64999389648438,17290
2025-08-21 17:59:00+00:00,224.55999755859375,224.64019775390625,224.5500030517578,224.63499450683594,48136
2025-08-21 18:00:00+00:00,224.5399932861328,224.55999755859375,224.4499969482422,224.5500030517578,74713
2025-08-21 18:01:00+00:00,224.5,224.5399932861328,224.48500061035156,224.5399932861328,41693
2025-08-21 18:02:00+00:00,224.4600067138672,224.55929565429688,224.4600067138672,224.5,26722
2025-08-21 18:03:00+00:00,224.42999267578125,224.4698944091797,224.41000366210938,224.4600067138672,23349
2025-08-21 18:04:00+00:00,224.47999572753906,224.49710083007812,224.42999267578125,224.43499755859375,38959
2025-08-21 18:05:00+00:00,224.50999450683594,224.50999450683594,224.42359924316406,224.47000122070312,29416
2025-08-21 18:06:00+00:00,224.49000549316406,224.52999877929688,224.4199981689453,224.52000427246094,34493
2025-08-21 18:07:00+00:00,224.4199981689453,224.52999877929688,224.4199981689453,224.5,26582
2025-08-21 18:08:00+00:00,224.47509765625,224.47509765625,224.3699951171875,224.42999267578125,42119
2025-08-21 18:09:00+00:00,224.4199981689453,224.49000549316406,224.39999389648438,224.47300720214844,28133
2025-08-21 18:10:00+00:00,224.3800048828125,224.43499755859375,224.3596954345703,224.4199981689453,36544
2025-08-21 18:11:00+00:00,224.4199981689453,224.4199981689453,224.33999633789062,224.375,35482
2025-08-21 18:12:00+00:00,224.44000244140625,224.47630310058594,224.41000366210938,224.4199981689453,28371
2025-08-21 18:13:00+00:00,224.50999450683594,224.52000427246094,224.44000244140625,224.44500732421875,42655
2025-08-21 18:14:00+00:00,224.49000549316406,224.53500366210938,224.47999572753906,224.5,30307
2025-08-21 18:15:00+00:00,224.4499969482422,224.47999572753906,224.41000366210938,224.4600067138672,37242
2025-08-21 18:16:00+00:00,224.47500610351562,224.52999877929688,224.47000122070312,224.47000122070312,24628
2025-08-21 18:17:00+00:00,224.55490112304688,224.57000732421875,224.47500610351562,224.47500610351562,32242
2025-08-21 18:18:00+00:00,224.52499389648438,224.58999633789062,224.52499389648438,224.55499267578125,36258
2025-08-21 18:19:00+00:00,224.5449981689453,224.57000732421875,224.51499938964844,224.52999877929688,37973
2025-08-21 18:20:00+00:00,224.49000549316406,224.55999755859375,224.45370483398438,224.5572052001953,39571
2025-08-21 18:21:00+00:00,224.46200561523438,224.50999450683594,224.4499969482422,224.49159240722656,26722
2025-08-21 18:22:00+00:00,224.39999389648438,224.4864959716797,224.39999389648438,224.4501953125,40351
2025-08-21 18:23:00+00:00,224.35000610351562,224.4199981689453,224.34539794921875,224.40499877929688,32090
2025-08-21 18:24:00+00:00,224.42840576171875,224.42999267578125,224.35000610351562,224.35499572753906,33048
2025-08-21 18:25:00+00:00,224.3699951171875,224.42999267578125,224.36000061035156,224.42999267578125,25794
2025-08-21 18:26:00+00:00,224.35499572753906,224.39999389648438,224.35350036621094,224.3800048828125,30629
2025-08-21 18:27:00+00:00,224.3350067138672,224.37010192871094,224.30999755859375,224.3699951171875,82390
2025-08-21 18:28:00+00:00,224.30999755859375,224.36000061035156,224.3000030517578,224.3350067138672,50146
2025-08-21 18:29:00+00:00,224.22999572753906,224.3350067138672,224.19000244140625,224.31500244140625,60004
2025-08-21 18:30:00+00:00,224.20809936523438,224.2449951171875,224.0941925048828,224.22349548339844,71153
2025-08-21 18:31:00+00:00,224.22999572753906,224.27000427246094,224.2100067138672,224.2100067138672,44719
2025-08-21 18:32:00+00:00,224.26499938964844,224.27999877929688,224.21580505371094,224.22000122070312,27705
2025-08-21 18:33:00+00:00,224.22999572753906,224.30999755859375,224.1977996826172,224.27000427246094,39310
2025-08-21 18:34:00+00:00,224.23019409179688,224.25999450683594,224.1999969482422,224.24000549316406,30461
2025-08-21 18:35:00+00:00,224.39999389648438,224.42999267578125,224.22999572753906,224.24000549316406,54981
2025-08-21 18:36:00+00:00,224.36000061035156,224.3957977294922,224.3300018310547,224.3957977294922,34293
2025-08-21 18:37:00+00:00,224.43499755859375,224.43499755859375,224.33999633789062,224.36000061035156,45257
2025-08-21 18:38:00+00:00,224.40899658203125,224.4600067138672,224.39999389648438,224.4149932861328,51404
2025-08-21 18:39:00+00:00,224.42999267578125,224.47000122070312,224.39999389648438,224.41000366210938,22635
2025-08-21 18:40:00+00:00,224.38070678710938,224.4499969482422,224.38070678710938,224.41360473632812,36319
2025-08-21 18:41:00+00:00,224.33999633789062,224.38499450683594,224.3300018310547,224.38499450683594,33612
2025-08-21 18:42:00+00:00,224.3498992919922,224.35000610351562,224.2906951904297,224.33999633789062,44437
2025-08-21 18:43:00+00:00,224.2899932861328,224.38999938964844,224.2899932861328,224.35000610351562,63459
2025-08-21 18:44:00+00:00,224.27499389648438,224.31500244140625,224.26010131835938,224.2899932861328,39413
2025-08-21 18:45:00+00:00,224.20159912109375,224.27999877929688,224.19000244140625,224.27999877929688,38244
2025-08-21 18:46:00+00:00,224.22999572753906,224.2675018310547,224.19009399414062,224.2100067138672,26967
2025-08-21 18:47:00+00:00,224.17010498046875,224.26499938964844,224.16000366210938,224.24000549316406,51923
2025-08-21 18:48:00+00:00,224.22999572753906,224.24989318847656,224.1699981689453,224.17999267578125,26189
2025-08-21 18:49:00+00:00,224.32000732421875,224.33929443359375,224.22999572753906,224.23500061035156,39636
2025-08-21 18:50:00+00:00,224.35000610351562,224.36160278320312,224.22999572753906,224.3300018310547,41506
2025-08-21 18:51:00+00:00,224.25999450683594,224.33999633789062,224.2534942626953,224.33999633789062,32972
2025-08-21 18:52:00+00:00,224.36000061035156,224.3800048828125,224.2550048828125,224.25999450683594,33260
2025-08-21 18:53:00+00:00,224.43499755859375,224.4499969482422,224.33999633789062,224.35499572753906,27979
2025-08-21 18:54:00+00:00,224.42999267578125,224.44000244140625,224.3800048828125,224.42999267578125,34951
2025-08-21 18:55:00+00:00,224.40499877929688,224.4499969482422,224.32000732421875,224.4199981689453,60308
2025-08-21 18:56:00+00:00,224.55999755859375,224.58990478515625,224.39999389648438,224.41000366210938,55441
2025-08-21 18:57:00+00:00,224.5449981689453,224.5574951171875,224.51060485839844,224.5500030517578,26224
2025-08-21 18:58:00+00:00,224.55999755859375,224.55999755859375,224.4884033203125,224.5399932861328,45631
2025-08-21 18:59:00+00:00,224.50999450683594,224.5500030517578,224.5,224.5500030517578,32234
2025-08-21 19:00:00+00:00,224.59500122070312,224.59500122070312,224.47999572753906,224.5,41715
2025-08-21 19:01:00+00:00,224.59129333496094,224.6085968017578,224.5399932861328,224.60000610351562,37803
2025-08-21 19:02:00+00:00,224.69000244140625,224.69500732421875,224.58120727539062,224.58999633789062,38964
2025-08-21 19:03:00+00:00,224.63999938964844,224.68179321289062,224.63499450683594,224.67999267578125,34761
2025-08-21 19:04:00+00:00,224.6699981689453,224.68539428710938,224.6300048828125,224.65499877929688,30931
2025-08-21 19:05:00+00:00,224.75990295410156,224.75999450683594,224.66160583496094,224.67999267578125,52436
2025-08-21 19:06:00+00:00,224.77000427246094,224.80999755859375,224.7449951171875,224.75999450683594,58420
2025-08-21 19:07:00+00:00,224.75999450683594,224.8000030517578,224.75,224.76840209960938,46975
2025-08-21 19:08:00+00:00,224.8300018310547,224.83999633789062,224.75,224.75999450683594,45633
2025-08-21 19:09:00+00:00,224.80499267578125,224.8699951171875,224.7899932861328,224.8300018310547,56800
2025-08-21 19:10:00+00:00,224.8249969482422,224.875,224.80490112304688,224.80490112304688,40612
2025-08-21 19:11:00+00:00,224.86500549316406,224.88999938964844,224.80499267578125,224.82000732421875,42367
2025-08-21 19:12:00+00:00,224.8300018310547,224.89999389648438,224.82000732421875,224.8699951171875,42333
2025-08-21 19:13:00+00:00,224.7550048828125,224.84539794921875,224.75450134277344,224.8300018310547,37076
2025-08-21 19:14:00+00:00,224.80160522460938,224.80929565429688,224.7100067138672,224.77000427246094,41666
2025-08-21 19:15:00+00:00,224.72250366210938,224.80499267578125,224.6999969482422,224.80499267578125,36118
2025-08-21 19:16:00+00:00,224.73500061035156,224.77000427246094,224.6999969482422,224.73500061035156,40179
2025-08-21 19:17:00+00:00,224.7949981689453,224.81500244140625,224.72500610351562,224.73500061035156,39874
2025-08-21 19:18:00+00:00,224.8300018310547,224.88499450683594,224.78500366210938,224.7899932861328,67417
2025-08-21 19:19:00+00:00,224.7899932861328,224.8350067138672,224.74000549316406,224.83419799804688,52156
2025-08-21 19:20:00+00:00,224.85499572753906,224.86000061035156,224.7700958251953,224.78509521484375,44600
2025-08-21 19:21:00+00:00,224.82000732421875,224.89999389648438,224.8148956298828,224.85499572753906,56455
2025-08-21 19:22:00+00:00,224.82000732421875,224.8350067138672,224.77999877929688,224.8300018310547,28800
2025-08-21 19:23:00+00:00,224.97000122070312,224.97000122070312,224.8249969482422,224.8249969482422,60861
2025-08-21 19:24:00+00:00,225.03500366210938,225.05499267578125,224.9600067138672,224.9600067138672,85506
2025-08-21 19:25:00+00:00,225.02000427246094,225.0399932861328,224.97999572753906,225.02000427246094,65097
2025-08-21 19:26:00+00:00,225.0399932861328,225.0500030517578,224.99000549316406,225.02000427246094,68683
2025-08-21 19:27:00+00:00,224.96539306640625,225.02999877929688,224.91000366210938,225.02999877929688,67590
2025-08-21 19:28:00+00:00,224.93499755859375,225.02499389648438,224.91000366210938,224.96499633789062,80334
2025-08-21 19:29:00+00:00,224.8800048828125,224.93499755859375,224.860107421875,224.93499755859375,49797
2025-08-21 19:30:00+00:00,224.79010009765625,224.9199981689453,224.7700958251953,224.89999389648438,44369
2025-08-21 19:31:00+00:00,224.75,224.7949981689453,224.7100067138672,224.7949981689453,47005
2025-08-21 19:32:00+00:00,224.7050018310547,224.8300018310547,224.69000244140625,224.75509643554688,122076
2025-08-21 19:33:00+00:00,224.61839294433594,224.71499633789062,224.61839294433594,224.7050018310547,60585
2025-08-21 19:34:00+00:00,224.61000061035156,224.66990661621094,224.61000061035156,224.6199951171875,49546
2025-08-21 19:35:00+00:00,224.49000549316406,224.6342010498047,224.46499633789062,224.6199951171875,57975
2025-08-21 19:36:00+00:00,224.4600067138672,224.49000549316406,224.42999267578125,224.48500061035156,66220
2025-08-21 19:37:00+00:00,224.42999267578125,224.5050048828125,224.40370178222656,224.47000122070312,45897
2025-08-21 19:38:00+00:00,224.4499969482422,224.4600067138672,224.38839721679688,224.42999267578125,51712
2025-08-21 19:39:00+00:00,224.47500610351562,224.49000549316406,224.42999267578125,224.44000244140625,60054
2025-08-21 19:40:00+00:00,224.6199951171875,224.64999389648438,224.4499969482422,224.47000122070312,333911
2025-08-21 19:41:00+00:00,224.58999633789062,224.6300048828125,224.5500030517578,224.625,87527
2025-08-21 19:42:00+00:00,224.62429809570312,224.66000366210938,224.5800018310547,224.5800018310547,168859
2025-08-21 19:43:00+00:00,224.66000366210938,224.69000244140625,224.625,224.625,82179
2025-08-21 19:44:00+00:00,224.7550048828125,224.77999877929688,224.6649932861328,224.6649932861328,171466
2025-08-21 19:45:00+00:00,224.71499633789062,224.80999755859375,224.6750030517578,224.75880432128906,89555
2025-08-21 19:46:00+00:00,224.7449951171875,224.81500244140625,224.71499633789062,224.72000122070312,85641
2025-08-21 19:47:00+00:00,224.69500732421875,224.80029296875,224.66000366210938,224.75,56308
2025-08-21 19:48:00+00:00,224.74000549316406,224.75,224.69000244140625,224.69000244140625,81542
2025-08-21 19:49:00+00:00,224.80999755859375,224.82000732421875,224.72999572753906,224.74000549316406,159029
2025-08-21 19:50:00+00:00,224.86500549316406,224.9199981689453,224.8101043701172,224.82000732421875,130818
2025-08-21 19:51:00+00:00,224.9199981689453,224.9600067138672,224.85000610351562,224.86000061035156,102207
2025-08-21 19:52:00+00:00,224.91009521484375,225.02999877929688,224.89999389648438,224.92999267578125,127442
2025-08-21 19:53:00+00:00,224.93539428710938,224.94000244140625,224.83999633789062,224.91000366210938,84146
2025-08-21 19:54:00+00:00,225.0500030517578,225.25,224.80999755859375,224.92999267578125,249496
2025-08-21 19:55:00+00:00,225.0,225.16000366210938,224.94000244140625,225.0500030517578,170246
2025-08-21 19:56:00+00:00,225.06280517578125,225.0800018310547,224.94009399414062,224.9949951171875,176375
2025-08-21 19:57:00+00:00,224.8000030517578,225.07000732421875,224.8000030517578,225.06500244140625,195868
2025-08-21 19:58:00+00:00,224.78500366210938,224.85499572753906,224.74000549316406,224.80499267578125,241570
2025-08-21 19:59:00+00:00,224.91000366210938,225.02000427246094,224.7100067138672,224.78500366210938,577752
2025-08-22 13:30:00+00:00,226.4499969482422,226.7100067138672,225.86000061035156,226.1699981689453,1197365
2025-08-22 13:31:00+00:00,226.0449981689453,226.9600067138672,226.0,226.39999389648438,158444
2025-08-22 13:32:00+00:00,225.90499877929688,226.08999633789062,225.89999389648438,226.0,28450
2025-08-22 13:33:00+00:00,225.68499755859375,226.03990173339844,225.68499755859375,226.03990173339844,234737
2025-08-22 13:34:00+00:00,225.6999969482422,226.0500030517578,225.6649932861328,225.72000122070312,108591
2025-08-22 13:35:00+00:00,225.67999267578125,225.94000244140625,225.41000366210938,225.68499755859375,114959
2025-08-22 13:36:00+00:00,226.07009887695312,226.10989379882812,225.69000244140625,225.69000244140625,87609
2025-08-22 13:37:00+00:00,226.16000366210938,226.1898956298828,225.92999267578125,226.0800018310547,80352
2025-08-22 13:38:00+00:00,225.88499450683594,226.22000122070312,225.85000610351562,226.1699981689453,96446
2025-08-22 13:39:00+00:00,225.97999572753906,226.0,225.7801055908203,225.875,59238
2025-08-22 13:40:00+00:00,226.3699951171875,226.39500427246094,225.9550018310547,225.9550018310547,78377
2025-08-22 13:41:00+00:00,226.7100067138672,226.75,226.25999450683594,226.36000061035156,122246
2025-08-22 13:42:00+00:00,226.64500427246094,226.8300018310547,226.60060119628906,226.67999267578125,82958
2025-08-22 13:43:00+00:00,226.8000030517578,226.8300018310547,226.6199951171875,226.64999389648438,63333
2025-08-22 13:44:00+00:00,226.77999877929688,226.88999938964844,226.60519409179688,226.80079650878906,105887
2025-08-22 13:45:00+00:00,226.7550048828125,226.98550415039062,226.75010681152344,226.77499389648438,150141
2025-08-22 13:46:00+00:00,226.2100067138672,226.75999450683594,226.1396942138672,226.75250244140625,158579
2025-08-22 13:47:00+00:00,226.2100067138672,226.3000030517578,226.1300048828125,226.21319580078125,87713
2025-08-22 13:48:00+00:00,226.343505859375,226.4199981689453,226.19000244140625,226.2050018310547,68771
2025-08-22 13:49:00+00:00,226.25,226.3300018310547,226.16400146484375,226.3300018310547,55890
2025-08-22 13:50:00+00:00,226.11000061035156,226.32000732421875,226.0399932861328,226.2100067138672,73175
2025-08-22 13:51:00+00:00,226.16000366210938,226.22000122070312,226.02000427246094,226.11289978027344,121759
2025-08-22 13:52:00+00:00,226.30999755859375,226.30999755859375,226.12399291992188,226.13999938964844,71316
2025-08-22 13:53:00+00:00,226.33999633789062,226.4199981689453,226.30499267578125,226.3300018310547,49369
2025-08-22 13:54:00+00:00,226.27969360351562,226.4250030517578,226.17999267578125,226.35000610351562,52704
2025-08-22 13:55:00+00:00,226.22000122070312,226.3300018310547,226.22000122070312,226.26499938964844,52588
2025-08-22 13:56:00+00:00,226.25999450683594,226.47000122070312,226.25,226.25,53917
2025-08-22 13:57:00+00:00,225.86000061035156,226.2449951171875,225.82000732421875,226.2449951171875,83258
2025-08-22 13:58:00+00:00,225.79710388183594,226.1199951171875,225.77000427246094,225.86000061035156,111063
2025-08-22 13:59:00+00:00,225.97999572753906,226.02999877929688,225.7996063232422,225.7996063232422,71183
2025-08-22 14:00:00+00:00,227.7154998779297,227.95919799804688,225.97000122070312,225.97000122070312,517523
2025-08-22 14:01:00+00:00,227.8300018310547,228.19000244140625,227.60499572753906,227.7100067138672,226659
2025-08-22 14:02:00+00:00,227.6999969482422,228.16000366210938,227.66000366210938,227.85000610351562,182617
2025-08-22 14:03:00+00:00,227.81100463867188,228.0198974609375,227.6199951171875,227.69000244140625,193536
2025-08-22 14:04:00+00:00,227.00999450683594,227.83999633789062,226.9550018310547,227.7899932861328,170612
2025-08-22 14:05:00+00:00,227.33920288085938,227.38499450683594,227.0,227.0,142463
2025-08-22 14:06:00+00:00,227.5,227.63999938964844,227.3000030517578,227.3699951171875,126591
2025-08-22 14:07:00+00:00,227.3000030517578,227.49000549316406,227.08810424804688,227.42999267578125,116150
2025-08-22 14:08:00+00:00,227.5749969482422,227.60499572753906,227.24000549316406,227.3249969482422,141945
2025-08-22 14:09:00+00:00,227.65040588378906,227.74989318847656,227.4499969482422,227.61500549316406,108442
2025-08-22 14:10:00+00:00,227.6649932861328,227.89990234375,227.625,227.69000244140625,104009
2025-08-22 14:11:00+00:00,227.49000549316406,227.75999450683594,227.44000244140625,227.6649932861328,119281
2025-08-22 14:12:00+00:00,227.31500244140625,227.61900329589844,227.3000030517578,227.49000549316406,90159
2025-08-22 14:13:00+00:00,227.4550018310547,227.52000427246094,227.22999572753906,227.2899932861328,104027
2025-08-22 14:14:00+00:00,227.60989379882812,227.72000122070312,227.47000122070312,227.47000122070312,86225
2025-08-22 14:15:00+00:00,228.11000061035156,228.1300048828125,227.56500244140625,227.58999633789062,135987
2025-08-22 14:16:00+00:00,228.13999938964844,228.15989685058594,227.9600067138672,228.09500122070312,124338
2025-08-22 14:17:00+00:00,227.77000427246094,228.1300048828125,227.5850067138672,228.125,169521
2025-08-22 14:18:00+00:00,227.4600067138672,227.78500366210938,227.33999633789062,227.75999450683594,95200
2025-08-22 14:19:00+00:00,227.49000549316406,227.5500030517578,227.3699951171875,227.4499969482422,93409
2025-08-22 14:20:00+00:00,227.58999633789062,227.6656951904297,227.35000610351562,227.47999572753906,97433
2025-08-22 14:21:00+00:00,227.56500244140625,227.78399658203125,227.49000549316406,227.5749969482422,122775
2025-08-22 14:22:00+00:00,227.76319885253906,227.80999755859375,227.50999450683594,227.57000732421875,99964
2025-08-22 14:23:00+00:00,227.58900451660156,227.86000061035156,227.57000732421875,227.74000549316406,109208
2025-08-22 14:24:00+00:00,227.73500061035156,227.77000427246094,227.4250030517578,227.57000732421875,358023
2025-08-22 14:25:00+00:00,228.02000427246094,228.02000427246094,227.72000122070312,227.77000427246094,109709
2025-08-22 14:26:00+00:00,228.00999450683594,228.07899475097656,227.8000030517578,228.02000427246094,148761
2025-08-22 14:27:00+00:00,227.7949981689453,228.0050048828125,227.70260620117188,228.0050048828125,98079
2025-08-22 14:28:00+00:00,227.8000030517578,227.9499969482422,227.69520568847656,227.78500366210938,51268
2025-08-22 14:29:00+00:00,227.9499969482422,228.07000732421875,227.77000427246094,227.8000030517578,116666
2025-08-22 14:30:00+00:00,227.99000549316406,228.19000244140625,227.89999389648438,227.97000122070312,115111
2025-08-22 14:31:00+00:00,228.4250030517578,228.44000244140625,227.99940490722656,228.07000732421875,210383
2025-08-22 14:32:00+00:00,228.5800018310547,228.6699981689453,228.44000244140625,228.44000244140625,181181
2025-08-22 14:33:00+00:00,228.39999389648438,228.602294921875,228.27999877929688,228.60000610351562,128002
2025-08-22 14:34:00+00:00,228.60650634765625,228.66000366210938,228.4149932861328,228.4149932861328,159057
2025-08-22 14:35:00+00:00,228.49000549316406,228.66000366210938,228.41000366210938,228.6300048828125,91159
2025-08-22 14:36:00+00:00,228.21499633789062,228.50860595703125,228.18600463867188,228.5,106009
2025-08-22 14:37:00+00:00,228.30999755859375,228.3699951171875,228.1999969482422,228.2100067138672,111490
2025-08-22 14:38:00+00:00,228.1699981689453,228.32000732421875,228.16000366210938,228.2949981689453,60613
2025-08-22 14:39:00+00:00,228.02000427246094,228.2093048095703,227.9600067138672,228.1699981689453,100871
2025-08-22 14:40:00+00:00,228.15499877929688,228.2449951171875,228.0,228.01499938964844,103181
2025-08-22 14:41:00+00:00,228.17999267578125,228.17999267578125,227.9499969482422,228.1793975830078,113409
2025-08-22 14:42:00+00:00,227.97999572753906,228.22000122070312,227.94500732421875,228.1649932861328,104464
2025-08-22 14:43:00+00:00,227.97999572753906,228.00999450683594,227.8000030517578,227.97999572753906,121700
2025-08-22 14:44:00+00:00,228.08999633789062,228.14990234375,227.92999267578125,227.97999572753906,96470
2025-08-22 14:45:00+00:00,228.32000732421875,228.33999633789062,228.0399932861328,228.11000061035156,101546
2025-08-22 14:46:00+00:00,228.49000549316406,228.5,228.1999969482422,228.32980346679688,122491
2025-08-22 14:47:00+00:00,228.44000244140625,228.49989318847656,228.3000030517578,228.49989318847656,170323
2025-08-22 14:48:00+00:00,228.5,228.5399932861328,228.32000732421875,228.43499755859375,88606
2025-08-22 14:49:00+00:00,228.52499389648438,228.58999633789062,228.38499450683594,228.52000427246094,116414
2025-08-22 14:50:00+00:00,228.5500030517578,228.5500030517578,228.3000030517578,228.52000427246094,93988
2025-08-22 14:51:00+00:00,228.13999938964844,228.5699005126953,228.1199951171875,228.5500030517578,94192
2025-08-22 14:52:00+00:00,228.11500549316406,228.2449951171875,227.9709930419922,228.13499450683594,110077
2025-08-22 14:53:00+00:00,228.14999389648438,228.1999969482422,228.05999755859375,228.1199951171875,77439
2025-08-22 14:54:00+00:00,228.3625946044922,228.36500549316406,228.13999938964844,228.13999938964844,72908
2025-08-22 14:55:00+00:00,228.46499633789062,228.52000427246094,228.30999755859375,228.35000610351562,69838
2025-08-22 14:56:00+00:00,228.50050354003906,228.60000610351562,228.42999267578125,228.46499633789062,103216
2025-08-22 14:57:00+00:00,228.43499755859375,228.53970336914062,228.4199981689453,228.51499938964844,105834
2025-08-22 14:58:00+00:00,228.3800048828125,228.43499755859375,228.1300048828125,228.43499755859375,90808
2025-08-22 14:59:00+00:00,228.22500610351562,228.39999389648438,228.1699981689453,228.3800048828125,69887
2025-08-22 15:00:00+00:00,228.06700134277344,228.22000122070312,228.00929260253906,228.22000122070312,86568
2025-08-22 15:01:00+00:00,228.3699951171875,228.39999389648438,228.0500030517578,228.0500030517578,67476
2025-08-22 15:02:00+00:00,228.4199981689453,228.50999450683594,228.3612060546875,228.3699951171875,90809
2025-08-22 15:03:00+00:00,228.5500030517578,228.57000732421875,228.4199981689453,228.44000244140625,63429
2025-08-22 15:04:00+00:00,228.6199951171875,228.66990661621094,228.52999877929688,228.54930114746094,84395
2025-08-22 15:05:00+00:00,228.50999450683594,228.6300048828125,228.39999389648438,228.61500549316406,94605
2025-08-22 15:06:00+00:00,228.3800048828125,228.5,228.3350067138672,228.4925994873047,50937
2025-08-22 15:07:00+00:00,228.38999938964844,228.52499389648438,228.32980346679688,228.3800048828125,64110
2025-08-22 15:08:00+00:00,228.38999938964844,228.5500030517578,228.38589477539062,228.38589477539062,82185
2025-08-22 15:09:00+00:00,228.59500122070312,228.60499572753906,228.3800048828125,228.3800048828125,72862
2025-08-22 15:10:00+00:00,228.67999267578125,228.6999969482422,228.5500030517578,228.5800018310547,69715
2025-08-22 15:11:00+00:00,228.6479949951172,228.72000122070312,228.47999572753906,228.67840576171875,135597
2025-08-22 15:12:00+00:00,228.56590270996094,228.6999969482422,228.4499969482422,228.66000366210938,64661
2025-08-22 15:13:00+00:00,228.55999755859375,228.58740234375,228.50619506835938,228.5500030517578,39282
2025-08-22 15:14:00+00:00,228.4600067138672,228.56500244140625,228.40499877929688,228.56500244140625,65147
2025-08-22 15:15:00+00:00,228.39999389648438,228.47000122070312,228.35000610351562,228.47000122070312,67490
2025-08-22 15:16:00+00:00,228.4595947265625,228.47000122070312,228.3300018310547,228.38999938964844,60455
2025-08-22 15:17:00+00:00,228.38999938964844,228.4499969482422,228.3000946044922,228.44000244140625,29475
2025-08-22 15:18:00+00:00,228.3249969482422,228.47999572753906,228.3000030517578,228.38499450683594,79435
2025-08-22 15:19:00+00:00,228.23809814453125,228.3800048828125,228.1999969482422,228.30999755859375,66833
2025-08-22 15:20:00+00:00,228.27000427246094,228.29989624023438,228.1699981689453,228.22999572753906,65858
2025-08-22 15:21:00+00:00,228.22000122070312,228.3800048828125,228.22000122070312,228.27999877929688,56434
2025-08-22 15:22:00+00:00,228.25,228.3498992919922,228.1699981689453,228.22999572753906,49517
2025-08-22 15:23:00+00:00,228.29989624023438,228.32000732421875,228.22000122070312,228.25999450683594,45363
2025-08-22 15:24:00+00:00,228.2100067138672,228.3000030517578,228.15499877929688,228.27999877929688,57848
2025-08-22 15:25:00+00:00,228.2899932861328,228.35000610351562,228.20449829101562,228.23500061035156,52111
2025-08-22 15:26:00+00:00,228.30999755859375,228.3249969482422,228.2227020263672,228.25999450683594,53184
2025-08-22 15:27:00+00:00,228.13499450683594,228.30999755859375,228.13499450683594,228.3000030517578,39737
2025-08-22 15:28:00+00:00,228.14999389648438,228.2050018310547,228.0800018310547,228.13499450683594,46976
2025-08-22 15:29:00+00:00,228.05999755859375,228.1699981689453,228.02999877929688,228.1199951171875,39966
2025-08-22 15:30:00+00:00,228.1999969482422,228.22000122070312,228.02999877929688,228.0399932861328,55724
2025-08-22 15:31:00+00:00,228.1699981689453,228.24000549316406,228.10020446777344,228.18499755859375,53100
2025-08-22 15:32:00+00:00,228.3800048828125,228.3800048828125,228.1999969482422,228.21229553222656,60895
2025-08-22 15:33:00+00:00,228.33999633789062,228.41490173339844,228.25,228.3800048828125,50377
2025-08-22 15:34:00+00:00,228.36000061035156,228.43499755859375,228.35000610351562,228.35000610351562,45110
2025-08-22 15:35:00+00:00,228.318603515625,228.3699951171875,228.27000427246094,228.36000061035156,55698
2025-08-22 15:36:00+00:00,228.33999633789062,228.4199981689453,228.2899932861328,228.3249969482422,44238
2025-08-22 15:37:00+00:00,228.1199951171875,228.32000732421875,228.1199951171875,228.32000732421875,58163
2025-08-22 15:38:00+00:00,228.00999450683594,228.1699981689453,228.0,228.13999938964844,62370
2025-08-22 15:39:00+00:00,228.05999755859375,228.10000610351562,228.00999450683594,228.02999877929688,41862
2025-08-22 15:40:00+00:00,228.03309631347656,228.08999633789062,227.97999572753906,228.07000732421875,56108
2025-08-22 15:41:00+00:00,227.86000061035156,228.0384979248047,227.85000610351562,228.02999877929688,47133
2025-08-22 15:42:00+00:00,227.83999633789062,227.8800048828125,227.80999755859375,227.8699951171875,36039
2025-08-22 15:43:00+00:00,227.86500549316406,227.97000122070312,227.8300018310547,227.84979248046875,42591
2025-08-22 15:44:00+00:00,227.9499969482422,227.99000549316406,227.85260009765625,227.86500549316406,50744
2025-08-22 15:45:00+00:00,228.19000244140625,228.19000244140625,227.9600067138672,227.9600067138672,80947
2025-08-22 15:46:00+00:00,228.03619384765625,228.1999969482422,228.02000427246094,228.17999267578125,35948
2025-08-22 15:47:00+00:00,227.99000549316406,228.03599548339844,227.85000610351562,228.03599548339844,58044
2025-08-22 15:48:00+00:00,227.83999633789062,227.99000549316406,227.83999633789062,227.97000122070312,47660
2025-08-22 15:49:00+00:00,227.72000122070312,227.86000061035156,227.6999969482422,227.83999633789062,64416
2025-08-22 15:50:00+00:00,227.49000549316406,227.77000427246094,227.47030639648438,227.71499633789062,83159
2025-08-22 15:51:00+00:00,227.49000549316406,227.556396484375,227.43499755859375,227.4949951171875,66703
2025-08-22 15:52:00+00:00,227.44009399414062,227.52999877929688,227.44000244140625,227.49000549316406,59258
2025-08-22 15:53:00+00:00,227.6466064453125,227.66000366210938,227.47999572753906,227.47999572753906,59746
2025-08-22 15:54:00+00:00,227.5500030517578,227.64500427246094,227.52000427246094,227.64500427246094,44094
2025-08-22 15:55:00+00:00,227.57000732421875,227.6529998779297,227.52999877929688,227.5424041748047,42944
2025-08-22 15:56:00+00:00,227.4949951171875,227.5850067138672,227.42999267578125,227.5800018310547,47916
2025-08-22 15:57:00+00:00,227.47000122070312,227.59500122070312,227.4600067138672,227.5,38560
2025-08-22 15:58:00+00:00,227.4600067138672,227.5500030517578,227.38999938964844,227.46499633789062,52679
2025-08-22 15:59:00+00:00,227.35499572753906,227.57000732421875,227.30999755859375,227.44500732421875,57113
2025-08-22 16:00:00+00:00,227.16969299316406,227.36000061035156,227.11000061035156,227.35000610351562,169130
2025-08-22 16:01:00+00:00,227.13999938964844,227.14999389648438,227.1300048828125,227.14999389648438,8042
2025-08-22 16:03:00+00:00,227.30999755859375,227.3800048828125,227.3000030517578,227.33999633789062,169133
2025-08-22 16:04:00+00:00,227.3350067138672,227.34100341796875,227.22860717773438,227.30999755859375,38024
2025-08-22 16:05:00+00:00,227.25,227.3415985107422,227.1999969482422,227.3415985107422,38777
2025-08-22 16:06:00+00:00,227.19000244140625,227.25999450683594,227.11480712890625,227.25999450683594,54461
2025-08-22 16:07:00+00:00,227.35499572753906,227.389892578125,227.2100067138672,227.2100067138672,40413
2025-08-22 16:08:00+00:00,227.33009338378906,227.38999938964844,227.30999755859375,227.3699951171875,22859
2025-08-22 16:09:00+00:00,227.36399841308594,227.38999938964844,227.33009338378906,227.35000610351562,30298
2025-08-22 16:10:00+00:00,227.30999755859375,227.3887939453125,227.3000030517578,227.36500549316406,37209
2025-08-22 16:11:00+00:00,227.24000549316406,227.33999633789062,227.2100067138672,227.30999755859375,61777
2025-08-22 16:12:00+00:00,227.1616973876953,227.25999450683594,227.1616973876953,227.25,31307
2025-08-22 16:13:00+00:00,227.093994140625,227.27000427246094,227.08999633789062,227.17999267578125,51154
2025-08-22 16:14:00+00:00,227.24000549316406,227.24000549316406,227.0800018310547,227.1199951171875,37275
2025-08-22 16:15:00+00:00,227.0500030517578,227.2740020751953,227.0,227.25,72029
2025-08-22 16:16:00+00:00,226.9250030517578,227.07000732421875,226.9250030517578,227.04049682617188,56021
2025-08-22 16:17:00+00:00,226.96409606933594,227.0301055908203,226.94000244140625,226.9600067138672,45187
2025-08-22 16:18:00+00:00,227.10000610351562,227.10000610351562,226.9300994873047,226.96499633789062,45453
2025-08-22 16:19:00+00:00,227.1999969482422,227.23460388183594,227.05999755859375,227.0800018310547,64352
2025-08-22 16:20:00+00:00,227.18899536132812,227.22000122070312,227.07000732421875,227.19000244140625,35090
2025-08-22 16:21:00+00:00,227.25,227.25999450683594,227.17840576171875,227.18499755859375,38711
2025-08-22 16:22:00+00:00,227.38999938964844,227.38999938964844,227.24000549316406,227.25999450683594,72059
2025-08-22 16:23:00+00:00,227.36000061035156,227.4199981689453,227.3300018310547,227.36500549316406,60279
2025-08-22 16:24:00+00:00,227.2449951171875,227.3800048828125,227.22000122070312,227.3582000732422,29746
2025-08-22 16:25:00+00:00,227.0399932861328,227.24000549316406,227.02099609375,227.24000549316406,51119
2025-08-22 16:26:00+00:00,226.99000549316406,227.07000732421875,226.94000244140625,227.0399932861328,94685
2025-08-22 16:27:00+00:00,227.1199951171875,227.1199951171875,227.0,227.0,42413
2025-08-22 16:28:00+00:00,226.99000549316406,227.17999267578125,226.97390747070312,227.10699462890625,39253
2025-08-22 16:29:00+00:00,227.16929626464844,227.17999267578125,226.98500061035156,226.99000549316406,41146
2025-08-22 16:30:00+00:00,227.2032012939453,227.22000122070312,227.14500427246094,227.1699981689453,37075
2025-08-22 16:31:00+00:00,227.22059631347656,227.2615966796875,227.19000244140625,227.20069885253906,34750
2025-08-22 16:32:00+00:00,227.27000427246094,227.2799072265625,227.1999969482422,227.22000122070312,37369
2025-08-22 16:33:00+00:00,227.25,227.2899932861328,227.1909942626953,227.27000427246094,26738
2025-08-22 16:34:00+00:00,227.22000122070312,227.31500244140625,227.2100067138672,227.26499938964844,33487
2025-08-22 16:35:00+00:00,227.30499267578125,227.30499267578125,227.1199951171875,227.22500610351562,41796
2025-08-22 16:36:00+00:00,227.36500549316406,227.3699951171875,227.25999450683594,227.2957000732422,37318
2025-08-22 16:37:00+00:00,227.32000732421875,227.36500549316406,227.27000427246094,227.36500549316406,24332
2025-08-22 16:38:00+00:00,227.3300018310547,227.3699951171875,227.30999755859375,227.32000732421875,30003
2025-08-22 16:39:00+00:00,227.3000030517578,227.3350067138672,227.25999450683594,227.3300018310547,41846
2025-08-22 16:40:00+00:00,227.39999389648438,227.4058074951172,227.3000030517578,227.30999755859375,27798
2025-08-22 16:41:00+00:00,227.38999938964844,227.47999572753906,227.3699951171875,227.38999938964844,71507
2025-08-22 16:42:00+00:00,227.36000061035156,227.4499969482422,227.34010314941406,227.38999938964844,33719
2025-08-22 16:43:00+00:00,227.23500061035156,227.35000610351562,227.22999572753906,227.35000610351562,35957
2025-08-22 16:44:00+00:00,227.2803955078125,227.35000610351562,227.22500610351562,227.22999572753906,33859
2025-08-22 16:45:00+00:00,227.3000030517578,227.32000732421875,227.27999877929688,227.27999877929688,11900
2025-08-22 16:46:00+00:00,227.36000061035156,227.36000061035156,227.32000732421875,227.345703125,32585
2025-08-22 16:47:00+00:00,227.33999633789062,227.3708038330078,227.3249969482422,227.35000610351562,28759
2025-08-22 16:48:00+00:00,227.3300018310547,227.40159606933594,227.3300018310547,227.35000610351562,27436
2025-08-22 16:49:00+00:00,227.3000030517578,227.35000610351562,227.2801055908203,227.32000732421875,26882
2025-08-22 16:50:00+00:00,227.36160278320312,227.3800048828125,227.2657012939453,227.30999755859375,50187
2025-08-22 16:51:00+00:00,227.27999877929688,227.36940002441406,227.27999877929688,227.3527069091797,25200
2025-08-22 16:52:00+00:00,227.25999450683594,227.30990600585938,227.2100067138672,227.27999877929688,40510
2025-08-22 16:53:00+00:00,227.2100067138672,227.28500366210938,227.2100067138672,227.27000427246094,33423
2025-08-22 16:54:00+00:00,227.27999877929688,227.28990173339844,227.1699981689453,227.2050018310547,37231
2025-08-22 16:55:00+00:00,227.1977996826172,227.2655029296875,227.1977996826172,227.26499938964844,31928
2025-08-22 16:56:00+00:00,227.11500549316406,227.19000244140625,227.10009765625,227.19000244140625,36315
2025-08-22 16:57:00+00:00,227.1199951171875,227.19000244140625,227.07000732421875,227.11500549316406,34259
2025-08-22 16:58:00+00:00,227.1905059814453,227.2050018310547,227.10000610351562,227.1199951171875,41988
2025-08-22 16:59:00+00:00,227.24000549316406,227.32000732421875,227.1699981689453,227.19320678710938,43198
2025-08-22 17:00:00+00:00,227.23500061035156,227.26499938964844,227.1649932861328,227.22999572753906,36453
2025-08-22 17:01:00+00:00,227.36880493164062,227.3699951171875,227.2449951171875,227.2449951171875,31119
2025-08-22 17:02:00+00:00,227.44000244140625,227.44000244140625,227.36000061035156,227.3699951171875,49118
2025-08-22 17:03:00+00:00,227.42999267578125,227.44000244140625,227.3800048828125,227.42999267578125,35842
2025-08-22 17:04:00+00:00,227.41000366210938,227.42999267578125,227.3800048828125,227.42999267578125,16933
2025-08-22 17:05:00+00:00,227.375,227.4199981689453,227.3699951171875,227.41000366210938,38942
2025-08-22 17:06:00+00:00,227.2801971435547,227.40879821777344,227.27499389648438,227.38999938964844,35522
2025-08-22 17:07:00+00:00,227.3350067138672,227.3699951171875,227.3000030517578,227.3000030517578,41891
2025-08-22 17:08:00+00:00,227.33999633789062,227.3498992919922,227.3000030517578,227.3300018310547,28223
2025-08-22 17:09:00+00:00,227.35499572753906,227.36000061035156,227.25999450683594,227.34080505371094,25818
2025-08-22 17:10:00+00:00,227.3699951171875,227.39999389648438,227.3350067138672,227.33999633789062,28840
2025-08-22 17:11:00+00:00,227.9199981689453,229.0,227.3000030517578,227.3699951171875,1155099
2025-08-22 17:12:00+00:00,227.86000061035156,228.32000732421875,227.74000549316406,227.9250030517578,214112
2025-08-22 17:13:00+00:00,227.97500610351562,228.218994140625,227.86000061035156,227.86160278320312,101991
2025-08-22 17:14:00+00:00,228.3000030517578,228.36000061035156,227.92999267578125,227.97500610351562,135808
2025-08-22 17:15:00+00:00,227.96499633789062,228.30499267578125,227.9199981689453,228.3000030517578,88587
2025-08-22 17:16:00+00:00,228.06100463867188,228.32000732421875,227.89999389648438,227.96499633789062,111886
2025-08-22 17:17:00+00:00,228.15499877929688,228.22999572753906,227.91250610351562,228.05999755859375,69747
2025-08-22 17:18:00+00:00,228.4600067138672,228.4600067138672,228.14010620117188,228.1699981689453,125680
2025-08-22 17:19:00+00:00,228.4600067138672,228.47000122070312,228.26499938964844,228.4600067138672,114454
2025-08-22 17:20:00+00:00,228.35499572753906,228.47999572753906,228.24000549316406,228.44000244140625,96132
2025-08-22 17:21:00+00:00,228.41270446777344,228.4499969482422,228.281005859375,228.36000061035156,80114
2025-08-22 17:22:00+00:00,228.56739807128906,228.61000061035156,228.41259765625,228.41259765625,198389
2025-08-22 17:23:00+00:00,228.89999389648438,229.0,228.53619384765625,228.5500030517578,280352
2025-08-22 17:24:00+00:00,228.97000122070312,229.0,228.69000244140625,228.89999389648438,214747
2025-08-22 17:25:00+00:00,228.9199981689453,228.99000549316406,228.61000061035156,228.97000122070312,112571
2025-08-22 17:26:00+00:00,228.97999572753906,229.08999633789062,228.91000366210938,228.91000366210938,153686
2025-08-22 17:27:00+00:00,228.9600067138672,229.0399932861328,228.9199981689453,228.98500061035156,81894
2025-08-22 17:28:00+00:00,228.67999267578125,228.97000122070312,228.67999267578125,228.9656982421875,101483
2025-08-22 17:29:00+00:00,228.61000061035156,228.6750030517578,228.5,228.672607421875,92589
2025-08-22 17:30:00+00:00,228.4550018310547,228.6273956298828,228.35000610351562,228.6273956298828,106560
2025-08-22 17:31:00+00:00,228.5500030517578,228.55650329589844,228.41000366210938,228.46449279785156,59421
2025-08-22 17:32:00+00:00,228.30650329589844,228.55990600585938,228.24000549316406,228.51499938964844,61792
2025-08-22 17:33:00+00:00,228.2449951171875,228.30999755859375,228.19500732421875,228.30499267578125,60839
2025-08-22 17:34:00+00:00,228.22000122070312,228.25990295410156,228.1199951171875,228.22999572753906,65077
2025-08-22 17:35:00+00:00,228.30499267578125,228.30499267578125,228.14999389648438,228.22500610351562,41766
2025-08-22 17:36:00+00:00,228.32310485839844,228.43710327148438,228.24020385742188,228.27000427246094,94501
2025-08-22 17:37:00+00:00,228.33999633789062,228.3800048828125,228.30999755859375,228.3300018310547,75728
2025-08-22 17:38:00+00:00,228.19000244140625,228.36000061035156,228.17999267578125,228.35000610351562,69638
2025-08-22 17:39:00+00:00,228.17999267578125,228.1999969482422,228.07000732421875,228.19000244140625,53219
2025-08-22 17:40:00+00:00,228.1199951171875,228.1999969482422,228.04420471191406,228.1699981689453,46452
2025-08-22 17:41:00+00:00,228.07240295410156,228.14999389648438,228.0200958251953,228.08999633789062,45931
2025-08-22 17:42:00+00:00,228.10000610351562,228.22000122070312,228.05029296875,228.0850067138672,68851
2025-08-22 17:43:00+00:00,228.11500549316406,228.16000366210938,228.060302734375,228.11000061035156,29048
2025-08-22 17:44:00+00:00,228.10000610351562,228.1392059326172,228.0500030517578,228.10000610351562,30549
2025-08-22 17:45:00+00:00,228.0749969482422,228.1199951171875,228.00999450683594,228.11500549316406,54148
2025-08-22 17:46:00+00:00,228.125,228.13999938964844,228.05999755859375,228.0800018310547,45228
2025-08-22 17:47:00+00:00,228.14999389648438,228.2100067138672,228.139892578125,228.139892578125,56683
2025-08-22 17:48:00+00:00,228.07000732421875,228.1300048828125,228.0500030517578,228.1300048828125,45046
2025-08-22 17:49:00+00:00,227.9149932861328,228.06500244140625,227.91000366210938,228.06500244140625,65929
2025-08-22 17:50:00+00:00,228.03990173339844,228.0399932861328,227.8800048828125,227.89999389648438,42162
2025-08-22 17:51:00+00:00,227.97500610351562,228.08999633789062,227.97000122070312,228.03500366210938,64509
2025-08-22 17:52:00+00:00,228.0699005126953,228.08999633789062,227.94000244140625,227.97500610351562,33291
2025-08-22 17:53:00+00:00,228.0850067138672,228.10989379882812,227.97000122070312,228.05999755859375,23575
2025-08-22 17:54:00+00:00,227.97000122070312,228.0850067138672,227.9501953125,228.0850067138672,25920
2025-08-22 17:55:00+00:00,228.0115966796875,228.05999755859375,227.96009826660156,227.97000122070312,23948
2025-08-22 17:56:00+00:00,228.0084991455078,228.08399963378906,227.97999572753906,228.02999877929688,35964
2025-08-22 17:57:00+00:00,227.82000732421875,228.00999450683594,227.77999877929688,227.98069763183594,53439
2025-08-22 17:58:00+00:00,227.91000366210938,227.9199981689453,227.82000732421875,227.8300018310547,28681
2025-08-22 17:59:00+00:00,227.88499450683594,227.9199981689453,227.86000061035156,227.89999389648438,172927
2025-08-22 18:00:00+00:00,228.05499267578125,228.05999755859375,227.89010620117188,227.89999389648438,751635
2025-08-22 18:01:00+00:00,228.25999450683594,228.2657928466797,228.02000427246094,228.0500030517578,585684
2025-08-22 18:02:00+00:00,228.24000549316406,228.26980590820312,228.16000366210938,228.26980590820312,41879
2025-08-22 18:03:00+00:00,228.27960205078125,228.2899932861328,228.19000244140625,228.22999572753906,45553
2025-08-22 18:04:00+00:00,228.34010314941406,228.36000061035156,228.25999450683594,228.27090454101562,50440
2025-08-22 18:05:00+00:00,228.22999572753906,228.3990020751953,228.22000122070312,228.35000610351562,54596
2025-08-22 18:06:00+00:00,228.20260620117188,228.35000610351562,228.16000366210938,228.22999572753906,73714
2025-08-22 18:07:00+00:00,228.2899932861328,228.31500244140625,228.19000244140625,228.19630432128906,41504
2025-08-22 18:08:00+00:00,228.3000030517578,228.34080505371094,228.25999450683594,228.27999877929688,46212
2025-08-22 18:09:00+00:00,228.10699462890625,228.30999755859375,228.10000610351562,228.28640747070312,38361
2025-08-22 18:10:00+00:00,228.10000610351562,228.17999267578125,228.07000732421875,228.11000061035156,58514
2025-08-22 18:11:00+00:00,227.97000122070312,228.1199951171875,227.96499633789062,228.0850067138672,41743
2025-08-22 18:12:00+00:00,228.10000610351562,228.10000610351562,227.9300994873047,227.97000122070312,49260
2025-08-22 18:13:00+00:00,228.27149963378906,228.2899932861328,228.060302734375,228.10000610351562,69859
2025-08-22 18:14:00+00:00,228.23880004882812,228.27999877929688,228.19009399414062,228.27999877929688,40234
2025-08-22 18:15:00+00:00,228.22000122070312,228.28160095214844,228.2100067138672,228.22999572753906,40752
2025-08-22 18:16:00+00:00,228.1999053955078,228.23500061035156,228.1199951171875,228.21499633789062,34861
2025-08-22 18:17:00+00:00,228.22000122070312,228.23500061035156,228.16000366210938,228.17999267578125,33327
2025-08-22 18:18:00+00:00,228.25999450683594,228.2801055908203,228.1699981689453,228.2100067138672,39477
2025-08-22 18:19:00+00:00,228.18499755859375,228.2899932861328,228.13999938964844,228.25,39202
2025-08-22 18:20:00+00:00,228.40359497070312,228.40499877929688,228.13999938964844,228.19000244140625,235962
2025-08-22 18:21:00+00:00,228.32000732421875,228.4949951171875,228.27999877929688,228.40499877929688,158853
2025-08-22 18:22:00+00:00,228.17999267578125,228.32000732421875,228.16000366210938,228.32000732421875,39346
2025-08-22 18:23:00+00:00,228.10499572753906,228.1699981689453,228.10000610351562,228.1699981689453,45235
2025-08-22 18:24:00+00:00,228.13999938964844,228.19500732421875,228.08999633789062,228.10499572753906,49138
2025-08-22 18:25:00+00:00,228.0998992919922,228.14999389648438,228.07000732421875,228.13999938964844,38307
2025-08-22 18:26:00+00:00,228.08999633789062,228.14990234375,228.05999755859375,228.08999633789062,50166
2025-08-22 18:27:00+00:00,227.99000549316406,228.09979248046875,227.97999572753906,228.0850067138672,59575
2025-08-22 18:28:00+00:00,227.89999389648438,228.02499389648438,227.88999938964844,227.99000549316406,65775
2025-08-22 18:29:00+00:00,227.8699951171875,227.94000244140625,227.7899932861328,227.89500427246094,53635
2025-08-22 18:30:00+00:00,227.86000061035156,227.9499969482422,227.8249969482422,227.8800048828125,71161
2025-08-22 18:31:00+00:00,228.0189971923828,228.0189971923828,227.82859802246094,227.85499572753906,65994
2025-08-22 18:32:00+00:00,228.02000427246094,228.04139709472656,227.9770050048828,228.0207977294922,40351
2025-08-22 18:33:00+00:00,228.0449981689453,228.10000610351562,228.01499938964844,228.02000427246094,40643
2025-08-22 18:34:00+00:00,228.24000549316406,228.24000549316406,228.00999450683594,228.0399932861328,65161
2025-08-22 18:35:00+00:00,228.32000732421875,228.3249969482422,228.1842041015625,228.22999572753906,57469
2025-08-22 18:36:00+00:00,228.4199981689453,228.42999267578125,228.30859375,228.31289672851562,68169
2025-08-22 18:37:00+00:00,228.38929748535156,228.4149932861328,228.36000061035156,228.41000366210938,32957
2025-08-22 18:38:00+00:00,228.23500061035156,228.3800048828125,228.1699981689453,228.3800048828125,44560
2025-08-22 18:39:00+00:00,228.19000244140625,228.24000549316406,228.10000610351562,228.23500061035156,41597
2025-08-22 18:40:00+00:00,228.26499938964844,228.27499389648438,228.14999389648438,228.19000244140625,43943
2025-08-22 18:41:00+00:00,228.26010131835938,228.26499938964844,228.17999267578125,228.25999450683594,36776
2025-08-22 18:42:00+00:00,228.27999877929688,228.32000732421875,228.2449951171875,228.26499938964844,1192405
2025-08-22 18:43:00+00:00,228.42999267578125,228.42999267578125,228.27999877929688,228.2899932861328,32338
2025-08-22 18:44:00+00:00,228.4199981689453,228.4499969482422,228.3800048828125,228.4199981689453,91134
2025-08-22 18:45:00+00:00,228.30499267578125,228.41000366210938,228.22000122070312,228.41000366210938,72282
2025-08-22 18:46:00+00:00,228.42999267578125,228.43499755859375,228.3000030517578,228.30499267578125,45760
2025-08-22 18:47:00+00:00,228.44000244140625,228.4600067138672,228.3699951171875,228.44000244140625,43928
2025-08-22 18:48:00+00:00,228.4949951171875,228.51980590820312,228.42919921875,228.43499755859375,65309
2025-08-22 18:49:00+00:00,228.38929748535156,228.50999450683594,228.35009765625,228.5050048828125,58957
2025-08-22 18:50:00+00:00,228.33999633789062,228.3979949951172,228.31500244140625,228.3979949951172,43541
2025-08-22 18:51:00+00:00,228.33920288085938,228.3699951171875,228.25999450683594,228.3300018310547,41987
2025-08-22 18:52:00+00:00,228.36500549316406,228.3677978515625,228.27999877929688,228.3350067138672,27005
2025-08-22 18:53:00+00:00,228.34500122070312,228.36500549316406,228.3000030517578,228.36000061035156,35259
2025-08-22 18:54:00+00:00,228.35499572753906,228.36000061035156,228.32020568847656,228.36000061035156,23678
2025-08-22 18:55:00+00:00,228.30999755859375,228.3800048828125,228.30999755859375,228.36000061035156,27736
2025-08-22 18:56:00+00:00,228.2738037109375,228.3365020751953,228.25,228.30999755859375,35033
2025-08-22 18:57:00+00:00,228.27569580078125,228.30499267578125,228.27000427246094,228.27000427246094,34083
2025-08-22 18:58:00+00:00,228.30999755859375,228.30999755859375,228.2301025390625,228.27999877929688,40710
2025-08-22 18:59:00+00:00,228.1999969482422,228.3000030517578,228.16839599609375,228.3000030517578,41446
2025-08-22 19:00:00+00:00,228.30020141601562,228.3300018310547,228.19500732421875,228.1999969482422,183122
2025-08-22 19:01:00+00:00,228.27960205078125,228.3000030517578,228.17999267578125,228.3000030517578,34280
2025-08-22 19:02:00+00:00,228.22000122070312,228.3000030517578,228.21499633789062,228.2899932861328,37549
2025-08-22 19:03:00+00:00,228.35000610351562,228.3699951171875,228.2100067138672,228.2100067138672,74598
2025-08-22 19:04:00+00:00,228.24380493164062,228.375,228.24380493164062,228.35000610351562,34705
2025-08-22 19:05:00+00:00,228.22500610351562,228.27000427246094,228.19020080566406,228.2449951171875,31451
2025-08-22 19:06:00+00:00,228.1199951171875,228.23500061035156,228.10499572753906,228.22500610351562,58549
2025-08-22 19:07:00+00:00,228.0135040283203,228.1273956298828,228.00999450683594,228.101806640625,50661
2025-08-22 19:08:00+00:00,228.0,228.0399932861328,227.9949951171875,228.0299072265625,43625
2025-08-22 19:09:00+00:00,228.02999877929688,228.0457000732422,228.00999450683594,228.00999450683594,40229
2025-08-22 19:10:00+00:00,227.9949951171875,228.05499267578125,227.99000549316406,228.0399932861328,47700
2025-08-22 19:11:00+00:00,228.0330047607422,228.0330047607422,227.96499633789062,227.99000549316406,50298
2025-08-22 19:12:00+00:00,228.0449981689453,228.05999755859375,228.00999450683594,228.02999877929688,38758
2025-08-22 19:13:00+00:00,228.0906982421875,228.11990356445312,228.00999450683594,228.0500030517578,53054
2025-08-22 19:14:00+00:00,228.1199951171875,228.13999938964844,228.08999633789062,228.09500122070312,58540
2025-08-22 19:15:00+00:00,228.02499389648438,228.1298065185547,228.02000427246094,228.11000061035156,30862
2025-08-22 19:16:00+00:00,228.02999877929688,228.07000732421875,227.94009399414062,228.02499389648438,55293
2025-08-22 19:17:00+00:00,228.0850067138672,228.10000610351562,228.02000427246094,228.02000427246094,29400
2025-08-22 19:18:00+00:00,228.0399932861328,228.11500549316406,228.0200958251953,228.08999633789062,31670
2025-08-22 19:19:00+00:00,228.05999755859375,228.10000610351562,228.02999877929688,228.0399932861328,36279
2025-08-22 19:20:00+00:00,227.97999572753906,228.0500030517578,227.91510009765625,228.0500030517578,61802
2025-08-22 19:21:00+00:00,228.02999877929688,228.07000732421875,227.97000122070312,227.97999572753906,43412
2025-08-22 19:22:00+00:00,228.02000427246094,228.05499267578125,228.01499938964844,228.02999877929688,34164
2025-08-22 19:23:00+00:00,228.07000732421875,228.07000732421875,228.0,228.02499389648438,34069
2025-08-22 19:24:00+00:00,228.07000732421875,228.0800018310547,228.02999877929688,228.07000732421875,35374
2025-08-22 19:25:00+00:00,228.00999450683594,228.11000061035156,227.97999572753906,228.05999755859375,47934
2025-08-22 19:26:00+00:00,227.97000122070312,228.02000427246094,227.92999267578125,228.00999450683594,47819
2025-08-22 19:27:00+00:00,227.9199981689453,227.98989868164062,227.91000366210938,227.97500610351562,38316
2025-08-22 19:28:00+00:00,227.90280151367188,227.9199981689453,227.85000610351562,227.9199981689453,54422
2025-08-22 19:29:00+00:00,227.85000610351562,227.91000366210938,227.78500366210938,227.91000366210938,72213
2025-08-22 19:30:00+00:00,227.9600067138672,227.97000122070312,227.82000732421875,227.83999633789062,79011
2025-08-22 19:31:00+00:00,227.9615936279297,228.04989624023438,227.94000244140625,227.9600067138672,106334
2025-08-22 19:32:00+00:00,227.99000549316406,228.02499389648438,227.9499969482422,227.96499633789062,58770
2025-08-22 19:33:00+00:00,227.89500427246094,228.0,227.89340209960938,227.98500061035156,43231
2025-08-22 19:34:00+00:00,227.89500427246094,227.9149932861328,227.83999633789062,227.89999389648438,62793
2025-08-22 19:35:00+00:00,227.7230987548828,227.88999938964844,227.7100067138672,227.88999938964844,55496
2025-08-22 19:36:00+00:00,227.63839721679688,227.74000549316406,227.6300048828125,227.72999572753906,70048
2025-08-22 19:37:00+00:00,227.74000549316406,227.74000549316406,227.44000244140625,227.64500427246094,123382
2025-08-22 19:38:00+00:00,227.6999969482422,227.7353973388672,227.64920043945312,227.7200927734375,60164
2025-08-22 19:39:00+00:00,227.71009826660156,227.74569702148438,227.63999938964844,227.6999969482422,73649
2025-08-22 19:40:00+00:00,227.6199951171875,227.7100067138672,227.58999633789062,227.7100067138672,102407
2025-08-22 19:41:00+00:00,227.75999450683594,227.78500366210938,227.60000610351562,227.6199951171875,92415
2025-08-22 19:42:00+00:00,227.7949981689453,227.80999755859375,227.72000122070312,227.77000427246094,68684
2025-08-22 19:43:00+00:00,227.77999877929688,227.81080627441406,227.74349975585938,227.7899932861328,61603
2025-08-22 19:44:00+00:00,227.94000244140625,227.9499969482422,227.8000030517578,227.80999755859375,67327
2025-08-22 19:45:00+00:00,227.91000366210938,227.97999572753906,227.8699951171875,227.92999267578125,74737
2025-08-22 19:46:00+00:00,227.75999450683594,227.92999267578125,227.75,227.89999389648438,92097
2025-08-22 19:47:00+00:00,227.8800048828125,227.8800048828125,227.6999969482422,227.75999450683594,60604
2025-08-22 19:48:00+00:00,228.0800018310547,228.0800018310547,227.86000061035156,227.87010192871094,123072
2025-08-22 19:49:00+00:00,228.06500244140625,228.0998992919922,227.97500610351562,228.08999633789062,76211
2025-08-22 19:50:00+00:00,227.86000061035156,228.30999755859375,227.8300018310547,228.08999633789062,195925
2025-08-22 19:51:00+00:00,227.77999877929688,227.85000610351562,227.6699981689453,227.85000610351562,159536
2025-08-22 19:52:00+00:00,227.75999450683594,227.85079956054688,227.75,227.77999877929688,116176
2025-08-22 19:53:00+00:00,227.61990356445312,227.8300018310547,227.610107421875,227.75,175014
2025-08-22 19:54:00+00:00,227.64999389648438,227.75999450683594,227.58999633789062,227.63499450683594,204161
2025-08-22 19:55:00+00:00,227.6699981689453,227.8350067138672,227.61000061035156,227.6300048828125,265135
2025-08-22 19:56:00+00:00,227.54769897460938,227.66000366210938,227.47000122070312,227.64810180664062,212341
2025-08-22 19:57:00+00:00,227.57000732421875,227.60989379882812,227.52499389648438,227.5399932861328,215524
2025-08-22 19:58:00+00:00,227.61500549316406,227.64999389648438,227.55499267578125,227.55999755859375,361227
2025-08-22 19:59:00+00:00,227.75,227.875,227.58999633789062,227.61000061035156,681998
2025-08-25 13:30:00+00:00,226.58999633789062,227.1300048828125,226.25999450683594,226.40499877929688,1262658
2025-08-25 13:31:00+00:00,226.49000549316406,226.94000244140625,226.24000549316406,226.55499267578125,149206
2025-08-25 13:33:00+00:00,226.8800048828125,227.22500610351562,226.85000610351562,227.22500610351562,235811
2025-08-25 13:34:00+00:00,226.8800048828125,227.1802978515625,226.75,226.83999633789062,96486
2025-08-25 13:35:00+00:00,226.8800048828125,227.1699981689453,226.86000061035156,226.86000061035156,102867
2025-08-25 13:36:00+00:00,226.64999389648438,226.931396484375,226.55999755859375,226.8350067138672,113786
2025-08-25 13:37:00+00:00,226.97000122070312,227.0500030517578,226.60000610351562,226.64999389648438,113272
2025-08-25 13:38:00+00:00,227.1199951171875,227.26499938964844,226.92999267578125,226.92999267578125,109301
2025-08-25 13:39:00+00:00,227.18080139160156,227.2899932861328,227.0800018310547,227.0850067138672,95777
2025-08-25 13:40:00+00:00,227.30999755859375,227.55160522460938,227.11000061035156,227.18499755859375,155632
2025-08-25 13:41:00+00:00,227.52999877929688,227.57000732421875,227.1800994873047,227.3000030517578,189145
2025-08-25 13:42:00+00:00,227.58999633789062,227.68980407714844,227.47999572753906,227.52000427246094,109087
2025-08-25 13:43:00+00:00,227.8249969482422,227.86000061035156,227.52999877929688,227.59320068359375,153048
2025-08-25 13:44:00+00:00,228.03990173339844,228.07000732421875,227.81039428710938,227.8459930419922,203968
2025-08-25 13:45:00+00:00,227.8300018310547,228.05999755859375,227.7899932861328,228.02000427246094,122498
2025-08-25 13:46:00+00:00,227.9149932861328,228.22999572753906,227.73500061035156,227.85000610351562,180295
2025-08-25 13:47:00+00:00,228.22000122070312,228.27999877929688,227.9243927001953,227.92999267578125,102039
2025-08-25 13:48:00+00:00,228.55999755859375,228.5850067138672,228.22500610351562,228.22500610351562,169654
2025-08-25 13:49:00+00:00,228.48989868164062,228.5800018310547,228.30999755859375,228.5800018310547,124620
2025-08-25 13:50:00+00:00,228.75,228.75,228.39999389648438,228.47999572753906,151918
2025-08-25 13:51:00+00:00,228.7100067138672,229.0500030517578,228.6313934326172,228.74000549316406,267609
2025-08-25 13:52:00+00:00,228.73939514160156,228.92990112304688,228.7100067138672,228.7100067138672,126608
2025-08-25 13:53:00+00:00,228.56500244140625,228.74000549316406,228.5,228.74000549316406,93356
2025-08-25 13:54:00+00:00,228.44000244140625,228.56500244140625,228.32000732421875,228.5399932861328,84729
2025-08-25 13:55:00+00:00,228.74000549316406,228.94000244140625,228.3699951171875,228.4199981689453,154080
2025-08-25 13:56:00+00:00,228.97000122070312,228.99000549316406,228.6199951171875,228.75,142084
2025-08-25 13:57:00+00:00,228.88040161132812,229.0,228.75,228.97940063476562,87829
2025-08-25 13:58:00+00:00,228.7100067138672,228.89500427246094,228.52000427246094,228.89500427246094,107862
2025-08-25 13:59:00+00:00,228.56500244140625,228.72999572753906,228.48919677734375,228.67999267578125,101965
2025-08-25 14:00:00+00:00,228.6649932861328,228.80999755859375,228.55499267578125,228.57000732421875,101506
2025-08-25 14:01:00+00:00,228.44000244140625,228.64999389648438,228.41000366210938,228.64999389648438,79910
2025-08-25 14:02:00+00:00,228.44500732421875,228.47999572753906,228.2899932861328,228.44000244140625,124664
2025-08-25 14:03:00+00:00,228.27000427246094,228.47999572753906,228.25,228.44000244140625,177130
2025-08-25 14:04:00+00:00,228.58009338378906,228.59930419921875,228.26690673828125,228.27999877929688,100032
2025-08-25 14:05:00+00:00,228.72000122070312,228.75439453125,228.5,228.5800018310547,99075
2025-08-25 14:06:00+00:00,228.92950439453125,228.97999572753906,228.72000122070312,228.72000122070312,118505
2025-08-25 14:07:00+00:00,229.02499389648438,229.02499389648438,228.86000061035156,228.9250030517578,125750
2025-08-25 14:08:00+00:00,228.91920471191406,229.1199951171875,228.8446044921875,229.0207061767578,129436
2025-08-25 14:09:00+00:00,228.8699951171875,228.97999572753906,228.80999755859375,228.9199981689453,101273
2025-08-25 14:10:00+00:00,228.50999450683594,228.9199981689453,228.4199981689453,228.8699951171875,118522
2025-08-25 14:11:00+00:00,228.3300018310547,228.52000427246094,228.30999755859375,228.52000427246094,92391
2025-08-25 14:12:00+00:00,228.37179565429688,228.5198974609375,228.33509826660156,228.33509826660156,66047
2025-08-25 14:13:00+00:00,228.2949981689453,228.40960693359375,228.27000427246094,228.38999938964844,64645
2025-08-25 14:14:00+00:00,228.33340454101562,228.5290069580078,228.3000030517578,228.3000030517578,55136
2025-08-25 14:15:00+00:00,228.33999633789062,228.45989990234375,228.31260681152344,228.31500244140625,43663
2025-08-25 14:16:00+00:00,228.35989379882812,228.44000244140625,228.08999633789062,228.3699951171875,198193
2025-08-25 14:17:00+00:00,228.24000549316406,228.47999572753906,228.14999389648438,228.35000610351562,155953
2025-08-25 14:18:00+00:00,228.41000366210938,228.41029357910156,228.22999572753906,228.23989868164062,91616
2025-08-25 14:19:00+00:00,228.37939453125,228.63999938964844,228.3699951171875,228.41000366210938,102999
2025-08-25 14:20:00+00:00,228.35000610351562,228.5373992919922,228.34970092773438,228.3699951171875,67564
2025-08-25 14:21:00+00:00,228.55999755859375,228.62989807128906,228.3300018310547,228.35000610351562,75413
2025-08-25 14:22:00+00:00,228.8000030517578,228.80999755859375,228.57000732421875,228.5800018310547,73495
2025-08-25 14:23:00+00:00,228.8300018310547,228.85000610351562,228.6699981689453,228.8137969970703,88872
2025-08-25 14:24:00+00:00,229.0399932861328,229.0800018310547,228.7899932861328,228.8300018310547,91264
2025-08-25 14:25:00+00:00,228.72999572753906,229.02999877929688,228.64999389648438,229.02999877929688,88967
2025-08-25 14:26:00+00:00,228.7100067138672,228.8699951171875,228.69009399414062,228.74000549316406,52880
2025-08-25 14:27:00+00:00,228.85000610351562,228.97000122070312,228.67999267578125,228.7100067138672,52543
2025-08-25 14:28:00+00:00,228.89999389648438,228.97120666503906,228.86000061035156,228.8699951171875,69533
2025-08-25 14:29:00+00:00,228.80999755859375,228.91000366210938,228.7550048828125,228.9075927734375,86668
2025-08-25 14:30:00+00:00,228.6199951171875,228.77000427246094,228.5500030517578,228.77000427246094,58288
2025-08-25 14:31:00+00:00,228.47500610351562,228.6300048828125,228.42999267578125,228.6300048828125,472316
2025-08-25 14:32:00+00:00,228.52999877929688,228.61000061035156,228.4600067138672,228.47999572753906,55944
2025-08-25 14:33:00+00:00,228.6750030517578,228.6815948486328,228.5283966064453,228.52999877929688,48971
2025-08-25 14:34:00+00:00,228.58999633789062,228.6815948486328,228.4403076171875,228.6815948486328,62701
2025-08-25 14:35:00+00:00,228.5850067138672,228.72000122070312,228.52499389648438,228.57009887695312,78332
2025-08-25 14:36:00+00:00,228.5800018310547,228.65750122070312,228.47000122070312,228.5850067138672,67502
2025-08-25 14:37:00+00:00,228.6199951171875,228.67999267578125,228.55999755859375,228.5800018310547,61486
2025-08-25 14:38:00+00:00,228.47999572753906,228.63299560546875,228.44000244140625,228.6199951171875,58985
2025-08-25 14:39:00+00:00,228.44000244140625,228.57000732421875,228.39500427246094,228.47000122070312,50265
2025-08-25 14:40:00+00:00,228.38999938964844,228.44000244140625,228.32000732421875,228.42999267578125,62912
2025-08-25 14:41:00+00:00,228.52999877929688,228.5998992919922,228.4199981689453,228.4199981689453,53973
2025-08-25 14:42:00+00:00,228.52000427246094,228.6396026611328,228.49009704589844,228.52999877929688,83446
2025-08-25 14:43:00+00:00,228.33999633789062,228.5137939453125,228.33999633789062,228.50999450683594,64909
2025-08-25 14:44:00+00:00,228.35499572753906,228.4199981689453,228.3000030517578,228.3699951171875,120202
2025-08-25 14:45:00+00:00,228.40499877929688,228.43499755859375,228.2899932861328,228.35000610351562,69812
2025-08-25 14:46:00+00:00,228.86000061035156,228.86000061035156,228.4149932861328,228.42860412597656,79082
2025-08-25 14:47:00+00:00,229.0,229.0,228.6999969482422,228.8699951171875,90730
2025-08-25 14:48:00+00:00,229.05499267578125,229.2100067138672,228.95010375976562,228.9600067138672,175440
2025-08-25 14:49:00+00:00,229.22500610351562,229.24000549316406,229.0301055908203,229.05499267578125,100302
2025-08-25 14:50:00+00:00,229.04429626464844,229.22000122070312,228.91900634765625,229.22000122070312,81497
2025-08-25 14:51:00+00:00,229.17999267578125,229.17999267578125,229.01499938964844,229.04010009765625,64002
2025-08-25 14:52:00+00:00,229.0399932861328,229.19000244140625,229.01260375976562,229.19000244140625,62063
2025-08-25 14:53:00+00:00,228.96499633789062,229.07139587402344,228.91119384765625,229.0500030517578,66174
2025-08-25 14:54:00+00:00,228.95559692382812,229.0399932861328,228.9445037841797,228.95120239257812,53919
2025-08-25 14:55:00+00:00,228.85499572753906,229.01190185546875,228.85499572753906,228.94000244140625,67539
2025-08-25 14:56:00+00:00,228.99000549316406,229.0500030517578,228.8699951171875,228.8699951171875,66333
2025-08-25 14:57:00+00:00,228.79010009765625,229.03500366210938,228.71060180664062,229.0,87376
2025-08-25 14:58:00+00:00,228.89599609375,228.97000122070312,228.8000030517578,228.80999755859375,50043
2025-08-25 14:59:00+00:00,228.92999267578125,228.97500610351562,228.84500122070312,228.89500427246094,47706
2025-08-25 15:00:00+00:00,228.92999267578125,228.9499969482422,228.85000610351562,228.92999267578125,55500
2025-08-25 15:01:00+00:00,228.85809326171875,228.9199981689453,228.8350067138672,228.9199981689453,49568
2025-08-25 15:02:00+00:00,228.9600067138672,228.9698944091797,228.80999755859375,228.84500122070312,42464
2025-08-25 15:03:00+00:00,228.83999633789062,228.99000549316406,228.83859252929688,228.9506072998047,82020
2025-08-25 15:04:00+00:00,229.01629638671875,229.01629638671875,228.8300018310547,228.8300018310547,67495
2025-08-25 15:05:00+00:00,229.0399932861328,229.10989379882812,228.92999267578125,229.02000427246094,104633
2025-08-25 15:06:00+00:00,229.08999633789062,229.1699981689453,229.0399932861328,229.0500030517578,39744
2025-08-25 15:07:00+00:00,229.00999450683594,229.1300048828125,228.9949951171875,229.10000610351562,37096
2025-08-25 15:08:00+00:00,228.57000732421875,228.99000549316406,228.52999877929688,228.99000549316406,92346
2025-08-25 15:09:00+00:00,228.75,229.05999755859375,228.46009826660156,228.57000732421875,233136
2025-08-25 15:10:00+00:00,228.75999450683594,229.19000244140625,228.6300048828125,228.74009704589844,200964
2025-08-25 15:11:00+00:00,228.9250030517578,228.9250030517578,228.67999267578125,228.77999877929688,54348
2025-08-25 15:12:00+00:00,228.86770629882812,228.94749450683594,228.86000061035156,228.9199981689453,32167
2025-08-25 15:13:00+00:00,228.84170532226562,228.89999389648438,228.77999877929688,228.8800048828125,45264
2025-08-25 15:14:00+00:00,228.80999755859375,228.85499572753906,228.77499389648438,228.83999633789062,31970
2025-08-25 15:15:00+00:00,228.72979736328125,228.85000610351562,228.6199951171875,228.80999755859375,53129
2025-08-25 15:16:00+00:00,228.83999633789062,228.86000061035156,228.74000549316406,228.74000549316406,31709
2025-08-25 15:17:00+00:00,228.80189514160156,228.8350067138672,228.77999877929688,228.8249969482422,30602
2025-08-25 15:18:00+00:00,228.75,228.80499267578125,228.6999969482422,228.80499267578125,33428
2025-08-25 15:19:00+00:00,228.88499450683594,228.889892578125,228.75010681152344,228.75999450683594,42757
2025-08-25 15:20:00+00:00,228.97540283203125,228.97999572753906,228.86000061035156,228.88999938964844,43693
2025-08-25 15:21:00+00:00,228.99000549316406,229.0200958251953,228.9600067138672,228.97000122070312,43562
2025-08-25 15:22:00+00:00,228.88999938964844,229.0,228.86000061035156,229.0,36547
2025-08-25 15:23:00+00:00,228.91000366210938,228.9257049560547,228.86000061035156,228.86000061035156,23764
2025-08-25 15:24:00+00:00,228.7899932861328,228.91000366210938,228.7700958251953,228.89999389648438,37029
2025-08-25 15:25:00+00:00,228.78500366210938,228.80999755859375,228.72000122070312,228.77999877929688,39257
2025-08-25 15:26:00+00:00,228.74000549316406,228.78990173339844,228.70419311523438,228.78990173339844,51736
2025-08-25 15:27:00+00:00,228.77999877929688,228.80999755859375,228.72999572753906,228.7449951171875,40299
2025-08-25 15:28:00+00:00,228.61000061035156,228.75999450683594,228.60740661621094,228.75900268554688,40451
2025-08-25 15:29:00+00:00,228.56500244140625,228.6199951171875,228.5500030517578,228.6199951171875,39328
2025-08-25 15:30:00+00:00,228.58999633789062,228.60000610351562,228.52760314941406,228.57000732421875,41149
2025-08-25 15:31:00+00:00,228.59629821777344,228.6199951171875,228.543701171875,228.58999633789062,51823
2025-08-25 15:32:00+00:00,228.5157928466797,228.5800018310547,228.50999450683594,228.57000732421875,45032
2025-08-25 15:33:00+00:00,228.62770080566406,228.6300048828125,228.50010681152344,228.50999450683594,41133
2025-08-25 15:34:00+00:00,228.58999633789062,228.63499450683594,228.5102996826172,228.63299560546875,34337
2025-08-25 15:35:00+00:00,228.55999755859375,228.69000244140625,228.52000427246094,228.5749969482422,37633
2025-08-25 15:36:00+00:00,228.6699981689453,228.67999267578125,228.5500030517578,228.5500030517578,30906
2025-08-25 15:37:00+00:00,228.61500549316406,228.66000366210938,228.60000610351562,228.66000366210938,32829
2025-08-25 15:38:00+00:00,228.7899932861328,228.7899932861328,228.625,228.625,42049
2025-08-25 15:39:00+00:00,228.81689453125,228.81979370117188,228.7550048828125,228.7899932861328,40589
2025-08-25 15:40:00+00:00,228.7534942626953,228.8800048828125,228.6999969482422,228.80999755859375,67628
2025-08-25 15:41:00+00:00,228.73680114746094,228.77499389648438,228.6699981689453,228.75,58526
2025-08-25 15:42:00+00:00,228.94009399414062,228.9499969482422,228.73500061035156,228.74000549316406,62183
2025-08-25 15:43:00+00:00,228.9593048095703,228.98500061035156,228.9199981689453,228.92999267578125,58036
2025-08-25 15:44:00+00:00,229.0500030517578,229.05999755859375,228.9199981689453,228.9550018310547,48813
2025-08-25 15:45:00+00:00,229.02499389648438,229.08999633789062,229.02000427246094,229.0500030517578,36901
2025-08-25 15:46:00+00:00,229.02859497070312,229.0500030517578,228.94839477539062,229.02499389648438,42997
2025-08-25 15:47:00+00:00,229.00999450683594,229.03500366210938,228.9600067138672,229.02999877929688,29729
2025-08-25 15:48:00+00:00,228.9600067138672,229.0449981689453,228.9600067138672,229.00999450683594,44480
2025-08-25 15:49:00+00:00,228.99000549316406,228.99000549316406,228.94000244140625,228.9600067138672,34417
2025-08-25 15:50:00+00:00,229.19000244140625,229.2050018310547,228.97500610351562,228.99000549316406,52933
2025-08-25 15:51:00+00:00,229.25,229.25999450683594,229.11000061035156,229.1804962158203,59379
2025-08-25 15:52:00+00:00,229.13999938964844,229.28500366210938,229.12840270996094,229.25160217285156,54074
2025-08-25 15:53:00+00:00,229.1199951171875,229.21499633789062,229.1199951171875,229.16000366210938,30389
2025-08-25 15:54:00+00:00,229.0644989013672,229.14500427246094,229.0644989013672,229.1199951171875,40580
2025-08-25 15:55:00+00:00,229.125,229.17999267578125,229.0500946044922,229.0500946044922,41763
2025-08-25 15:56:00+00:00,229.07000732421875,229.1300048828125,229.0399932861328,229.1199951171875,41940
2025-08-25 15:57:00+00:00,229.1649932861328,229.17849731445312,229.0399932861328,229.0399932861328,36553
2025-08-25 15:58:00+00:00,229.25,229.25999450683594,229.1649932861328,229.1649932861328,32325
2025-08-25 15:59:00+00:00,229.16000366210938,229.3000030517578,229.16000366210938,229.24000549316406,41512
2025-08-25 16:00:00+00:00,229.1636962890625,229.17999267578125,229.0800018310547,229.14999389648438,40833
2025-08-25 16:01:00+00:00,229.0850067138672,229.1750030517578,229.0850067138672,229.14999389648438,43173
2025-08-25 16:02:00+00:00,229.10499572753906,229.10499572753906,229.0363006591797,229.0850067138672,36185
2025-08-25 16:03:00+00:00,229.02999877929688,229.09500122070312,228.99000549316406,229.09500122070312,45676
2025-08-25 16:04:00+00:00,229.0019989013672,229.02000427246094,228.9550018310547,229.0,33597
2025-08-25 16:05:00+00:00,229.0301055908203,229.03500366210938,228.96499633789062,229.00999450683594,33822
2025-08-25 16:06:00+00:00,228.99000549316406,229.05499267578125,228.95010375976562,229.0399932861328,51929
2025-08-25 16:07:00+00:00,228.9499969482422,228.99000549316406,228.9250030517578,228.98089599609375,45200
2025-08-25 16:08:00+00:00,228.97000122070312,228.99000549316406,228.92999267578125,228.95120239257812,33974
2025-08-25 16:09:00+00:00,228.88999938964844,228.97999572753906,228.86000061035156,228.97000122070312,35079
2025-08-25 16:10:00+00:00,228.7949981689453,228.88999938964844,228.77999877929688,228.8699951171875,35644
2025-08-25 16:11:00+00:00,228.76499938964844,228.7946014404297,228.76499938964844,228.7946014404297,30032
2025-08-25 16:12:00+00:00,228.75,228.77999877929688,228.66079711914062,228.77000427246094,54927
2025-08-25 16:13:00+00:00,228.6649932861328,228.75160217285156,228.66000366210938,228.75,28959
2025-08-25 16:14:00+00:00,228.6699981689453,228.68310546875,228.6300048828125,228.65499877929688,29908
2025-08-25 16:15:00+00:00,228.7050018310547,228.75,228.6645965576172,228.6699981689453,36165
2025-08-25 16:16:00+00:00,228.67999267578125,228.69500732421875,228.63999938964844,228.69000244140625,44608
2025-08-25 16:17:00+00:00,228.6300048828125,228.67010498046875,228.625,228.67010498046875,27066
2025-08-25 16:18:00+00:00,228.64999389648438,228.6750030517578,228.610107421875,228.61839294433594,28978
2025-08-25 16:19:00+00:00,228.60899353027344,228.656005859375,228.5500030517578,228.64999389648438,56475
2025-08-25 16:20:00+00:00,228.61500549316406,228.64999389648438,228.58279418945312,228.61000061035156,28894
2025-08-25 16:21:00+00:00,228.61000061035156,228.63499450683594,228.5749969482422,228.6199951171875,28305
2025-08-25 16:22:00+00:00,228.5800018310547,228.6199951171875,228.55499267578125,228.61500549316406,26532
2025-08-25 16:23:00+00:00,228.5749969482422,228.6199951171875,228.55999755859375,228.58999633789062,24420
2025-08-25 16:24:00+00:00,228.58999633789062,228.61500549316406,228.56919860839844,228.57000732421875,33633
2025-08-25 16:25:00+00:00,228.6531982421875,228.69000244140625,228.55999755859375,228.5800018310547,46476
2025-08-25 16:26:00+00:00,228.7449951171875,228.7550048828125,228.6510009765625,228.66000366210938,28559
2025-08-25 16:27:00+00:00,228.69000244140625,228.74000549316406,228.67999267578125,228.74000549316406,31793
2025-08-25 16:28:00+00:00,228.69000244140625,228.6999969482422,228.64999389648438,228.69000244140625,41109
2025-08-25 16:29:00+00:00,228.5399932861328,228.6999053955078,228.51499938964844,228.69000244140625,52642
2025-08-25 16:30:00+00:00,228.52999877929688,228.5449981689453,228.5,228.5399932861328,26726
2025-08-25 16:31:00+00:00,228.49420166015625,228.53500366210938,228.42999267578125,228.53460693359375,49296
2025-08-25 16:32:00+00:00,228.4250030517578,228.52499389648438,228.39999389648438,228.5,63360
2025-08-25 16:33:00+00:00,228.41000366210938,228.43719482421875,228.3780059814453,228.42999267578125,41571
2025-08-25 16:34:00+00:00,228.38999938964844,228.4293975830078,228.35000610351562,228.40499877929688,36764
2025-08-25 16:35:00+00:00,228.4600067138672,228.49000549316406,228.40370178222656,228.41000366210938,40888
2025-08-25 16:36:00+00:00,228.47030639648438,228.52999877929688,228.42999267578125,228.4550018310547,33283
2025-08-25 16:37:00+00:00,228.38800048828125,228.47000122070312,228.38800048828125,228.47000122070312,24893
2025-08-25 16:38:00+00:00,228.35000610351562,228.39999389648438,228.3477020263672,228.39840698242188,24668
2025-08-25 16:39:00+00:00,228.4550018310547,228.47500610351562,228.36000061035156,228.36000061035156,26522
2025-08-25 16:40:00+00:00,228.43499755859375,228.47000122070312,228.41000366210938,228.46499633789062,39739
2025-08-25 16:41:00+00:00,228.47000122070312,228.49000549316406,228.4199981689453,228.43190002441406,27936
2025-08-25 16:42:00+00:00,228.48500061035156,228.50990295410156,228.4600067138672,228.4600067138672,25422
2025-08-25 16:43:00+00:00,228.5106964111328,228.5166015625,228.47000122070312,228.49000549316406,26677
2025-08-25 16:44:00+00:00,228.5198974609375,228.52000427246094,228.44009399414062,228.51499938964844,43187
2025-08-25 16:45:00+00:00,228.58999633789062,228.59640502929688,228.52000427246094,228.52000427246094,45635
2025-08-25 16:46:00+00:00,228.59500122070312,228.59719848632812,228.5500030517578,228.59500122070312,28908
2025-08-25 16:47:00+00:00,228.59500122070312,228.6199951171875,228.58999633789062,228.60000610351562,26056
2025-08-25 16:48:00+00:00,228.50999450683594,228.59620666503906,228.47000122070312,228.59190368652344,50653
2025-08-25 16:49:00+00:00,228.5050048828125,228.55499267578125,228.5,228.51499938964844,18537
2025-08-25 16:50:00+00:00,228.4492950439453,228.52999877929688,228.44000244140625,228.5,37758
2025-08-25 16:51:00+00:00,228.44000244140625,228.47000122070312,228.38499450683594,228.44500732421875,29292
2025-08-25 16:52:00+00:00,228.44000244140625,228.47000122070312,228.41000366210938,228.44000244140625,30361
2025-08-25 16:53:00+00:00,228.46499633789062,228.4949951171875,228.43800354003906,228.44500732421875,25105
2025-08-25 16:54:00+00:00,228.4528045654297,228.51499938964844,228.44000244140625,228.4600067138672,50922
2025-08-25 16:55:00+00:00,228.4550018310547,228.47030639648438,228.4066925048828,228.4499969482422,26364
2025-08-25 16:56:00+00:00,228.59010314941406,228.5998992919922,228.44000244140625,228.451904296875,35197
2025-08-25 16:57:00+00:00,228.63580322265625,228.64830017089844,228.59190368652344,228.59190368652344,33918
2025-08-25 16:58:00+00:00,228.5500030517578,228.635498046875,228.5449981689453,228.635498046875,52567
2025-08-25 16:59:00+00:00,228.5050048828125,228.5500030517578,228.5,228.5500030517578,25908
2025-08-25 17:00:00+00:00,228.47500610351562,228.52000427246094,228.47000122070312,228.5050048828125,37682
2025-08-25 17:01:00+00:00,228.5050048828125,228.5449981689453,228.44509887695312,228.47500610351562,34012
2025-08-25 17:02:00+00:00,228.5948944091797,228.62989807128906,228.52000427246094,228.52000427246094,31759
2025-08-25 17:03:00+00:00,228.52000427246094,228.5950927734375,228.52000427246094,228.5850067138672,24529
2025-08-25 17:04:00+00:00,228.5500030517578,228.55999755859375,228.44000244140625,228.5399932861328,83437
2025-08-25 17:05:00+00:00,228.44000244140625,228.60499572753906,228.42999267578125,228.5449981689453,48049
2025-08-25 17:06:00+00:00,228.5050048828125,228.53509521484375,228.44000244140625,228.44000244140625,34124
2025-08-25 17:07:00+00:00,228.43499755859375,228.50990295410156,228.39999389648438,228.50990295410156,33850
2025-08-25 17:08:00+00:00,228.51499938964844,228.5198974609375,228.4322967529297,228.4322967529297,37454
2025-08-25 17:09:00+00:00,228.63510131835938,228.63510131835938,228.47999572753906,228.5218963623047,36910
2025-08-25 17:10:00+00:00,228.64999389648438,228.66580200195312,228.60000610351562,228.6300048828125,36607
2025-08-25 17:11:00+00:00,228.65969848632812,228.6750030517578,228.61000061035156,228.64999389648438,37597
2025-08-25 17:12:00+00:00,228.60000610351562,228.67860412597656,228.60000610351562,228.66000366210938,35909
2025-08-25 17:13:00+00:00,228.64999389648438,228.68499755859375,228.61000061035156,228.61000061035156,31051
2025-08-25 17:14:00+00:00,228.63499450683594,228.67999267578125,228.61000061035156,228.64999389648438,36934
2025-08-25 17:15:00+00:00,228.60499572753906,228.66000366210938,228.5800018310547,228.6300048828125,38020
2025-08-25 17:16:00+00:00,228.63999938964844,228.64259338378906,228.55999755859375,228.60499572753906,36959
2025-08-25 17:17:00+00:00,228.64999389648438,228.68649291992188,228.6300048828125,228.63839721679688,30813
2025-08-25 17:18:00+00:00,228.64349365234375,228.67999267578125,228.64010620117188,228.64999389648438,25305
2025-08-25 17:19:00+00:00,228.72999572753906,228.72999572753906,228.6300048828125,228.63999938964844,32485
2025-08-25 17:20:00+00:00,228.6649932861328,228.73500061035156,228.64999389648438,228.72999572753906,44884
2025-08-25 17:21:00+00:00,228.72000122070312,228.72999572753906,228.67999267578125,228.67999267578125,46512
2025-08-25 17:22:00+00:00,228.71499633789062,228.75999450683594,228.7050018310547,228.72000122070312,45740
2025-08-25 17:23:00+00:00,228.5399932861328,228.71580505371094,228.47000122070312,228.71580505371094,111725
2025-08-25 17:24:00+00:00,228.58999633789062,228.5998992919922,228.50999450683594,228.55499267578125,67660
2025-08-25 17:25:00+00:00,228.5050048828125,228.58999633789062,228.47439575195312,228.57000732421875,20590
2025-08-25 17:26:00+00:00,228.41000366210938,228.50999450683594,228.39999389648438,228.5050048828125,41375
2025-08-25 17:27:00+00:00,228.36000061035156,228.4149932861328,228.32000732421875,228.4149932861328,65316
2025-08-25 17:28:00+00:00,228.3249969482422,228.375,228.32000732421875,228.36709594726562,82745
2025-08-25 17:29:00+00:00,228.43499755859375,228.4600067138672,228.3300018310547,228.3300018310547,37381
2025-08-25 17:30:00+00:00,228.5301055908203,228.5800018310547,228.4199981689453,228.43499755859375,40313
2025-08-25 17:31:00+00:00,228.5050048828125,228.52999877929688,228.48500061035156,228.52999877929688,28966
2025-08-25 17:32:00+00:00,228.55999755859375,228.58999633789062,228.50999450683594,228.50999450683594,32755
2025-08-25 17:33:00+00:00,228.58999633789062,228.60000610351562,228.5500030517578,228.55499267578125,228591
2025-08-25 17:34:00+00:00,228.59500122070312,228.61000061035156,228.57000732421875,228.5850067138672,41192
2025-08-25 17:35:00+00:00,228.47579956054688,228.60989379882812,228.4600067138672,228.59500122070312,49342
2025-08-25 17:36:00+00:00,228.47500610351562,228.5800018310547,228.4499969482422,228.47000122070312,35055
2025-08-25 17:37:00+00:00,228.42999267578125,228.47740173339844,228.36000061035156,228.47740173339844,43109
2025-08-25 17:38:00+00:00,228.57029724121094,228.58230590820312,228.44000244140625,228.44000244140625,37387
2025-08-25 17:39:00+00:00,228.61050415039062,228.6300048828125,228.56500244140625,228.57000732421875,29478
2025-08-25 17:40:00+00:00,228.49000549316406,228.5749969482422,228.47000122070312,228.57000732421875,40814
2025-08-25 17:41:00+00:00,228.4499969482422,228.50999450683594,228.4199981689453,228.49000549316406,27657
2025-08-25 17:42:00+00:00,228.5399932861328,228.5399932861328,228.42999267578125,228.44000244140625,26604
2025-08-25 17:43:00+00:00,228.47999572753906,228.57000732421875,228.47000122070312,228.52859497070312,35612
2025-08-25 17:44:00+00:00,228.50999450683594,228.52999877929688,228.4499969482422,228.47779846191406,28770
2025-08-25 17:45:00+00:00,228.5800018310547,228.65499877929688,228.52000427246094,228.5399932861328,57846
2025-08-25 17:46:00+00:00,228.46139526367188,228.58999633789062,228.4199981689453,228.58999633789062,31670
2025-08-25 17:47:00+00:00,228.47000122070312,228.5050048828125,228.44500732421875,228.4600067138672,28359
2025-08-25 17:48:00+00:00,228.5050048828125,228.52000427246094,228.4550018310547,228.46499633789062,31412
2025-08-25 17:49:00+00:00,228.48289489746094,228.52999877929688,228.44000244140625,228.49000549316406,39650
2025-08-25 17:50:00+00:00,228.4550018310547,228.51499938964844,228.44500732421875,228.47999572753906,40985
2025-08-25 17:51:00+00:00,228.50999450683594,228.53500366210938,228.4499969482422,228.4600067138672,39030
2025-08-25 17:52:00+00:00,228.49000549316406,228.5500030517578,228.44000244140625,228.50999450683594,37031
2025-08-25 17:53:00+00:00,228.49000549316406,228.50990295410156,228.4600067138672,228.4967041015625,30952
2025-08-25 17:54:00+00:00,228.49000549316406,228.4949951171875,228.447998046875,228.47999572753906,43535
2025-08-25 17:55:00+00:00,228.3802032470703,228.49000549316406,228.35000610351562,228.48500061035156,42918
2025-08-25 17:56:00+00:00,228.41099548339844,228.4499969482422,228.36000061035156,228.3800048828125,34450
2025-08-25 17:57:00+00:00,228.36000061035156,228.4149932861328,228.3509979248047,228.39500427246094,30071
2025-08-25 17:58:00+00:00,228.3699951171875,228.38059997558594,228.35000610351562,228.35000610351562,27269
2025-08-25 17:59:00+00:00,228.30499267578125,228.38499450683594,228.26499938964844,228.3800048828125,56850
2025-08-25 18:00:00+00:00,228.32760620117188,228.37109375,228.2949981689453,228.30999755859375,50960
2025-08-25 18:01:00+00:00,228.2899932861328,228.3350067138672,228.27029418945312,228.3249969482422,69774
2025-08-25 18:02:00+00:00,228.1999969482422,228.30999755859375,228.19500732421875,228.28500366210938,66979
2025-08-25 18:03:00+00:00,228.19000244140625,228.22979736328125,228.16000366210938,228.2100067138672,49043
2025-08-25 18:04:00+00:00,228.15499877929688,228.19720458984375,228.14019775390625,228.19000244140625,29564
2025-08-25 18:05:00+00:00,228.09500122070312,228.1558074951172,228.09500122070312,228.15499877929688,44448
2025-08-25 18:06:00+00:00,228.11000061035156,228.16000366210938,228.0800018310547,228.10000610351562,51583
2025-08-25 18:07:00+00:00,228.08999633789062,228.13999938964844,228.08999633789062,228.11000061035156,38717
2025-08-25 18:08:00+00:00,228.13499450683594,228.16000366210938,228.0850067138672,228.08999633789062,34271
2025-08-25 18:09:00+00:00,228.19500732421875,228.19500732421875,228.11419677734375,228.1300048828125,42125
2025-08-25 18:10:00+00:00,228.21009826660156,228.22000122070312,228.16000366210938,228.17970275878906,42716
2025-08-25 18:11:00+00:00,228.19000244140625,228.25999450683594,228.16099548339844,228.22000122070312,98759
2025-08-25 18:12:00+00:00,228.15029907226562,228.2449951171875,228.14999389648438,228.19000244140625,36282
2025-08-25 18:13:00+00:00,228.13499450683594,228.1907958984375,228.1199951171875,228.16000366210938,32694
2025-08-25 18:14:00+00:00,228.14990234375,228.1898956298828,228.1300048828125,228.13499450683594,38366
2025-08-25 18:15:00+00:00,228.06460571289062,228.15499877929688,228.0500030517578,228.14999389648438,37905
2025-08-25 18:16:00+00:00,227.94000244140625,228.05999755859375,227.91940307617188,228.05999755859375,70604
2025-08-25 18:17:00+00:00,227.9600067138672,227.9949951171875,227.92010498046875,227.94500732421875,41833
2025-08-25 18:18:00+00:00,227.9600067138672,227.99000549316406,227.9199981689453,227.9499969482422,62080
2025-08-25 18:19:00+00:00,227.92990112304688,227.96499633789062,227.89999389648438,227.95069885253906,28818
2025-08-25 18:20:00+00:00,227.88999938964844,227.9250946044922,227.83999633789062,227.9199981689453,57822
2025-08-25 18:21:00+00:00,227.9199981689453,227.92999267578125,227.8800048828125,227.88499450683594,41348
2025-08-25 18:22:00+00:00,227.8800048828125,227.93499755859375,227.8300018310547,227.92990112304688,59131
2025-08-25 18:23:00+00:00,227.9600067138672,227.9600067138672,227.8800048828125,227.89500427246094,28908
2025-08-25 18:24:00+00:00,227.91990661621094,227.95140075683594,227.89999389648438,227.94000244140625,33534
2025-08-25 18:25:00+00:00,227.89999389648438,227.94500732421875,227.88999938964844,227.9199981689453,20067
2025-08-25 18:26:00+00:00,227.8699951171875,227.89500427246094,227.82000732421875,227.88999938964844,55408
2025-08-25 18:27:00+00:00,227.77000427246094,227.875,227.77000427246094,227.875,42806
2025-08-25 18:28:00+00:00,227.84500122070312,227.86000061035156,227.74000549316406,227.77000427246094,52826
2025-08-25 18:29:00+00:00,227.88499450683594,227.9199981689453,227.86500549316406,227.8699951171875,27859
2025-08-25 18:30:00+00:00,227.86000061035156,227.90499877929688,227.86000061035156,227.875,25529
2025-08-25 18:31:00+00:00,227.83999633789062,227.87010192871094,227.8000030517578,227.86500549316406,52248
2025-08-25 18:32:00+00:00,227.80999755859375,227.86000061035156,227.7949981689453,227.83999633789062,39552
2025-08-25 18:33:00+00:00,227.75999450683594,227.80999755859375,227.7449951171875,227.8000030517578,28496
2025-08-25 18:34:00+00:00,227.65499877929688,227.7550048828125,227.62359619140625,227.75,44001
2025-08-25 18:35:00+00:00,227.69000244140625,227.71499633789062,227.65020751953125,227.65020751953125,32420
2025-08-25 18:36:00+00:00,227.6300048828125,227.71499633789062,227.6199951171875,227.6999969482422,55233
2025-08-25 18:37:00+00:00,227.61500549316406,227.64999389648438,227.61000061035156,227.625,56870
2025-08-25 18:38:00+00:00,227.61000061035156,227.64999389648438,227.58999633789062,227.6199951171875,69806
2025-08-25 18:39:00+00:00,227.6199951171875,227.6300048828125,227.5800018310547,227.60000610351562,38200
2025-08-25 18:40:00+00:00,227.55999755859375,227.63499450683594,227.5500030517578,227.6300048828125,73192
2025-08-25 18:41:00+00:00,227.53500366210938,227.64999389648438,227.50999450683594,227.55499267578125,50803
2025-08-25 18:42:00+00:00,227.52000427246094,227.58999633789062,227.5,227.52999877929688,38404
2025-08-25 18:43:00+00:00,227.47999572753906,227.52999877929688,227.47000122070312,227.52999877929688,33577
2025-08-25 18:44:00+00:00,227.52499389648438,227.5399932861328,227.47999572753906,227.48500061035156,49964
2025-08-25 18:45:00+00:00,227.47999572753906,227.52000427246094,227.44500732421875,227.52000427246094,59300
2025-08-25 18:46:00+00:00,227.52000427246094,227.5399932861328,227.48500061035156,227.48500061035156,42339
2025-08-25 18:47:00+00:00,227.56500244140625,227.57000732421875,227.47999572753906,227.50999450683594,39213
2025-08-25 18:48:00+00:00,227.54989624023438,227.5800018310547,227.50999450683594,227.57839965820312,40639
2025-08-25 18:49:00+00:00,227.6300048828125,227.6300048828125,227.5303955078125,227.5449981689453,42471
2025-08-25 18:50:00+00:00,227.64999389648438,227.6999969482422,227.6199951171875,227.6199951171875,92314
2025-08-25 18:51:00+00:00,227.61500549316406,227.64999389648438,227.61000061035156,227.63999938964844,33790
2025-08-25 18:52:00+00:00,227.66000366210938,227.66000366210938,227.58999633789062,227.61500549316406,35199
2025-08-25 18:53:00+00:00,227.625,227.6510009765625,227.5800018310547,227.6510009765625,34337
2025-08-25 18:54:00+00:00,227.52999877929688,227.61000061035156,227.5,227.61000061035156,41338
2025-08-25 18:55:00+00:00,227.5500030517578,227.57000732421875,227.50010681152344,227.54580688476562,28331
2025-08-25 18:56:00+00:00,227.6300048828125,227.6300048828125,227.52999877929688,227.55499267578125,40005
2025-08-25 18:57:00+00:00,227.62989807128906,227.65499877929688,227.6199951171875,227.6300048828125,29505
2025-08-25 18:58:00+00:00,227.50999450683594,227.63999938964844,227.5,227.625,47223
2025-08-25 18:59:00+00:00,227.5500030517578,227.5800018310547,227.4949951171875,227.50999450683594,47083
2025-08-25 19:00:00+00:00,227.56500244140625,227.625,227.5399932861328,227.5449981689453,37593
2025-08-25 19:01:00+00:00,227.6649932861328,227.67999267578125,227.5657958984375,227.5657958984375,29280
2025-08-25 19:02:00+00:00,227.61000061035156,227.6649932861328,227.58999633789062,227.6649932861328,34999
2025-08-25 19:03:00+00:00,227.5850067138672,227.625,227.5500030517578,227.61500549316406,31011
2025-08-25 19:04:00+00:00,227.58999633789062,227.59500122070312,227.5614013671875,227.5850067138672,27610
2025-08-25 19:05:00+00:00,227.66000366210938,227.66000366210938,227.5800018310547,227.58999633789062,37840
2025-08-25 19:06:00+00:00,227.71499633789062,227.71499633789062,227.6417999267578,227.65550231933594,44122
2025-08-25 19:07:00+00:00,227.72500610351562,227.76820373535156,227.69500732421875,227.7100067138672,56245
2025-08-25 19:08:00+00:00,227.76190185546875,227.79989624023438,227.7100067138672,227.7209930419922,44610
2025-08-25 19:09:00+00:00,227.8000030517578,227.8000030517578,227.7534942626953,227.76499938964844,35481
2025-08-25 19:10:00+00:00,227.81849670410156,227.83580017089844,227.7606964111328,227.7949981689453,40492
2025-08-25 19:11:00+00:00,227.75999450683594,227.82000732421875,227.7530059814453,227.81500244140625,47791
2025-08-25 19:12:00+00:00,227.78750610351562,227.7899932861328,227.71499633789062,227.77999877929688,54782
2025-08-25 19:13:00+00:00,227.75509643554688,227.80299377441406,227.75,227.78500366210938,44849
2025-08-25 19:14:00+00:00,227.72000122070312,227.77000427246094,227.71499633789062,227.75,44015
2025-08-25 19:15:00+00:00,227.67999267578125,227.72239685058594,227.6699981689453,227.7100067138672,48421
2025-08-25 19:16:00+00:00,227.5850067138672,227.68499755859375,227.56149291992188,227.68499755859375,60275
2025-08-25 19:17:00+00:00,227.5500030517578,227.6199951171875,227.5500030517578,227.5861053466797,60623
2025-08-25 19:18:00+00:00,227.53500366210938,227.55999755859375,227.52090454101562,227.55499267578125,40621
2025-08-25 19:19:00+00:00,227.58999633789062,227.59500122070312,227.52000427246094,227.5299072265625,55596
2025-08-25 19:20:00+00:00,227.59500122070312,227.61590576171875,227.5644073486328,227.5850067138672,48864
2025-08-25 19:21:00+00:00,227.55999755859375,227.59500122070312,227.5399932861328,227.59500122070312,52603
2025-08-25 19:22:00+00:00,227.61500549316406,227.6199951171875,227.5449981689453,227.55999755859375,44973
2025-08-25 19:23:00+00:00,227.59100341796875,227.62989807128906,227.57000732421875,227.61000061035156,52304
2025-08-25 19:24:00+00:00,227.59019470214844,227.60989379882812,227.57000732421875,227.60499572753906,32071
2025-08-25 19:25:00+00:00,227.610107421875,227.62649536132812,227.57000732421875,227.59500122070312,35969
2025-08-25 19:26:00+00:00,227.63229370117188,227.63999938964844,227.5802001953125,227.6199951171875,44553
2025-08-25 19:27:00+00:00,227.60000610351562,227.69500732421875,227.60000610351562,227.63999938964844,52558
2025-08-25 19:28:00+00:00,227.60499572753906,227.63999938964844,227.5800018310547,227.61000061035156,38534
2025-08-25 19:29:00+00:00,227.59840393066406,227.6699981689453,227.59500122070312,227.60499572753906,41918
2025-08-25 19:30:00+00:00,227.5399932861328,227.63499450683594,227.5399932861328,227.60000610351562,60855
2025-08-25 19:31:00+00:00,227.55499267578125,227.57000732421875,227.5,227.5399932861328,60653
2025-08-25 19:32:00+00:00,227.52499389648438,227.59500122070312,227.52499389648438,227.55999755859375,44919
2025-08-25 19:33:00+00:00,227.56500244140625,227.5850067138672,227.52999877929688,227.52999877929688,42865
2025-08-25 19:34:00+00:00,227.56500244140625,227.5749969482422,227.53500366210938,227.56500244140625,36158
2025-08-25 19:35:00+00:00,227.55780029296875,227.5800018310547,227.5399932861328,227.55999755859375,53814
2025-08-25 19:36:00+00:00,227.52999877929688,227.60000610351562,227.51499938964844,227.55490112304688,56238
2025-08-25 19:37:00+00:00,227.5500030517578,227.5800018310547,227.52000427246094,227.53500366210938,37115
2025-08-25 19:38:00+00:00,227.56500244140625,227.5800018310547,227.52999877929688,227.5500030517578,59193
2025-08-25 19:39:00+00:00,227.60499572753906,227.61000061035156,227.50999450683594,227.56500244140625,65311
2025-08-25 19:40:00+00:00,227.5800018310547,227.6300048828125,227.56019592285156,227.60000610351562,79520
2025-08-25 19:41:00+00:00,227.67100524902344,227.69000244140625,227.57000732421875,227.57000732421875,53064
2025-08-25 19:42:00+00:00,227.66000366210938,227.68099975585938,227.6300048828125,227.6699981689453,65861
2025-08-25 19:43:00+00:00,227.6699981689453,227.69500732421875,227.63999938964844,227.66000366210938,48989
2025-08-25 19:44:00+00:00,227.6999969482422,227.6999969482422,227.63499450683594,227.6750030517578,60184
2025-08-25 19:45:00+00:00,227.6750030517578,227.7100067138672,227.63999938964844,227.7100067138672,63636
2025-08-25 19:46:00+00:00,227.60499572753906,227.67999267578125,227.60499572753906,227.6699981689453,53407
2025-08-25 19:47:00+00:00,227.6300048828125,227.72000122070312,227.58999633789062,227.61000061035156,59276
2025-08-25 19:48:00+00:00,227.59500122070312,227.6300048828125,227.5399932861328,227.6300048828125,54441
2025-08-25 19:49:00+00:00,227.60000610351562,227.64999389648438,227.58999633789062,227.60000610351562,42678
2025-08-25 19:50:00+00:00,227.52000427246094,227.69000244140625,227.5050048828125,227.60000610351562,116508
2025-08-25 19:51:00+00:00,227.6199951171875,227.64500427246094,227.52000427246094,227.5207061767578,131658
2025-08-25 19:52:00+00:00,227.625,227.64999389648438,227.5500030517578,227.625,90609
2025-08-25 19:53:00+00:00,227.48500061035156,227.63999938964844,227.47500610351562,227.625,117327
2025-08-25 19:54:00+00:00,227.49000549316406,227.57000732421875,227.42999267578125,227.47999572753906,142879
2025-08-25 19:55:00+00:00,227.56509399414062,227.5749969482422,227.42999267578125,227.4949951171875,176760
2025-08-25 19:56:00+00:00,227.47999572753906,227.6199951171875,227.47999572753906,227.56500244140625,163365
2025-08-25 19:57:00+00:00,227.30999755859375,227.50999450683594,227.27999877929688,227.47999572753906,245003
2025-08-25 19:58:00+00:00,227.2949981689453,227.34500122070312,227.25999450683594,227.31500244140625,252482
2025-08-25 19:59:00+00:00,227.14999389648438,227.33999633789062,227.1199951171875,227.2949981689453,727696
2025-08-26 13:30:00+00:00,226.25999450683594,227.0,225.97500610351562,226.8699951171875,767979
2025-08-26 13:31:00+00:00,226.44000244140625,226.67999267578125,226.2700958251953,226.27499389648438,147490
2025-08-26 13:32:00+00:00,226.7100067138672,226.7100067138672,226.4199981689453,226.4199981689453,34677
2025-08-26 13:33:00+00:00,226.9499969482422,227.0500030517578,226.9499969482422,227.02000427246094,230901
2025-08-26 13:34:00+00:00,226.61500549316406,226.9499969482422,226.51010131835938,226.9499969482422,114550
2025-08-26 13:35:00+00:00,226.42999267578125,226.63999938964844,226.3800048828125,226.61000061035156,99811
2025-08-26 13:36:00+00:00,226.27000427246094,226.5850067138672,226.25010681152344,226.47000122070312,80519
2025-08-26 13:37:00+00:00,225.97000122070312,226.27999877929688,225.91000366210938,226.27000427246094,121168
2025-08-26 13:38:00+00:00,225.8249969482422,225.99000549316406,225.69000244140625,225.96929931640625,134827
2025-08-26 13:39:00+00:00,225.76409912109375,226.0399932861328,225.72999572753906,225.8300018310547,169579
2025-08-26 13:40:00+00:00,225.8350067138672,225.92999267578125,225.6511993408203,225.75999450683594,123519
2025-08-26 13:41:00+00:00,226.0500030517578,226.0699005126953,225.82000732421875,225.83680725097656,119018
2025-08-26 13:42:00+00:00,225.55999755859375,226.14500427246094,225.5500030517578,226.05419921875,146517
2025-08-26 13:43:00+00:00,225.42999267578125,225.6199951171875,225.39999389648438,225.55380249023438,146750
2025-08-26 13:44:00+00:00,225.3096923828125,225.53990173339844,225.25999450683594,225.42019653320312,152305
2025-08-26 13:45:00+00:00,225.22000122070312,225.30740356445312,225.00999450683594,225.27999877929688,163305
2025-08-26 13:46:00+00:00,225.17999267578125,225.36000061035156,225.15049743652344,225.22000122070312,152603
2025-08-26 13:47:00+00:00,225.17999267578125,225.24000549316406,225.07000732421875,225.22000122070312,113019
2025-08-26 13:48:00+00:00,225.0699005126953,225.32000732421875,225.0426025390625,225.16000366210938,134754
2025-08-26 13:49:00+00:00,224.7449951171875,225.0850067138672,224.72000122070312,225.03990173339844,323601
2025-08-26 13:50:00+00:00,225.0800018310547,225.2216033935547,224.69000244140625,224.73199462890625,204299
2025-08-26 13:51:00+00:00,225.22000122070312,225.32969665527344,225.07009887695312,225.0800018310547,104621
2025-08-26 13:52:00+00:00,225.1999969482422,225.31500244140625,225.1300048828125,225.22500610351562,87283
2025-08-26 13:53:00+00:00,225.2301025390625,225.30999755859375,225.0406951904297,225.21499633789062,169358
2025-08-26 13:54:00+00:00,225.21499633789062,225.35000610351562,225.1699981689453,225.25320434570312,121166
2025-08-26 13:55:00+00:00,225.10000610351562,225.2050018310547,225.0301055908203,225.20069885253906,114551
2025-08-26 13:56:00+00:00,225.15499877929688,225.3000030517578,224.9700927734375,225.10000610351562,93764
2025-08-26 13:57:00+00:00,225.4250030517578,225.4799041748047,225.16000366210938,225.16000366210938,109517
2025-08-26 13:58:00+00:00,225.27499389648438,225.47500610351562,225.25999450683594,225.42999267578125,82593
2025-08-26 13:59:00+00:00,225.25999450683594,225.39500427246094,225.1999969482422,225.27499389648438,80586
2025-08-26 14:00:00+00:00,225.2801055908203,225.4282989501953,225.25,225.2899932861328,128465
2025-08-26 14:01:00+00:00,225.14999389648438,225.8000030517578,225.1300048828125,225.2949981689453,308531
2025-08-26 14:02:00+00:00,225.0749969482422,225.25999450683594,224.8865966796875,225.17999267578125,152874
2025-08-26 14:03:00+00:00,225.27960205078125,225.27999877929688,225.00999450683594,225.0800018310547,92850
2025-08-26 14:04:00+00:00,225.4250030517578,225.4499969482422,225.22999572753906,225.25,158331
2025-08-26 14:05:00+00:00,225.51499938964844,225.52999877929688,225.21499633789062,225.4199981689453,141881
2025-08-26 14:06:00+00:00,225.23500061035156,225.5399932861328,225.20069885253906,225.51499938964844,121094
2025-08-26 14:07:00+00:00,225.3699951171875,225.40989685058594,225.14999389648438,225.22500610351562,125633
2025-08-26 14:08:00+00:00,225.52999877929688,225.54600524902344,225.28500366210938,225.3800048828125,121161
2025-08-26 14:09:00+00:00,225.5,225.57000732421875,225.38999938964844,225.5399932861328,75837
2025-08-26 14:10:00+00:00,225.52000427246094,225.64999389648438,225.44000244140625,225.5,122320
2025-08-26 14:11:00+00:00,225.3623046875,225.5500030517578,225.32000732421875,225.50999450683594,84766
2025-08-26 14:12:00+00:00,225.39500427246094,225.47940063476562,225.28500366210938,225.36500549316406,87434
2025-08-26 14:13:00+00:00,225.4949951171875,225.4949951171875,225.30999755859375,225.3800048828125,64376
2025-08-26 14:14:00+00:00,225.72000122070312,225.73570251464844,225.47999572753906,225.49740600585938,77976
2025-08-26 14:15:00+00:00,225.9600067138672,225.9600067138672,225.69000244140625,225.72000122070312,122959
2025-08-26 14:16:00+00:00,225.8800048828125,226.0,225.82000732421875,225.94839477539062,113826
2025-08-26 14:17:00+00:00,226.03500366210938,226.05999755859375,225.86500549316406,225.86500549316406,117537
2025-08-26 14:18:00+00:00,226.0850067138672,226.10000610351562,225.91000366210938,226.0399932861328,100380
2025-08-26 14:19:00+00:00,226.04150390625,226.17999267578125,226.0,226.05999755859375,116854
2025-08-26 14:20:00+00:00,226.0399932861328,226.22999572753906,225.99000549316406,226.0500030517578,77634
2025-08-26 14:21:00+00:00,226.0800018310547,226.1199951171875,225.92999267578125,226.0399932861328,70343
2025-08-26 14:22:00+00:00,226.25100708007812,226.3000030517578,226.07000732421875,226.07000732421875,91247
2025-08-26 14:23:00+00:00,226.27000427246094,226.36000061035156,226.25,226.25999450683594,77441
2025-08-26 14:24:00+00:00,226.35000610351562,226.37989807128906,226.27499389648438,226.27999877929688,65131
2025-08-26 14:25:00+00:00,226.2899932861328,226.35499572753906,226.22999572753906,226.33999633789062,74322
2025-08-26 14:26:00+00:00,226.35499572753906,226.35499572753906,226.22999572753906,226.2949981689453,49589
2025-08-26 14:27:00+00:00,226.39500427246094,226.47999572753906,226.30149841308594,226.35000610351562,62983
2025-08-26 14:28:00+00:00,226.42999267578125,226.47999572753906,226.36000061035156,226.3800048828125,56685
2025-08-26 14:29:00+00:00,226.5,226.5,226.25999450683594,226.43499755859375,94481
2025-08-26 14:30:00+00:00,226.38009643554688,226.5500030517578,226.3800048828125,226.50999450683594,82341
2025-08-26 14:31:00+00:00,226.39999389648438,226.49000549316406,226.2899932861328,226.39999389648438,63977
2025-08-26 14:32:00+00:00,226.36000061035156,226.42999267578125,226.32000732421875,226.41000366210938,73216
2025-08-26 14:33:00+00:00,226.38999938964844,226.42999267578125,226.34500122070312,226.3699951171875,42331
2025-08-26 14:34:00+00:00,226.39500427246094,226.49000549316406,226.3699951171875,226.41000366210938,57603
2025-08-26 14:35:00+00:00,226.4600067138672,226.5500030517578,226.38999938964844,226.39999389648438,76203
2025-08-26 14:36:00+00:00,226.5,226.54989624023438,226.47999572753906,226.5,71799
2025-08-26 14:37:00+00:00,226.66000366210938,226.6699981689453,226.52499389648438,226.52499389648438,80220
2025-08-26 14:38:00+00:00,226.6697998046875,226.72850036621094,226.57000732421875,226.66000366210938,78654
2025-08-26 14:39:00+00:00,226.6699981689453,226.74000549316406,226.61000061035156,226.6699981689453,72567
2025-08-26 14:40:00+00:00,226.66000366210938,226.6999969482422,226.5399932861328,226.65499877929688,70164
2025-08-26 14:41:00+00:00,226.52000427246094,226.75979614257812,226.4949951171875,226.6649932861328,92139
2025-08-26 14:42:00+00:00,226.6708984375,226.6999969482422,226.4499969482422,226.52000427246094,48171
2025-08-26 14:43:00+00:00,226.6750030517578,226.69000244140625,226.60000610351562,226.6699981689453,36954
2025-08-26 14:44:00+00:00,226.88999938964844,226.9199981689453,226.64500427246094,226.6750030517578,92142
2025-08-26 14:45:00+00:00,226.71499633789062,226.91000366210938,226.61000061035156,226.88999938964844,68836
2025-08-26 14:46:00+00:00,226.72999572753906,226.74000549316406,226.60000610351562,226.72000122070312,55433
2025-08-26 14:47:00+00:00,226.80999755859375,226.80999755859375,226.6699981689453,226.74000549316406,49427
2025-08-26 14:48:00+00:00,226.75,226.88999938964844,226.72999572753906,226.82000732421875,43840
2025-08-26 14:49:00+00:00,226.72999572753906,226.74009704589844,226.66380310058594,226.74009704589844,38587
2025-08-26 14:50:00+00:00,226.77999877929688,226.7899932861328,226.72000122070312,226.7449951171875,37768
2025-08-26 14:51:00+00:00,226.87010192871094,226.9199981689453,226.77000427246094,226.77000427246094,54473
2025-08-26 14:52:00+00:00,226.9600067138672,226.97909545898438,226.82699584960938,226.8800048828125,515763
2025-08-26 14:53:00+00:00,226.9499969482422,226.97000122070312,226.89999389648438,226.9600067138672,52389
2025-08-26 14:54:00+00:00,226.97000122070312,227.0399932861328,226.9199981689453,226.94500732421875,77392
2025-08-26 14:55:00+00:00,227.0800018310547,227.0800018310547,226.9199981689453,226.97000122070312,63267
2025-08-26 14:56:00+00:00,226.9600067138672,227.07000732421875,226.9600067138672,227.07000732421875,64218
2025-08-26 14:57:00+00:00,227.05999755859375,227.07989501953125,226.92999267578125,226.96499633789062,69581
2025-08-26 14:58:00+00:00,226.7949981689453,227.0399932861328,226.7949981689453,227.0399932861328,62820
2025-08-26 14:59:00+00:00,226.61500549316406,226.8000030517578,226.60000610351562,226.8000030517578,97646
2025-08-26 15:00:00+00:00,226.6999969482422,226.72999572753906,226.60000610351562,226.6300048828125,60778
2025-08-26 15:01:00+00:00,226.89999389648438,226.89999389648438,226.6999969482422,226.6999969482422,29332
2025-08-26 15:02:00+00:00,226.86740112304688,226.91000366210938,226.82249450683594,226.89999389648438,38528
2025-08-26 15:03:00+00:00,226.86239624023438,226.91000366210938,226.81410217285156,226.8699951171875,44019
2025-08-26 15:04:00+00:00,226.8800048828125,226.88499450683594,226.7899932861328,226.87159729003906,33220
2025-08-26 15:05:00+00:00,226.9499969482422,226.9499969482422,226.86000061035156,226.875,43663
2025-08-26 15:06:00+00:00,226.93499755859375,226.9376983642578,226.83999633789062,226.92999267578125,34345
2025-08-26 15:07:00+00:00,226.99000549316406,226.9949951171875,226.92999267578125,226.93499755859375,34474
2025-08-26 15:08:00+00:00,226.9499969482422,227.03500366210938,226.9499969482422,226.97000122070312,56336
2025-08-26 15:09:00+00:00,227.0399932861328,227.11000061035156,226.92999267578125,226.93499755859375,65508
2025-08-26 15:10:00+00:00,226.9600067138672,227.10000610351562,226.9199981689453,227.02999877929688,59933
2025-08-26 15:11:00+00:00,226.92999267578125,226.97000122070312,226.8800048828125,226.9550018310547,48832
2025-08-26 15:12:00+00:00,226.9199981689453,226.9600067138672,226.8800048828125,226.92999267578125,37911
2025-08-26 15:13:00+00:00,226.91000366210938,226.9550018310547,226.8800048828125,226.9250030517578,35000
2025-08-26 15:14:00+00:00,226.86000061035156,226.9499053955078,226.8300018310547,226.90499877929688,64215
2025-08-26 15:15:00+00:00,226.91000366210938,226.91000366210938,226.74000549316406,226.86000061035156,45850
2025-08-26 15:16:00+00:00,226.77999877929688,226.91000366210938,226.75999450683594,226.91000366210938,36584
2025-08-26 15:17:00+00:00,226.9199981689453,226.92999267578125,226.8000030517578,226.8000030517578,25427
2025-08-26 15:18:00+00:00,226.92739868164062,226.99000549316406,226.88009643554688,226.91000366210938,52840
2025-08-26 15:19:00+00:00,226.9149932861328,226.9199981689453,226.85000610351562,226.9199981689453,31711
2025-08-26 15:20:00+00:00,227.06260681152344,227.07000732421875,226.91000366210938,226.9149932861328,34753
2025-08-26 15:21:00+00:00,227.06500244140625,227.0850067138672,227.02999877929688,227.05999755859375,40797
2025-08-26 15:22:00+00:00,227.1300048828125,227.139892578125,226.99009704589844,227.0570068359375,49313
2025-08-26 15:23:00+00:00,227.07569885253906,227.13980102539062,227.0601043701172,227.13980102539062,34270
2025-08-26 15:24:00+00:00,227.13499450683594,227.16000366210938,227.07139587402344,227.08999633789062,59836
2025-08-26 15:25:00+00:00,227.10989379882812,227.14999389648438,227.0428924560547,227.13999938964844,56984
2025-08-26 15:26:00+00:00,227.09010314941406,227.13999938964844,227.02999877929688,227.101806640625,57747
2025-08-26 15:27:00+00:00,227.16920471191406,227.19000244140625,227.0948944091797,227.10000610351562,33716
2025-08-26 15:28:00+00:00,227.14999389648438,227.29989624023438,227.07000732421875,227.17999267578125,96337
2025-08-26 15:29:00+00:00,226.9615936279297,227.13999938964844,226.9499969482422,227.13999938964844,53151
2025-08-26 15:30:00+00:00,226.99000549316406,227.00999450683594,226.88999938964844,226.96499633789062,52697
2025-08-26 15:31:00+00:00,226.8520050048828,226.99000549316406,226.85009765625,226.97000122070312,30265
2025-08-26 15:32:00+00:00,226.8000030517578,226.85000610351562,226.74000549316406,226.84500122070312,52900
2025-08-26 15:33:00+00:00,226.89259338378906,226.9199981689453,226.75999450683594,226.8000030517578,42429
2025-08-26 15:34:00+00:00,226.8800048828125,226.89990234375,226.74029541015625,226.88999938964844,37914
2025-08-26 15:35:00+00:00,227.08999633789062,227.1199951171875,226.8800048828125,226.8800048828125,55838
2025-08-26 15:36:00+00:00,227.1199951171875,227.13999938964844,227.0500030517578,227.11000061035156,40303
2025-08-26 15:37:00+00:00,227.22000122070312,227.22979736328125,227.08999633789062,227.1300048828125,44631
2025-08-26 15:38:00+00:00,227.24000549316406,227.24000549316406,227.17840576171875,227.1999969482422,40035
2025-08-26 15:39:00+00:00,227.19000244140625,227.28990173339844,227.19000244140625,227.2449951171875,42249
2025-08-26 15:40:00+00:00,227.1999969482422,227.27999877929688,227.19000244140625,227.1999969482422,29233
2025-08-26 15:41:00+00:00,227.22000122070312,227.25,227.1199951171875,227.19000244140625,36525
2025-08-26 15:42:00+00:00,227.22999572753906,227.25180053710938,227.14999389648438,227.24000549316406,26978
2025-08-26 15:43:00+00:00,227.16000366210938,227.24000549316406,227.13999938964844,227.22999572753906,30310
2025-08-26 15:44:00+00:00,227.0406951904297,227.1699981689453,227.0406951904297,227.1699981689453,36494
2025-08-26 15:45:00+00:00,227.0,227.0800018310547,226.97999572753906,227.05999755859375,47811
2025-08-26 15:46:00+00:00,226.89999389648438,227.0,226.8800048828125,227.0,47160
2025-08-26 15:47:00+00:00,226.82000732421875,226.91000366210938,226.82000732421875,226.89999389648438,25850
2025-08-26 15:48:00+00:00,226.72999572753906,226.83990478515625,226.64010620117188,226.8300018310547,52580
2025-08-26 15:49:00+00:00,226.68499755859375,226.7458038330078,226.67999267578125,226.72500610351562,40535
2025-08-26 15:50:00+00:00,226.61500549316406,226.7550048828125,226.61500549316406,226.69970703125,57483
2025-08-26 15:51:00+00:00,226.6300048828125,226.65980529785156,226.5500030517578,226.6199951171875,71372
2025-08-26 15:52:00+00:00,226.77000427246094,226.77999877929688,226.6199951171875,226.63999938964844,54918
2025-08-26 15:53:00+00:00,226.64999389648438,226.77000427246094,226.6199951171875,226.77000427246094,40884
2025-08-26 15:54:00+00:00,226.65499877929688,226.7100067138672,226.61000061035156,226.64999389648438,30701
2025-08-26 15:55:00+00:00,226.75999450683594,226.76429748535156,226.5800018310547,226.67999267578125,541521
2025-08-26 15:56:00+00:00,226.74000549316406,226.84060668945312,226.7100067138672,226.77000427246094,48018
2025-08-26 15:57:00+00:00,226.73989868164062,226.8000030517578,226.73019409179688,226.74000549316406,25614
2025-08-26 15:58:00+00:00,226.74000549316406,226.75,226.68569946289062,226.73500061035156,27306
2025-08-26 15:59:00+00:00,226.69500732421875,226.75,226.69000244140625,226.74000549316406,29156
2025-08-26 16:00:00+00:00,227.13999938964844,227.1699981689453,226.7100067138672,226.7100067138672,189422
2025-08-26 16:01:00+00:00,227.07000732421875,227.14990234375,227.0,227.13499450683594,54016
2025-08-26 16:02:00+00:00,227.19000244140625,227.22000122070312,227.06320190429688,227.07989501953125,94694
2025-08-26 16:03:00+00:00,227.2642059326172,227.28500366210938,227.1699981689453,227.19000244140625,68124
2025-08-26 16:04:00+00:00,227.3800048828125,227.4199981689453,227.2550048828125,227.2550048828125,86090
2025-08-26 16:05:00+00:00,227.36990356445312,227.47999572753906,227.36000061035156,227.38999938964844,113965
2025-08-26 16:06:00+00:00,227.30999755859375,227.42990112304688,227.3000030517578,227.36000061035156,59145
2025-08-26 16:07:00+00:00,227.1699981689453,227.30999755859375,227.02000427246094,227.3000030517578,120477
2025-08-26 16:08:00+00:00,227.19749450683594,227.2042999267578,227.10000610351562,227.17999267578125,62714
2025-08-26 16:09:00+00:00,227.30999755859375,227.3531951904297,227.1699981689453,227.2100067138672,97959
2025-08-26 16:10:00+00:00,227.36019897460938,227.4600067138672,227.32009887695312,227.33900451660156,93105
2025-08-26 16:11:00+00:00,227.10499572753906,227.3800048828125,227.08999633789062,227.3699951171875,62872
2025-08-26 16:12:00+00:00,227.24000549316406,227.27000427246094,227.08999633789062,227.11990356445312,39025
2025-08-26 16:13:00+00:00,227.25,227.27000427246094,227.19000244140625,227.25,39450
2025-08-26 16:14:00+00:00,227.27999877929688,227.30059814453125,227.1999969482422,227.2519073486328,535725
2025-08-26 16:15:00+00:00,227.31500244140625,227.33729553222656,227.1855010986328,227.2899932861328,44361
2025-08-26 16:16:00+00:00,227.44000244140625,227.44000244140625,227.30029296875,227.3300018310547,438381
2025-08-26 16:17:00+00:00,227.4499969482422,227.4499969482422,227.3699951171875,227.44000244140625,41744
2025-08-26 16:18:00+00:00,227.58999633789062,227.6199951171875,227.4499969482422,227.4550018310547,72440
2025-08-26 16:19:00+00:00,227.60000610351562,227.6699981689453,227.55140686035156,227.61300659179688,51472
2025-08-26 16:20:00+00:00,227.55999755859375,227.6649932861328,227.5399932861328,227.61000061035156,48219
2025-08-26 16:21:00+00:00,227.65499877929688,227.69000244140625,227.57000732421875,227.57000732421875,42705
2025-08-26 16:22:00+00:00,227.6002960205078,227.6999969482422,227.6002960205078,227.66940307617188,39509
2025-08-26 16:23:00+00:00,227.57000732421875,227.64300537109375,227.52999877929688,227.6300048828125,43889
2025-08-26 16:24:00+00:00,227.5399932861328,227.6300048828125,227.52000427246094,227.58920288085938,41580
2025-08-26 16:25:00+00:00,227.52999877929688,227.58160400390625,227.52000427246094,227.52999877929688,61645
2025-08-26 16:26:00+00:00,227.5399932861328,227.55999755859375,227.51499938964844,227.52999877929688,29434
2025-08-26 16:27:00+00:00,227.5399932861328,227.5500030517578,227.4949951171875,227.5399932861328,37580
2025-08-26 16:28:00+00:00,227.47999572753906,227.5500030517578,227.47999572753906,227.5283966064453,31079
2025-08-26 16:29:00+00:00,227.57049560546875,227.5800018310547,227.5,227.5,38623
2025-08-26 16:30:00+00:00,227.67999267578125,227.69000244140625,227.5399932861328,227.55999755859375,36740
2025-08-26 16:31:00+00:00,227.7449951171875,227.76980590820312,227.6479034423828,227.67999267578125,88907
2025-08-26 16:32:00+00:00,227.7698974609375,227.77999877929688,227.67039489746094,227.75999450683594,28585
2025-08-26 16:33:00+00:00,227.83999633789062,227.8800048828125,227.77000427246094,227.77000427246094,53844
2025-08-26 16:34:00+00:00,227.9398956298828,227.94000244140625,227.8300018310547,227.83999633789062,56841
2025-08-26 16:35:00+00:00,227.8134002685547,227.97000122070312,227.8134002685547,227.93499755859375,71994
2025-08-26 16:36:00+00:00,227.8300018310547,227.83999633789062,227.74000549316406,227.8300018310547,49482
2025-08-26 16:37:00+00:00,227.74000549316406,227.88999938964844,227.710205078125,227.8300018310547,44080
2025-08-26 16:38:00+00:00,227.6300048828125,227.75,227.6300048828125,227.75,53068
2025-08-26 16:39:00+00:00,227.57899475097656,227.689697265625,227.57000732421875,227.64999389648438,43084
2025-08-26 16:40:00+00:00,227.57000732421875,227.63999938964844,227.52000427246094,227.55999755859375,39185
2025-08-26 16:41:00+00:00,227.60499572753906,227.61000061035156,227.47000122070312,227.57000732421875,35928
2025-08-26 16:42:00+00:00,227.49819946289062,227.60000610351562,227.47000122070312,227.60000610351562,31831
2025-08-26 16:43:00+00:00,227.49000549316406,227.5050048828125,227.46009826660156,227.49000549316406,40101
2025-08-26 16:44:00+00:00,227.60499572753906,227.62120056152344,227.49000549316406,227.49000549316406,334199
2025-08-26 16:45:00+00:00,227.52999877929688,227.60499572753906,227.49000549316406,227.60499572753906,50266
2025-08-26 16:46:00+00:00,227.45010375976562,227.52499389648438,227.4199981689453,227.52499389648438,40456
2025-08-26 16:47:00+00:00,227.5615997314453,227.5800018310547,227.47000122070312,227.47000122070312,31236
2025-08-26 16:48:00+00:00,227.65029907226562,227.69000244140625,227.57000732421875,227.57000732421875,32431
2025-08-26 16:49:00+00:00,227.63259887695312,227.6699981689453,227.61000061035156,227.6699981689453,30162
2025-08-26 16:50:00+00:00,227.7100067138672,227.74989318847656,227.6199951171875,227.63499450683594,54149
2025-08-26 16:51:00+00:00,227.77499389648438,227.77499389648438,227.67010498046875,227.72000122070312,34462
2025-08-26 16:52:00+00:00,227.67999267578125,227.7899932861328,227.6699981689453,227.77999877929688,113424
2025-08-26 16:53:00+00:00,227.6999969482422,227.72000122070312,227.66000366210938,227.68499755859375,48393
2025-08-26 16:54:00+00:00,227.7100067138672,227.72000122070312,227.61000061035156,227.69500732421875,37402
2025-08-26 16:55:00+00:00,227.72500610351562,227.75990295410156,227.69000244140625,227.7100067138672,29392
2025-08-26 16:56:00+00:00,227.74000549316406,227.77999877929688,227.72500610351562,227.72500610351562,20716
2025-08-26 16:57:00+00:00,227.7899932861328,227.80999755859375,227.75,227.75,36158
2025-08-26 16:58:00+00:00,227.77000427246094,227.82000732421875,227.77000427246094,227.80499267578125,18085
2025-08-26 16:59:00+00:00,227.6999969482422,227.77000427246094,227.6750030517578,227.77000427246094,35001
2025-08-26 17:00:00+00:00,227.75680541992188,227.76559448242188,227.69009399414062,227.7100067138672,26998
2025-08-26 17:01:00+00:00,227.77000427246094,227.77499389648438,227.7281951904297,227.74000549316406,23037
2025-08-26 17:02:00+00:00,227.75999450683594,227.85000610351562,227.75999450683594,227.77000427246094,37297
2025-08-26 17:03:00+00:00,227.77999877929688,227.80999755859375,227.75,227.75,28592
2025-08-26 17:04:00+00:00,227.77999877929688,227.77999877929688,227.7100067138672,227.77999877929688,39142
2025-08-26 17:05:00+00:00,227.83999633789062,227.86000061035156,227.80999755859375,227.80999755859375,30036
2025-08-26 17:06:00+00:00,227.80999755859375,227.8498992919922,227.7899932861328,227.8498992919922,20095
2025-08-26 17:07:00+00:00,227.80999755859375,227.8300018310547,227.7899932861328,227.82000732421875,19615
2025-08-26 17:08:00+00:00,227.7550048828125,227.83999633789062,227.72000122070312,227.82000732421875,29031
2025-08-26 17:09:00+00:00,227.72210693359375,227.75,227.70480346679688,227.75,27826
2025-08-26 17:10:00+00:00,227.75,227.77000427246094,227.69000244140625,227.72140502929688,39104
2025-08-26 17:11:00+00:00,227.68499755859375,227.8249969482422,227.6699981689453,227.75999450683594,35905
2025-08-26 17:12:00+00:00,227.77000427246094,227.77499389648438,227.63999938964844,227.66000366210938,29548
2025-08-26 17:13:00+00:00,227.77000427246094,227.8000030517578,227.74000549316406,227.77000427246094,28581
2025-08-26 17:14:00+00:00,227.84500122070312,227.84500122070312,227.74420166015625,227.77000427246094,29546
2025-08-26 17:15:00+00:00,227.7899932861328,227.88499450683594,227.7801055908203,227.84500122070312,42142
2025-08-26 17:16:00+00:00,227.88499450683594,227.89999389648438,227.8000030517578,227.8000030517578,35488
2025-08-26 17:17:00+00:00,227.94000244140625,227.9600067138672,227.8800048828125,227.8800048828125,37064
2025-08-26 17:18:00+00:00,227.9615936279297,227.9615936279297,227.88999938964844,227.9342041015625,22010
2025-08-26 17:19:00+00:00,227.91000366210938,227.98500061035156,227.875,227.9600067138672,35806
2025-08-26 17:20:00+00:00,227.9022979736328,227.9199981689453,227.8699951171875,227.91000366210938,40284
2025-08-26 17:21:00+00:00,227.9199981689453,227.9199981689453,227.85000610351562,227.89999389648438,24446
2025-08-26 17:22:00+00:00,227.93499755859375,227.9600067138672,227.9199981689453,227.92999267578125,27859
2025-08-26 17:23:00+00:00,227.97000122070312,227.97000122070312,227.8800048828125,227.93499755859375,33624
2025-08-26 17:24:00+00:00,228.0050048828125,228.02999877929688,227.9550018310547,227.97000122070312,93278
2025-08-26 17:25:00+00:00,228.02999877929688,228.0399932861328,228.0,228.0,66185
2025-08-26 17:26:00+00:00,228.08999633789062,228.11000061035156,228.0200958251953,228.0399932861328,50654
2025-08-26 17:27:00+00:00,228.09530639648438,228.125,228.0625,228.09500122070312,36280
2025-08-26 17:28:00+00:00,228.09500122070312,228.1699981689453,228.0800018310547,228.10000610351562,44880
2025-08-26 17:29:00+00:00,228.11160278320312,228.13900756835938,228.08999633789062,228.0946044921875,30612
2025-08-26 17:30:00+00:00,228.0,228.1300048828125,227.9700927734375,228.11000061035156,62553
2025-08-26 17:31:00+00:00,227.88999938964844,228.00999450683594,227.88999938964844,228.0,57819
2025-08-26 17:32:00+00:00,227.9600067138672,228.0198974609375,227.89500427246094,227.89500427246094,45765
2025-08-26 17:33:00+00:00,228.0,228.00999450683594,227.92999267578125,227.9600067138672,32073
2025-08-26 17:34:00+00:00,227.85000610351562,228.02000427246094,227.83999633789062,227.99000549316406,48529
2025-08-26 17:35:00+00:00,227.8800048828125,227.8800048828125,227.8000030517578,227.83999633789062,36606
2025-08-26 17:36:00+00:00,227.86000061035156,227.89999389648438,227.8350067138672,227.8699951171875,21720
2025-08-26 17:37:00+00:00,227.91079711914062,227.9199981689453,227.84010314941406,227.8699951171875,19262
2025-08-26 17:38:00+00:00,227.9250030517578,227.94000244140625,227.88999938964844,227.91000366210938,23101
2025-08-26 17:39:00+00:00,227.875,227.94000244140625,227.86000061035156,227.9250030517578,24763
2025-08-26 17:40:00+00:00,227.92990112304688,227.92990112304688,227.83999633789062,227.87969970703125,23407
2025-08-26 17:41:00+00:00,227.85000610351562,227.93899536132812,227.8300018310547,227.9199981689453,32464
2025-08-26 17:42:00+00:00,227.8300018310547,227.86749267578125,227.80999755859375,227.86000061035156,26985
2025-08-26 17:43:00+00:00,227.7899932861328,227.82229614257812,227.74000549316406,227.82229614257812,36556
2025-08-26 17:44:00+00:00,227.8699951171875,227.88250732421875,227.7545928955078,227.7801055908203,34452
2025-08-26 17:45:00+00:00,227.8000030517578,227.85000610351562,227.7700958251953,227.85000610351562,21542
2025-08-26 17:46:00+00:00,227.86000061035156,227.86000061035156,227.7783966064453,227.80999755859375,30618
2025-08-26 17:47:00+00:00,227.82290649414062,227.8699951171875,227.80999755859375,227.8699951171875,23465
2025-08-26 17:48:00+00:00,227.8300018310547,227.8699951171875,227.80999755859375,227.8300018310547,23657
2025-08-26 17:49:00+00:00,227.7899932861328,227.8300018310547,227.76699829101562,227.8300018310547,22977
2025-08-26 17:50:00+00:00,227.78640747070312,227.82000732421875,227.75,227.7899932861328,37341
2025-08-26 17:51:00+00:00,227.8699951171875,227.8699951171875,227.7899932861328,227.7899932861328,30251
2025-08-26 17:52:00+00:00,227.92999267578125,227.94000244140625,227.86500549316406,227.86990356445312,53385
2025-08-26 17:53:00+00:00,227.92999267578125,227.92999267578125,227.87120056152344,227.8957977294922,26413
2025-08-26 17:54:00+00:00,227.75999450683594,227.9199981689453,227.75999450683594,227.9199981689453,55017
2025-08-26 17:55:00+00:00,227.8699951171875,227.8699951171875,227.73500061035156,227.77999877929688,33549
2025-08-26 17:56:00+00:00,227.9149932861328,227.94000244140625,227.85000610351562,227.87730407714844,41748
2025-08-26 17:57:00+00:00,227.9600067138672,227.97999572753906,227.9199981689453,227.92999267578125,34100
2025-08-26 17:58:00+00:00,227.9600067138672,228.0,227.94000244140625,227.9499969482422,35250
2025-08-26 17:59:00+00:00,227.99569702148438,228.02999877929688,227.9600067138672,227.96499633789062,52909
2025-08-26 18:00:00+00:00,228.0500030517578,228.0500030517578,227.97000122070312,227.99000549316406,25027
2025-08-26 18:01:00+00:00,228.08999633789062,228.10000610351562,228.0301055908203,228.07000732421875,31833
2025-08-26 18:02:00+00:00,228.0500030517578,228.08999633789062,228.0399932861328,228.08999633789062,43381
2025-08-26 18:03:00+00:00,228.08999633789062,228.08999633789062,228.0500030517578,228.05999755859375,29746
2025-08-26 18:04:00+00:00,228.08999633789062,228.14999389648438,228.04010009765625,228.08999633789062,52066
2025-08-26 18:05:00+00:00,228.02000427246094,228.0800018310547,227.96499633789062,228.0800018310547,50131
2025-08-26 18:06:00+00:00,228.02999877929688,228.05999755859375,227.99009704589844,228.00999450683594,44002
2025-08-26 18:07:00+00:00,228.02000427246094,228.04989624023438,227.97999572753906,228.03500366210938,26059
2025-08-26 18:08:00+00:00,227.99000549316406,228.02000427246094,227.97000122070312,228.02000427246094,18876
2025-08-26 18:09:00+00:00,227.99989318847656,227.99989318847656,227.9199981689453,227.99000549316406,49843
2025-08-26 18:10:00+00:00,228.02999877929688,228.0449981689453,227.95010375976562,227.99000549316406,33398
2025-08-26 18:11:00+00:00,228.0449981689453,228.09979248046875,228.03500366210938,228.03500366210938,36558
2025-08-26 18:12:00+00:00,227.92999267578125,228.05499267578125,227.9199981689453,228.0449981689453,37941
2025-08-26 18:13:00+00:00,228.0050048828125,228.02999877929688,227.9199981689453,227.92010498046875,36102
2025-08-26 18:14:00+00:00,227.99000549316406,228.02999877929688,227.94000244140625,228.0,21104
2025-08-26 18:15:00+00:00,228.0399932861328,228.05999755859375,227.99009704589844,227.99009704589844,22843
2025-08-26 18:16:00+00:00,228.30160522460938,228.42999267578125,228.0469970703125,228.0469970703125,212555
2025-08-26 18:17:00+00:00,228.24000549316406,228.32000732421875,228.2100067138672,228.30999755859375,56808
2025-08-26 18:18:00+00:00,228.33999633789062,228.35499572753906,228.24000549316406,228.25,42324
2025-08-26 18:19:00+00:00,228.38999938964844,228.4499969482422,228.30999755859375,228.33999633789062,40841
2025-08-26 18:20:00+00:00,228.42689514160156,228.42990112304688,228.360107421875,228.38999938964844,29641
2025-08-26 18:21:00+00:00,228.43850708007812,228.5,228.39999389648438,228.42160034179688,47956
2025-08-26 18:22:00+00:00,228.45680236816406,228.50999450683594,228.44000244140625,228.44000244140625,56410
2025-08-26 18:23:00+00:00,228.38999938964844,228.47999572753906,228.375,228.47000122070312,54899
2025-08-26 18:24:00+00:00,228.3800048828125,228.42999267578125,228.30999755859375,228.3800048828125,55255
2025-08-26 18:25:00+00:00,228.39999389648438,228.44000244140625,228.36000061035156,228.38499450683594,32578
2025-08-26 18:26:00+00:00,228.42080688476562,228.4398956298828,228.38009643554688,228.42999267578125,38136
2025-08-26 18:27:00+00:00,228.44500732421875,228.4600067138672,228.3800048828125,228.42999267578125,46987
2025-08-26 18:28:00+00:00,228.39500427246094,228.44979858398438,228.375,228.44000244140625,32911
2025-08-26 18:29:00+00:00,228.3592071533203,228.39999389648438,228.27000427246094,228.39999389648438,45128
2025-08-26 18:30:00+00:00,228.51499938964844,228.51499938964844,228.36000061035156,228.36000061035156,64500
2025-08-26 18:31:00+00:00,228.4499969482422,228.5290069580078,228.43020629882812,228.52000427246094,34299
2025-08-26 18:32:00+00:00,228.2781982421875,228.44000244140625,228.27020263671875,228.42999267578125,38356
2025-08-26 18:33:00+00:00,228.24000549316406,228.30999755859375,228.22000122070312,228.27999877929688,42632
2025-08-26 18:34:00+00:00,228.23939514160156,228.2698974609375,228.22000122070312,228.2283935546875,32134
2025-08-26 18:35:00+00:00,228.22999572753906,228.3000030517578,228.22999572753906,228.2550048828125,27961
2025-08-26 18:36:00+00:00,228.19000244140625,228.27999877929688,228.1699981689453,228.22999572753906,42922
2025-08-26 18:37:00+00:00,228.19500732421875,228.24000549316406,228.14999389648438,228.19000244140625,38328
2025-08-26 18:38:00+00:00,228.22000122070312,228.24000549316406,228.19000244140625,228.1999969482422,21525
2025-08-26 18:39:00+00:00,228.22999572753906,228.22999572753906,228.19000244140625,228.2198944091797,29134
2025-08-26 18:40:00+00:00,228.22999572753906,228.2449951171875,228.19000244140625,228.23159790039062,31639
2025-08-26 18:41:00+00:00,228.1300048828125,228.27000427246094,228.11500549316406,228.23500061035156,52004
2025-08-26 18:42:00+00:00,228.2010040283203,228.22000122070312,228.11000061035156,228.1300048828125,39164
2025-08-26 18:43:00+00:00,228.16000366210938,228.22000122070312,228.13900756835938,228.1999969482422,24557
2025-08-26 18:44:00+00:00,228.1199951171875,228.14999389648438,228.07009887695312,228.14999389648438,27046
2025-08-26 18:45:00+00:00,228.0800018310547,228.1300048828125,228.0800018310547,228.1199951171875,23258
2025-08-26 18:46:00+00:00,228.1195068359375,228.13729858398438,228.07000732421875,228.07000732421875,23684
2025-08-26 18:47:00+00:00,228.07000732421875,228.12570190429688,228.05999755859375,228.1002960205078,24566
2025-08-26 18:48:00+00:00,228.05999755859375,228.0850067138672,228.02000427246094,228.06570434570312,40022
2025-08-26 18:49:00+00:00,228.0500030517578,228.08999633789062,228.02999877929688,228.05499267578125,36081
2025-08-26 18:50:00+00:00,227.97000122070312,228.06500244140625,227.9600067138672,228.0399932861328,58923
2025-08-26 18:51:00+00:00,227.9600067138672,228.0,227.92999267578125,227.97540283203125,46748
2025-08-26 18:52:00+00:00,227.9600067138672,227.97999572753906,227.90570068359375,227.9499969482422,45828
2025-08-26 18:53:00+00:00,227.93499755859375,227.97999572753906,227.9199981689453,227.9600067138672,28736
2025-08-26 18:54:00+00:00,227.9499969482422,227.97000122070312,227.9199981689453,227.93719482421875,42362
2025-08-26 18:55:00+00:00,228.0399932861328,228.05499267578125,227.94970703125,227.94970703125,43529
2025-08-26 18:56:00+00:00,228.02999877929688,228.05999755859375,228.0,228.02999877929688,35008
2025-08-26 18:57:00+00:00,227.97999572753906,228.02369689941406,227.9600067138672,228.01499938964844,21169
2025-08-26 18:58:00+00:00,228.0001983642578,228.05099487304688,227.9499969482422,227.98500061035156,42380
2025-08-26 18:59:00+00:00,227.97000122070312,228.08999633789062,227.96009826660156,228.00999450683594,103239
2025-08-26 19:00:00+00:00,227.92140197753906,227.9842071533203,227.91000366210938,227.97999572753906,39042
2025-08-26 19:01:00+00:00,227.88499450683594,227.9250030517578,227.8699951171875,227.92010498046875,40489
2025-08-26 19:02:00+00:00,227.90499877929688,227.9197998046875,227.80999755859375,227.88259887695312,48516
2025-08-26 19:03:00+00:00,227.8300018310547,227.89999389648438,227.82009887695312,227.89999389648438,33858
2025-08-26 19:04:00+00:00,227.86000061035156,227.8800048828125,227.8249969482422,227.8300018310547,24152
2025-08-26 19:05:00+00:00,227.82000732421875,227.86000061035156,227.8000946044922,227.86000061035156,36978
2025-08-26 19:06:00+00:00,227.86000061035156,227.86990356445312,227.82260131835938,227.8300018310547,31868
2025-08-26 19:07:00+00:00,227.7991943359375,227.85009765625,227.77000427246094,227.85009765625,50057
2025-08-26 19:08:00+00:00,227.80990600585938,227.82000732421875,227.77999877929688,227.80999755859375,24443
2025-08-26 19:09:00+00:00,227.84170532226562,227.85000610351562,227.8000030517578,227.80499267578125,34105
2025-08-26 19:10:00+00:00,228.00010681152344,228.0135955810547,227.83090209960938,227.84500122070312,59522
2025-08-26 19:11:00+00:00,228.00999450683594,228.0500030517578,228.00999450683594,228.00999450683594,48982
2025-08-26 19:12:00+00:00,228.07000732421875,228.08999633789062,228.0,228.00999450683594,46373
2025-08-26 19:13:00+00:00,228.11500549316406,228.1199951171875,228.07000732421875,228.07000732421875,42264
2025-08-26 19:14:00+00:00,228.22999572753906,228.22999572753906,228.11000061035156,228.11680603027344,45617
2025-08-26 19:15:00+00:00,228.2100067138672,228.26499938964844,228.19000244140625,228.22000122070312,63697
2025-08-26 19:16:00+00:00,228.17999267578125,228.27000427246094,228.13999938964844,228.22000122070312,50221
2025-08-26 19:17:00+00:00,228.21009826660156,228.25999450683594,228.1699981689453,228.19000244140625,32183
2025-08-26 19:18:00+00:00,228.19020080566406,228.25,228.17999267578125,228.21420288085938,31401
2025-08-26 19:19:00+00:00,228.24020385742188,228.27000427246094,228.19000244140625,228.19000244140625,31456
2025-08-26 19:20:00+00:00,228.2899932861328,228.30999755859375,228.24000549316406,228.25,33770
2025-08-26 19:21:00+00:00,228.38009643554688,228.42579650878906,228.27999877929688,228.2899932861328,61909
2025-08-26 19:22:00+00:00,228.5399932861328,228.60000610351562,228.3800048828125,228.38499450683594,108514
2025-08-26 19:23:00+00:00,228.48699951171875,228.55999755859375,228.44000244140625,228.5449981689453,69855
2025-08-26 19:24:00+00:00,228.4199981689453,228.52499389648438,228.38999938964844,228.50999450683594,46009
2025-08-26 19:25:00+00:00,228.3800048828125,228.44000244140625,228.36000061035156,228.41000366210938,59521
2025-08-26 19:26:00+00:00,228.55999755859375,228.55999755859375,228.3800048828125,228.3800048828125,58796
2025-08-26 19:27:00+00:00,228.61000061035156,228.6199951171875,228.50999450683594,228.5540008544922,74549
2025-08-26 19:28:00+00:00,228.5989990234375,228.61000061035156,228.53480529785156,228.60499572753906,54011
2025-08-26 19:29:00+00:00,228.56820678710938,228.60000610351562,228.54010009765625,228.59649658203125,60869
2025-08-26 19:30:00+00:00,228.5500030517578,228.5749969482422,228.39999389648438,228.57000732421875,110237
2025-08-26 19:31:00+00:00,228.61000061035156,228.6300048828125,228.50999450683594,228.57000732421875,77325
2025-08-26 19:32:00+00:00,228.64999389648438,228.6699981689453,228.57000732421875,228.6199951171875,76207
2025-08-26 19:33:00+00:00,228.66000366210938,228.72000122070312,228.63999938964844,228.64590454101562,58121
2025-08-26 19:34:00+00:00,228.5749969482422,228.66000366210938,228.5399932861328,228.66000366210938,84756
2025-08-26 19:35:00+00:00,228.52000427246094,228.60000610351562,228.50999450683594,228.5800018310547,71193
2025-08-26 19:36:00+00:00,228.5,228.52999877929688,228.47000122070312,228.52499389648438,70838
2025-08-26 19:37:00+00:00,228.52499389648438,228.57000732421875,228.47999572753906,228.48500061035156,56924
2025-08-26 19:38:00+00:00,228.47999572753906,228.57139587402344,228.46029663085938,228.52999877929688,51023
2025-08-26 19:39:00+00:00,228.41000366210938,228.49000549316406,228.36000061035156,228.47999572753906,329150
2025-08-26 19:40:00+00:00,228.32000732421875,228.43499755859375,228.32000732421875,228.41990661621094,70211
2025-08-26 19:41:00+00:00,228.25999450683594,228.33120727539062,228.25999450683594,228.3000030517578,49621
2025-08-26 19:42:00+00:00,228.33999633789062,228.3699951171875,228.22999572753906,228.27999877929688,52118
2025-08-26 19:43:00+00:00,228.3000030517578,228.32980346679688,228.24000549316406,228.32980346679688,77661
2025-08-26 19:44:00+00:00,228.35000610351562,228.3699951171875,228.2899932861328,228.29750061035156,46402
2025-08-26 19:45:00+00:00,228.38999938964844,228.42999267578125,228.3350067138672,228.35000610351562,81817
2025-08-26 19:46:00+00:00,228.41000366210938,228.44000244140625,228.3000030517578,228.3800048828125,86814
2025-08-26 19:47:00+00:00,228.42999267578125,228.47000122070312,228.39500427246094,228.41000366210938,81788
2025-08-26 19:48:00+00:00,228.47000122070312,228.49000549316406,228.41000366210938,228.42999267578125,71811
2025-08-26 19:49:00+00:00,228.56500244140625,228.57000732421875,228.41000366210938,228.47500610351562,86727
2025-08-26 19:50:00+00:00,228.375,228.60000610351562,228.27999877929688,228.55999755859375,198412
2025-08-26 19:51:00+00:00,228.375,228.38999938964844,228.24000549316406,228.3800048828125,361045
2025-08-26 19:52:00+00:00,228.39999389648438,228.44000244140625,228.35000610351562,228.3699951171875,108210
2025-08-26 19:53:00+00:00,228.58999633789062,228.58999633789062,228.38999938964844,228.39999389648438,111140
2025-08-26 19:54:00+00:00,227.9600067138672,228.61000061035156,227.72500610351562,228.60000610351562,404792
2025-08-26 19:55:00+00:00,228.8699951171875,229.11500549316406,227.97000122070312,227.97000122070312,519395
2025-08-26 19:56:00+00:00,229.05999755859375,229.07000732421875,228.82000732421875,228.88999938964844,197806
2025-08-26 19:57:00+00:00,229.2100067138672,229.22000122070312,229.03500366210938,229.05999755859375,287355
2025-08-26 19:58:00+00:00,229.25,229.25,229.1199951171875,229.2100067138672,312053
2025-08-26 19:59:00+00:00,229.3000030517578,229.49000549316406,229.24000549316406,229.24000549316406,960516
2025-08-27 13:30:00+00:00,228.52659606933594,228.9550018310547,228.2949981689453,228.5800018310547,1233532
2025-08-27 13:31:00+00:00,228.91000366210938,229.0800018310547,228.48500061035156,228.55499267578125,182954
2025-08-27 13:32:00+00:00,228.47000122070312,229.02999877929688,228.42999267578125,228.88499450683594,202216
2025-08-27 13:33:00+00:00,228.6999969482422,228.87680053710938,228.44500732421875,228.44500732421875,97210
2025-08-27 13:34:00+00:00,229.2100067138672,229.22999572753906,228.66009521484375,228.72999572753906,161525
2025-08-27 13:35:00+00:00,229.10499572753906,229.4499969482422,229.00999450683594,229.22000122070312,140507
2025-08-27 13:36:00+00:00,229.02000427246094,229.38169860839844,228.95010375976562,229.10499572753906,113685
2025-08-27 13:37:00+00:00,228.99000549316406,229.16000366210938,228.94500732421875,229.0399932861328,103633
2025-08-27 13:38:00+00:00,229.33999633789062,229.35000610351562,228.9600067138672,228.97999572753906,112949
2025-08-27 13:39:00+00:00,230.22000122070312,230.25,229.30999755859375,229.33099365234375,473425
2025-08-27 13:40:00+00:00,229.75,230.24000549316406,229.6699981689453,230.16419982910156,204112
2025-08-27 13:41:00+00:00,229.5500030517578,229.7899932861328,229.5301055908203,229.76339721679688,95718
2025-08-27 13:42:00+00:00,229.3300018310547,229.57989501953125,229.13009643554688,229.55499267578125,136079
2025-08-27 13:43:00+00:00,229.57000732421875,229.6999969482422,229.24000549316406,229.32000732421875,139167
2025-08-27 13:44:00+00:00,229.24989318847656,229.55499267578125,229.2100067138672,229.55499267578125,93021
2025-08-27 13:45:00+00:00,228.7949981689453,229.23800659179688,228.75,229.1999969482422,192438
2025-08-27 13:46:00+00:00,228.93980407714844,228.9398956298828,228.75999450683594,228.7949981689453,100651
2025-08-27 13:47:00+00:00,228.88999938964844,228.97999572753906,228.75,228.9149932861328,88694
2025-08-27 13:48:00+00:00,229.0,229.17999267578125,228.8699951171875,228.88999938964844,240241
2025-08-27 13:49:00+00:00,229.1199951171875,229.25,228.8603057861328,228.97999572753906,103736
2025-08-27 13:50:00+00:00,229.1300048828125,229.13999938964844,228.8000030517578,229.10000610351562,85072
2025-08-27 13:51:00+00:00,229.07000732421875,229.1649932861328,229.01010131835938,229.10000610351562,81402
2025-08-27 13:52:00+00:00,229.3249969482422,229.38999938964844,229.06500244140625,229.0800018310547,87473
2025-08-27 13:53:00+00:00,229.6199951171875,229.6199951171875,229.3000030517578,229.30999755859375,89637
2025-08-27 13:54:00+00:00,229.66000366210938,229.8249969482422,229.6199951171875,229.6300048828125,112707
2025-08-27 13:55:00+00:00,229.6699981689453,229.72740173339844,229.51010131835938,229.66000366210938,68577
2025-08-27 13:56:00+00:00,229.6750030517578,229.7899932861328,229.65310668945312,229.67999267578125,130097
2025-08-27 13:57:00+00:00,229.67999267578125,229.77999877929688,229.47999572753906,229.66070556640625,90246
2025-08-27 13:58:00+00:00,229.5,229.7100067138672,229.47000122070312,229.67999267578125,117595
2025-08-27 13:59:00+00:00,229.7949981689453,229.8000030517578,229.4600067138672,229.5,132153
2025-08-27 14:00:00+00:00,229.5850067138672,229.86500549316406,229.5749969482422,229.74000549316406,111257
2025-08-27 14:01:00+00:00,229.64259338378906,229.72000122070312,229.5200958251953,229.60000610351562,120921
2025-08-27 14:02:00+00:00,229.6300048828125,229.63999938964844,229.45010375976562,229.62840270996094,126980
2025-08-27 14:03:00+00:00,229.69000244140625,229.7198944091797,229.60000610351562,229.6300048828125,73049
2025-08-27 14:04:00+00:00,229.61000061035156,229.7100067138672,229.55029296875,229.68020629882812,97632
2025-08-27 14:05:00+00:00,229.80499267578125,229.82989501953125,229.47000122070312,229.6199951171875,118111
2025-08-27 14:06:00+00:00,229.77999877929688,229.8300018310547,229.69020080566406,229.8300018310547,78736
2025-08-27 14:07:00+00:00,229.7899932861328,229.92999267578125,229.73500061035156,229.7899932861328,102612
2025-08-27 14:08:00+00:00,229.9810028076172,229.99000549316406,229.77000427246094,229.77999877929688,80793
2025-08-27 14:09:00+00:00,229.97000122070312,230.0500030517578,229.89999389648438,229.97500610351562,141625
2025-08-27 14:10:00+00:00,229.77000427246094,229.97000122070312,229.6699981689453,229.9550018310547,86966
2025-08-27 14:11:00+00:00,229.49000549316406,229.7899932861328,229.49000549316406,229.76499938964844,93981
2025-08-27 14:12:00+00:00,229.58999633789062,229.60000610351562,229.46009826660156,229.49000549316406,79830
2025-08-27 14:13:00+00:00,229.63999938964844,229.63999938964844,229.5,229.5749969482422,84139
2025-08-27 14:14:00+00:00,229.5500030517578,229.64999389648438,229.52999877929688,229.63999938964844,51037
2025-08-27 14:15:00+00:00,229.5,229.60000610351562,229.47999572753906,229.55999755859375,76589
2025-08-27 14:16:00+00:00,229.7895050048828,229.85000610351562,229.47019958496094,229.47999572753906,83986
2025-08-27 14:17:00+00:00,229.61000061035156,229.78500366210938,229.57980346679688,229.78500366210938,56952
2025-08-27 14:18:00+00:00,229.3773956298828,229.6300048828125,229.2899932861328,229.61000061035156,102521
2025-08-27 14:19:00+00:00,229.53509521484375,229.5500030517578,229.3583984375,229.3699951171875,63770
2025-08-27 14:20:00+00:00,229.72000122070312,229.77999877929688,229.5500030517578,229.5500030517578,69861
2025-08-27 14:21:00+00:00,229.67010498046875,229.80999755859375,229.58999633789062,229.74000549316406,63807
2025-08-27 14:22:00+00:00,229.78500366210938,229.85000610351562,229.6750030517578,229.6999969482422,53053
2025-08-27 14:23:00+00:00,229.7373046875,229.80999755859375,229.64500427246094,229.77999877929688,61274
2025-08-27 14:24:00+00:00,229.8249969482422,229.89999389648438,229.69000244140625,229.72999572753906,82211
2025-08-27 14:25:00+00:00,229.86000061035156,229.9022979736328,229.783203125,229.83999633789062,87122
2025-08-27 14:26:00+00:00,229.93499755859375,230.0299072265625,229.8114013671875,229.85000610351562,112441
2025-08-27 14:27:00+00:00,230.05999755859375,230.07000732421875,229.9250030517578,229.9499969482422,103787
2025-08-27 14:28:00+00:00,229.86000061035156,230.09300231933594,229.85000610351562,230.05999755859375,95293
2025-08-27 14:29:00+00:00,230.01499938964844,230.0399932861328,229.8350067138672,229.86900329589844,69313
2025-08-27 14:30:00+00:00,230.22999572753906,230.23989868164062,229.97999572753906,230.02999877929688,109514
2025-08-27 14:31:00+00:00,230.2949981689453,230.30999755859375,230.17999267578125,230.23989868164062,118637
2025-08-27 14:32:00+00:00,230.11000061035156,230.32000732421875,230.0950927734375,230.3000030517578,87311
2025-08-27 14:33:00+00:00,230.0749969482422,230.11500549316406,230.0,230.1092071533203,75828
2025-08-27 14:34:00+00:00,230.0399932861328,230.0850067138672,230.02000427246094,230.08380126953125,57766
2025-08-27 14:35:00+00:00,230.31739807128906,230.32000732421875,230.02499389648438,230.07000732421875,106027
2025-08-27 14:36:00+00:00,230.38999938964844,230.4199981689453,230.22999572753906,230.31500244140625,108752
2025-08-27 14:37:00+00:00,230.47999572753906,230.47999572753906,230.3699951171875,230.38999938964844,112459
2025-08-27 14:38:00+00:00,230.5399932861328,230.58999633789062,230.46499633789062,230.47410583496094,106969
2025-08-27 14:39:00+00:00,230.5749969482422,230.6199951171875,230.52999877929688,230.5399932861328,95594
2025-08-27 14:40:00+00:00,230.6584014892578,230.69009399414062,230.55999755859375,230.57000732421875,113200
2025-08-27 14:41:00+00:00,230.4783935546875,230.6999969482422,230.4199981689453,230.64840698242188,114359
2025-08-27 14:42:00+00:00,230.47000122070312,230.5,230.3800048828125,230.47999572753906,61947
2025-08-27 14:43:00+00:00,230.3800048828125,230.51980590820312,230.3800048828125,230.47500610351562,70439
2025-08-27 14:44:00+00:00,230.20730590820312,230.35609436035156,230.1999969482422,230.35000610351562,83595
2025-08-27 14:45:00+00:00,229.97000122070312,230.22000122070312,229.9600067138672,230.2100067138672,76920
2025-08-27 14:46:00+00:00,229.8800048828125,230.0399932861328,229.82000732421875,230.0,308978
2025-08-27 14:47:00+00:00,229.94000244140625,229.9600067138672,229.82000732421875,229.8966064453125,102039
2025-08-27 14:48:00+00:00,229.9499053955078,230.00990295410156,229.9199981689453,229.94500732421875,75991
2025-08-27 14:49:00+00:00,230.01499938964844,230.0500030517578,229.92010498046875,229.93499755859375,56327
2025-08-27 14:50:00+00:00,230.1367950439453,230.139892578125,229.89999389648438,230.00790405273438,92356
2025-08-27 14:51:00+00:00,229.86000061035156,230.1199951171875,229.8300018310547,230.1199951171875,125399
2025-08-27 14:52:00+00:00,229.88999938964844,229.94039916992188,229.83999633789062,229.86000061035156,53453
2025-08-27 14:53:00+00:00,230.00999450683594,230.02999877929688,229.83999633789062,229.86000061035156,70594
2025-08-27 14:54:00+00:00,230.0500030517578,230.05999755859375,229.9499969482422,230.00999450683594,46897
2025-08-27 14:55:00+00:00,230.07000732421875,230.08999633789062,230.00999450683594,230.0500030517578,42125
2025-08-27 14:56:00+00:00,230.2449951171875,230.2449951171875,230.06149291992188,230.0800018310547,100136
2025-08-27 14:57:00+00:00,230.1697998046875,230.289794921875,230.1199951171875,230.24000549316406,67878
2025-08-27 14:58:00+00:00,230.14999389648438,230.19000244140625,230.1199951171875,230.16000366210938,56448
2025-08-27 14:59:00+00:00,230.17999267578125,230.19500732421875,230.0800018310547,230.13999938964844,61020
2025-08-27 15:00:00+00:00,230.25,230.25,230.17999267578125,230.17999267578125,41075
2025-08-27 15:01:00+00:00,230.27000427246094,230.3000030517578,230.22999572753906,230.25979614257812,44316
2025-08-27 15:02:00+00:00,230.27999877929688,230.3000030517578,230.22140502929688,230.25999450683594,48880
2025-08-27 15:03:00+00:00,230.1999969482422,230.33999633789062,230.1999969482422,230.2899932861328,56337
2025-08-27 15:04:00+00:00,230.1199951171875,230.22999572753906,230.10169982910156,230.2100067138672,65507
2025-08-27 15:05:00+00:00,230.16610717773438,230.22000122070312,230.11000061035156,230.12989807128906,37700
2025-08-27 15:06:00+00:00,230.17999267578125,230.25,230.10000610351562,230.16000366210938,43601
2025-08-27 15:07:00+00:00,229.97000122070312,230.19979858398438,229.96839904785156,230.17999267578125,78191
2025-08-27 15:08:00+00:00,230.01019287109375,230.02999877929688,229.9600067138672,229.9600067138672,44355
2025-08-27 15:09:00+00:00,229.96839904785156,230.05999755859375,229.9600067138672,230.02000427246094,39349
2025-08-27 15:10:00+00:00,230.05999755859375,230.11000061035156,229.97000122070312,229.97000122070312,83762
2025-08-27 15:11:00+00:00,230.13499450683594,230.1699981689453,230.00999450683594,230.06069946289062,70940
2025-08-27 15:12:00+00:00,230.10000610351562,230.14430236816406,230.0727996826172,230.14430236816406,37083
2025-08-27 15:13:00+00:00,230.03500366210938,230.13999938964844,230.00999450683594,230.10989379882812,34883
2025-08-27 15:14:00+00:00,230.02000427246094,230.0500030517578,229.9550018310547,230.03199768066406,61022
2025-08-27 15:15:00+00:00,229.9949951171875,230.0500030517578,229.97999572753906,230.00999450683594,49704
2025-08-27 15:16:00+00:00,230.02000427246094,230.06500244140625,229.97500610351562,230.00999450683594,62545
2025-08-27 15:17:00+00:00,229.99070739746094,230.0500030517578,229.9875946044922,230.01409912109375,33537
2025-08-27 15:18:00+00:00,229.99000549316406,230.0,229.89999389648438,229.97999572753906,51256
2025-08-27 15:19:00+00:00,229.89500427246094,230.0500030517578,229.89500427246094,229.99000549316406,76098
2025-08-27 15:20:00+00:00,229.97999572753906,230.01499938964844,229.88999938964844,229.89500427246094,32411
2025-08-27 15:21:00+00:00,229.97000122070312,229.97999572753906,229.90150451660156,229.9600067138672,28792
2025-08-27 15:22:00+00:00,230.02650451660156,230.0500030517578,229.97999572753906,229.97999572753906,34179
2025-08-27 15:23:00+00:00,229.94500732421875,230.02000427246094,229.94000244140625,230.02000427246094,42253
2025-08-27 15:24:00+00:00,229.84500122070312,229.94000244140625,229.83999633789062,229.94000244140625,59310
2025-08-27 15:25:00+00:00,229.6199951171875,229.82359313964844,229.57000732421875,229.82000732421875,198393
2025-08-27 15:26:00+00:00,229.625,229.6385040283203,229.51010131835938,229.61459350585938,69601
2025-08-27 15:27:00+00:00,229.5211944580078,229.61000061035156,229.5050048828125,229.60499572753906,54496
2025-08-27 15:28:00+00:00,229.55850219726562,229.55999755859375,229.47999572753906,229.52499389648438,41541
2025-08-27 15:29:00+00:00,229.5740966796875,229.60000610351562,229.50999450683594,229.55499267578125,65090
2025-08-27 15:30:00+00:00,229.75,229.77999877929688,229.57000732421875,229.57000732421875,106674
2025-08-27 15:31:00+00:00,229.57000732421875,229.77999877929688,229.55999755859375,229.76089477539062,47108
2025-08-27 15:32:00+00:00,229.5500030517578,229.61000061035156,229.5,229.56759643554688,58368
2025-08-27 15:33:00+00:00,229.52499389648438,229.58999633789062,229.4499969482422,229.5500030517578,41558
2025-08-27 15:34:00+00:00,229.5399932861328,229.55999755859375,229.49000549316406,229.52000427246094,51121
2025-08-27 15:35:00+00:00,229.63999938964844,229.64999389648438,229.54269409179688,229.5500030517578,34527
2025-08-27 15:36:00+00:00,229.60499572753906,229.66000366210938,229.55999755859375,229.6414031982422,35936
2025-08-27 15:37:00+00:00,229.69500732421875,229.69500732421875,229.58999633789062,229.60589599609375,41194
2025-08-27 15:38:00+00:00,229.73500061035156,229.73989868164062,229.6649932861328,229.69000244140625,52737
2025-08-27 15:39:00+00:00,229.82000732421875,229.83999633789062,229.72000122070312,229.73500061035156,49879
2025-08-27 15:40:00+00:00,229.7200927734375,229.83999633789062,229.30999755859375,229.82000732421875,380615
2025-08-27 15:41:00+00:00,229.53140258789062,229.72999572753906,229.50999450683594,229.72999572753906,39432
2025-08-27 15:42:00+00:00,229.5399932861328,229.6699981689453,229.52999877929688,229.5500030517578,38019
2025-08-27 15:43:00+00:00,229.63999938964844,229.69839477539062,229.5399932861328,229.5399932861328,31662
2025-08-27 15:44:00+00:00,229.78500366210938,229.7899932861328,229.62010192871094,229.63999938964844,30598
2025-08-27 15:45:00+00:00,229.77999877929688,229.77999877929688,229.72500610351562,229.77000427246094,21595
2025-08-27 15:46:00+00:00,229.83399963378906,229.83900451660156,229.75010681152344,229.7899932861328,28092
2025-08-27 15:47:00+00:00,229.9550018310547,229.9615936279297,229.7899932861328,229.8249969482422,43334
2025-08-27 15:48:00+00:00,229.98330688476562,230.00999450683594,229.90310668945312,229.94500732421875,63517
2025-08-27 15:49:00+00:00,230.0500030517578,230.05979919433594,229.9499969482422,229.99000549316406,36083
2025-08-27 15:50:00+00:00,229.96420288085938,230.05999755859375,229.96420288085938,230.05999755859375,28470
2025-08-27 15:51:00+00:00,229.97329711914062,229.99000549316406,229.88499450683594,229.9600067138672,30017
2025-08-27 15:52:00+00:00,229.8350067138672,229.97999572753906,229.8000030517578,229.97999572753906,38933
2025-08-27 15:53:00+00:00,229.85000610351562,229.8800048828125,229.83050537109375,229.86000061035156,40777
2025-08-27 15:54:00+00:00,229.8300018310547,229.87510681152344,229.7501983642578,229.85000610351562,36964
2025-08-27 15:55:00+00:00,229.82839965820312,229.8498992919922,229.8000030517578,229.83990478515625,29268
2025-08-27 15:56:00+00:00,229.88720703125,229.91000366210938,229.8114013671875,229.85000610351562,32029
2025-08-27 15:57:00+00:00,229.85000610351562,229.91079711914062,229.8350067138672,229.91009521484375,24257
2025-08-27 15:58:00+00:00,229.92359924316406,229.94000244140625,229.83999633789062,229.85000610351562,19269
2025-08-27 15:59:00+00:00,229.9149932861328,229.9550018310547,229.9149932861328,229.9199981689453,25412
2025-08-27 16:00:00+00:00,229.91700744628906,229.9615936279297,229.8961944580078,229.9199981689453,25488
2025-08-27 16:01:00+00:00,229.9698944091797,229.97999572753906,229.88499450683594,229.9199981689453,26710
2025-08-27 16:02:00+00:00,229.97999572753906,229.99000549316406,229.90020751953125,229.9499969482422,20675
2025-08-27 16:03:00+00:00,229.9149932861328,229.9700927734375,229.9149932861328,229.97000122070312,17292
2025-08-27 16:04:00+00:00,229.9615936279297,230.05999755859375,229.92999267578125,229.92999267578125,59979
2025-08-27 16:05:00+00:00,229.97000122070312,229.99000549316406,229.94419860839844,229.97000122070312,22377
2025-08-27 16:06:00+00:00,229.99000549316406,230.00999450683594,229.922607421875,229.9499969482422,33893
2025-08-27 16:07:00+00:00,229.99000549316406,230.03500366210938,229.99000549316406,230.0,19803
2025-08-27 16:08:00+00:00,230.07420349121094,230.0800018310547,229.98379516601562,229.99000549316406,25336
2025-08-27 16:09:00+00:00,230.00999450683594,230.08799743652344,230.0,230.0800018310547,35519
2025-08-27 16:10:00+00:00,230.02499389648438,230.03140258789062,229.94000244140625,230.0050048828125,28907
2025-08-27 16:11:00+00:00,230.02999877929688,230.0500030517578,230.00010681152344,230.02499389648438,27361
2025-08-27 16:12:00+00:00,230.01499938964844,230.05999755859375,230.0,230.02090454101562,20917
2025-08-27 16:13:00+00:00,229.9700927734375,230.0399932861328,229.9501953125,230.00999450683594,34597
2025-08-27 16:14:00+00:00,229.9322052001953,229.99130249023438,229.89999389648438,229.97259521484375,40037
2025-08-27 16:15:00+00:00,229.8800048828125,229.9499969482422,229.85000610351562,229.94000244140625,45725
2025-08-27 16:16:00+00:00,229.8800048828125,229.8800048828125,229.81500244140625,229.86000061035156,30290
2025-08-27 16:17:00+00:00,229.8000030517578,229.9199981689453,229.7899932861328,229.86500549316406,43652
2025-08-27 16:18:00+00:00,229.8699951171875,229.9199981689453,229.7899932861328,229.7899932861328,48537
2025-08-27 16:19:00+00:00,229.7913055419922,229.88499450683594,229.77999877929688,229.88499450683594,21463
2025-08-27 16:20:00+00:00,229.76800537109375,229.8350067138672,229.75999450683594,229.7949981689453,31197
2025-08-27 16:21:00+00:00,229.82000732421875,229.85989379882812,229.75320434570312,229.75320434570312,30501
2025-08-27 16:22:00+00:00,229.80799865722656,229.86000061035156,229.8000030517578,229.82000732421875,28011
2025-08-27 16:23:00+00:00,229.79820251464844,229.83999633789062,229.77999877929688,229.80999755859375,20206
2025-08-27 16:24:00+00:00,229.77999877929688,229.82000732421875,229.74000549316406,229.8000030517578,36600
2025-08-27 16:25:00+00:00,229.7615966796875,229.7899932861328,229.72000122070312,229.76499938964844,29289
2025-08-27 16:26:00+00:00,229.7899932861328,229.82000732421875,229.67999267578125,229.76010131835938,64277
2025-08-27 16:27:00+00:00,229.7899932861328,229.82000732421875,229.75,229.75,23435
2025-08-27 16:28:00+00:00,229.8699951171875,229.88499450683594,229.7550048828125,229.7801055908203,36210
2025-08-27 16:29:00+00:00,229.8699951171875,229.89999389648438,229.8300018310547,229.87899780273438,24442
2025-08-27 16:30:00+00:00,229.89999389648438,229.9250030517578,229.8699951171875,229.88999938964844,31690
2025-08-27 16:31:00+00:00,229.8699951171875,229.92999267578125,229.86000061035156,229.88999938964844,51529
2025-08-27 16:32:00+00:00,229.98500061035156,229.9882049560547,229.85499572753906,229.86000061035156,54306
2025-08-27 16:33:00+00:00,229.8800048828125,229.97999572753906,229.82000732421875,229.97999572753906,34004
2025-08-27 16:34:00+00:00,229.80499267578125,229.88600158691406,229.8000030517578,229.86500549316406,30654
2025-08-27 16:35:00+00:00,229.85000610351562,229.86500549316406,229.78500366210938,229.8000030517578,30354
2025-08-27 16:36:00+00:00,229.77999877929688,229.8800048828125,229.77000427246094,229.86000061035156,34010
2025-08-27 16:37:00+00:00,229.72000122070312,229.81500244140625,229.66000366210938,229.77999877929688,56953
2025-08-27 16:38:00+00:00,229.72000122070312,229.76499938964844,229.6999969482422,229.74000549316406,26806
2025-08-27 16:39:00+00:00,229.73500061035156,229.7449951171875,229.6699981689453,229.72000122070312,28073
2025-08-27 16:40:00+00:00,229.77499389648438,229.7998046875,229.64999389648438,229.72000122070312,41411
2025-08-27 16:41:00+00:00,229.85000610351562,229.86000061035156,229.77000427246094,229.77000427246094,20877
2025-08-27 16:42:00+00:00,229.81570434570312,229.86000061035156,229.80499267578125,229.86000061035156,35655
2025-08-27 16:43:00+00:00,229.7740020751953,229.82449340820312,229.76499938964844,229.82449340820312,21582
2025-08-27 16:44:00+00:00,229.66009521484375,229.7899932861328,229.6501007080078,229.7899932861328,24772
2025-08-27 16:45:00+00:00,229.64999389648438,229.66580200195312,229.60000610351562,229.66000366210938,35611
2025-08-27 16:46:00+00:00,229.6999969482422,229.7050018310547,229.63999938964844,229.63999938964844,33501
2025-08-27 16:47:00+00:00,229.75,229.75,229.66000366210938,229.69000244140625,21334
2025-08-27 16:48:00+00:00,229.75999450683594,229.75999450683594,229.7032012939453,229.74000549316406,20854
2025-08-27 16:49:00+00:00,229.82479858398438,229.82479858398438,229.75,229.75999450683594,21766
2025-08-27 16:50:00+00:00,229.86000061035156,229.8800048828125,229.8101043701172,229.8350067138672,35224
2025-08-27 16:51:00+00:00,229.81500244140625,229.89500427246094,229.81500244140625,229.8699951171875,27653
2025-08-27 16:52:00+00:00,229.83990478515625,229.85000610351562,229.7899932861328,229.82000732421875,20688
2025-08-27 16:53:00+00:00,229.8800048828125,229.89500427246094,229.8300018310547,229.8300018310547,34041
2025-08-27 16:54:00+00:00,229.86000061035156,229.88999938964844,229.845703125,229.8800048828125,44371
2025-08-27 16:55:00+00:00,229.82000732421875,229.8699951171875,229.8000030517578,229.8697967529297,37613
2025-08-27 16:56:00+00:00,229.8699951171875,229.87750244140625,229.82000732421875,229.82000732421875,22528
2025-08-27 16:57:00+00:00,229.86000061035156,229.8800048828125,229.81500244140625,229.8699951171875,27019
2025-08-27 16:58:00+00:00,229.80160522460938,229.88499450683594,229.77999877929688,229.86000061035156,29560
2025-08-27 16:59:00+00:00,229.77999877929688,229.83729553222656,229.77999877929688,229.7899932861328,41163
2025-08-27 17:00:00+00:00,229.72999572753906,229.7899932861328,229.6699981689453,229.77000427246094,52427
2025-08-27 17:01:00+00:00,229.7949981689453,229.80999755859375,229.75,229.75,37276
2025-08-27 17:02:00+00:00,229.7541961669922,229.7949981689453,229.72999572753906,229.7949981689453,51604
2025-08-27 17:03:00+00:00,229.77000427246094,229.82000732421875,229.75,229.75999450683594,48841
2025-08-27 17:04:00+00:00,229.84429931640625,229.8697052001953,229.7700958251953,229.77999877929688,27193
2025-08-27 17:05:00+00:00,229.86000061035156,229.8800048828125,229.82000732421875,229.8302001953125,20969
2025-08-27 17:06:00+00:00,229.91000366210938,229.92999267578125,229.86000061035156,229.86000061035156,33499
2025-08-27 17:07:00+00:00,229.97000122070312,229.97999572753906,229.91000366210938,229.9199981689453,29095
2025-08-27 17:08:00+00:00,230.02499389648438,230.0299072265625,229.9600067138672,229.9716033935547,46853
2025-08-27 17:09:00+00:00,230.05499267578125,230.05999755859375,230.0019989013672,230.02999877929688,26194
2025-08-27 17:10:00+00:00,230.0601043701172,230.0601043701172,230.00999450683594,230.0500030517578,24256
2025-08-27 17:11:00+00:00,230.06500244140625,230.0753936767578,230.02000427246094,230.0753936767578,38716
2025-08-27 17:12:00+00:00,230.0467071533203,230.0688934326172,229.99000549316406,230.0688934326172,26564
2025-08-27 17:13:00+00:00,230.0050048828125,230.08999633789062,229.99029541015625,230.04010009765625,46223
2025-08-27 17:14:00+00:00,229.99159240722656,230.02000427246094,229.9600067138672,230.01499938964844,31511
2025-08-27 17:15:00+00:00,229.9799041748047,230.02999877929688,229.95010375976562,230.0,28987
2025-08-27 17:16:00+00:00,230.0050048828125,230.00999450683594,229.9499969482422,229.9709014892578,25146
2025-08-27 17:17:00+00:00,229.8699951171875,230.0050048828125,229.8699951171875,230.0,36912
2025-08-27 17:18:00+00:00,229.94000244140625,229.94000244140625,229.84500122070312,229.85000610351562,39907
2025-08-27 17:19:00+00:00,229.8699951171875,229.9499969482422,229.86500549316406,229.9499053955078,30556
2025-08-27 17:20:00+00:00,229.85000610351562,229.8907012939453,229.85000610351562,229.889892578125,16468
2025-08-27 17:21:00+00:00,229.9199981689453,229.97000122070312,229.85000610351562,229.85009765625,38317
2025-08-27 17:22:00+00:00,229.9499969482422,229.96470642089844,229.89999389648438,229.9134063720703,19178
2025-08-27 17:23:00+00:00,229.9550018310547,229.98660278320312,229.94500732421875,229.9499969482422,17786
2025-08-27 17:24:00+00:00,229.98829650878906,230.0,229.9550018310547,229.9550018310547,15956
2025-08-27 17:25:00+00:00,229.85000610351562,229.9949951171875,229.8300018310547,229.98500061035156,31896
2025-08-27 17:26:00+00:00,229.8249969482422,229.87989807128906,229.82000732421875,229.83920288085938,22995
2025-08-27 17:27:00+00:00,229.83009338378906,229.85000610351562,229.8300018310547,229.8300018310547,28227
2025-08-27 17:28:00+00:00,229.82000732421875,229.88999938964844,229.82000732421875,229.8350067138672,29499
2025-08-27 17:29:00+00:00,229.83999633789062,229.84620666503906,229.8000030517578,229.82000732421875,20383
2025-08-27 17:30:00+00:00,229.84500122070312,229.8800048828125,229.82000732421875,229.83999633789062,27424
2025-08-27 17:31:00+00:00,229.889892578125,229.89999389648438,229.8000030517578,229.85000610351562,36130
2025-08-27 17:32:00+00:00,229.8800048828125,229.88999938964844,229.85000610351562,229.8800048828125,25118
2025-08-27 17:33:00+00:00,229.9010009765625,229.9199981689453,229.8800048828125,229.88499450683594,27111
2025-08-27 17:34:00+00:00,229.85499572753906,229.91000366210938,229.84500122070312,229.91000366210938,27653
2025-08-27 17:35:00+00:00,229.92999267578125,229.9499969482422,229.85499572753906,229.86000061035156,27452
2025-08-27 17:36:00+00:00,229.9199981689453,229.9199981689453,229.89500427246094,229.9149932861328,18370
2025-08-27 17:37:00+00:00,229.9197998046875,229.9499969482422,229.91000366210938,229.9149932861328,20437
2025-08-27 17:38:00+00:00,229.92999267578125,229.94000244140625,229.91000366210938,229.9149932861328,21084
2025-08-27 17:39:00+00:00,229.91000366210938,229.9600067138672,229.90499877929688,229.92990112304688,36502
2025-08-27 17:40:00+00:00,229.92999267578125,229.99000549316406,229.9199981689453,229.9199981689453,44236
2025-08-27 17:41:00+00:00,229.94000244140625,229.94000244140625,229.85000610351562,229.92999267578125,42074
2025-08-27 17:42:00+00:00,229.9149932861328,229.96690368652344,229.90660095214844,229.9385986328125,17595
2025-08-27 17:43:00+00:00,229.97000122070312,229.97999572753906,229.90499877929688,229.91000366210938,22658
2025-08-27 17:44:00+00:00,229.97500610351562,229.9801025390625,229.95350646972656,229.9600067138672,22929
2025-08-27 17:45:00+00:00,229.9763946533203,229.99000549316406,229.95339965820312,229.97999572753906,20477
2025-08-27 17:46:00+00:00,230.02999877929688,230.03500366210938,229.97999572753906,229.97999572753906,34552
2025-08-27 17:47:00+00:00,230.0399932861328,230.05999755859375,230.01010131835938,230.02020263671875,30818
2025-08-27 17:48:00+00:00,229.97999572753906,230.0399932861328,229.96539306640625,230.0399932861328,24053
2025-08-27 17:49:00+00:00,229.97999572753906,230.0,229.92999267578125,229.97999572753906,29574
2025-08-27 17:50:00+00:00,229.89999389648438,230.0,229.89999389648438,229.99000549316406,27273
2025-08-27 17:51:00+00:00,230.02499389648438,230.0399932861328,229.89500427246094,229.89500427246094,36417
2025-08-27 17:52:00+00:00,230.0449981689453,230.0500030517578,229.99000549316406,230.02000427246094,29620
2025-08-27 17:53:00+00:00,230.05499267578125,230.07000732421875,230.0299072265625,230.0449981689453,34448
2025-08-27 17:54:00+00:00,230.05999755859375,230.0749969482422,230.01499938964844,230.05419921875,63059
2025-08-27 17:55:00+00:00,230.02000427246094,230.07000732421875,230.00999450683594,230.05499267578125,25403
2025-08-27 17:56:00+00:00,229.99000549316406,230.0500030517578,229.99000549316406,230.02139282226562,15079
2025-08-27 17:57:00+00:00,230.0157012939453,230.02000427246094,229.99000549316406,229.99009704589844,17469
2025-08-27 17:58:00+00:00,229.99000549316406,230.02999877929688,229.97000122070312,230.00010681152344,23023
2025-08-27 17:59:00+00:00,229.98500061035156,230.01100158691406,229.97000122070312,229.99000549316406,16741
2025-08-27 18:00:00+00:00,229.9700927734375,230.0157928466797,229.9600067138672,229.97000122070312,19663
2025-08-27 18:01:00+00:00,230.01499938964844,230.01499938964844,229.9600067138672,229.97999572753906,47479
2025-08-27 18:02:00+00:00,230.0500030517578,230.0749969482422,230.0102996826172,230.02000427246094,22099
2025-08-27 18:03:00+00:00,229.99000549316406,230.07000732421875,229.97500610351562,230.05499267578125,27703
2025-08-27 18:04:00+00:00,229.94009399414062,229.99000549316406,229.9326934814453,229.99000549316406,15203
2025-08-27 18:05:00+00:00,229.9250030517578,229.9499969482422,229.91000366210938,229.9499969482422,27972
2025-08-27 18:06:00+00:00,229.92999267578125,229.9564971923828,229.91000366210938,229.94000244140625,23695
2025-08-27 18:07:00+00:00,230.0,230.0,229.92999267578125,229.92999267578125,24922
2025-08-27 18:08:00+00:00,230.0399932861328,230.0399932861328,229.99009704589844,229.9949951171875,15561
2025-08-27 18:09:00+00:00,230.031005859375,230.05999755859375,230.01499938964844,230.0399932861328,18380
2025-08-27 18:10:00+00:00,230.02499389648438,230.05999755859375,230.02000427246094,230.03819274902344,24622
2025-08-27 18:11:00+00:00,229.92999267578125,230.02499389648438,229.89999389648438,230.02499389648438,33966
2025-08-27 18:12:00+00:00,229.97999572753906,229.97999572753906,229.88999938964844,229.92999267578125,53657
2025-08-27 18:13:00+00:00,230.16000366210938,230.1699981689453,229.96029663085938,229.97999572753906,61167
2025-08-27 18:14:00+00:00,230.25160217285156,230.32000732421875,230.16000366210938,230.16000366210938,83070
2025-08-27 18:15:00+00:00,230.27999877929688,230.30499267578125,230.25,230.25999450683594,40838
2025-08-27 18:16:00+00:00,230.3000030517578,230.3249969482422,230.25999450683594,230.27999877929688,39380
2025-08-27 18:17:00+00:00,230.22999572753906,230.32000732421875,230.16000366210938,230.30799865722656,37044
2025-08-27 18:18:00+00:00,230.27999877929688,230.27999877929688,230.2100067138672,230.22999572753906,29075
2025-08-27 18:19:00+00:00,230.26010131835938,230.27999877929688,230.2283935546875,230.27999877929688,36977
2025-08-27 18:20:00+00:00,230.25,230.2899932861328,230.2100067138672,230.25999450683594,29468
2025-08-27 18:21:00+00:00,230.2801055908203,230.3000030517578,230.24000549316406,230.25999450683594,40550
2025-08-27 18:22:00+00:00,230.3300018310547,230.3498992919922,230.28570556640625,230.29649353027344,40075
2025-08-27 18:23:00+00:00,230.5449981689453,230.55499267578125,230.3300018310547,230.3300018310547,156802
2025-08-27 18:24:00+00:00,230.5,230.55999755859375,230.49000549316406,230.5500030517578,67190
2025-08-27 18:25:00+00:00,230.50999450683594,230.55999755859375,230.47999572753906,230.50169372558594,50138
2025-08-27 18:26:00+00:00,230.5301055908203,230.57000732421875,230.5124969482422,230.51499938964844,29394
2025-08-27 18:27:00+00:00,230.64500427246094,230.6457977294922,230.53500366210938,230.53500366210938,189313
2025-08-27 18:28:00+00:00,230.60000610351562,230.67999267578125,230.60000610351562,230.64500427246094,97372
2025-08-27 18:29:00+00:00,230.625,230.66580200195312,230.61000061035156,230.61000061035156,41030
2025-08-27 18:30:00+00:00,230.5749969482422,230.63499450683594,230.52000427246094,230.6199951171875,60454
2025-08-27 18:31:00+00:00,230.56509399414062,230.61000061035156,230.54100036621094,230.57000732421875,38496
2025-08-27 18:32:00+00:00,230.52000427246094,230.6199951171875,230.5050048828125,230.57000732421875,38286
2025-08-27 18:33:00+00:00,230.44500732421875,230.52000427246094,230.44500732421875,230.52000427246094,39418
2025-08-27 18:34:00+00:00,230.41000366210938,230.4698028564453,230.39500427246094,230.44500732421875,49015
2025-08-27 18:35:00+00:00,230.4149932861328,230.47500610351562,230.39999389648438,230.4149932861328,61078
2025-08-27 18:36:00+00:00,230.35000610351562,230.44000244140625,230.3350067138672,230.41000366210938,61837
2025-08-27 18:37:00+00:00,230.4199981689453,230.4199981689453,230.31500244140625,230.3350067138672,37373
2025-08-27 18:38:00+00:00,230.43499755859375,230.4600067138672,230.38499450683594,230.4600067138672,45201
2025-08-27 18:39:00+00:00,230.4322052001953,230.44000244140625,230.40499877929688,230.42999267578125,21386
2025-08-27 18:40:00+00:00,230.39999389648438,230.4799041748047,230.38999938964844,230.44000244140625,30053
2025-08-27 18:41:00+00:00,230.3800048828125,230.40499877929688,230.35000610351562,230.40499877929688,31678
2025-08-27 18:42:00+00:00,230.34840393066406,230.38999938964844,230.3354034423828,230.3699951171875,33968
2025-08-27 18:43:00+00:00,230.26499938964844,230.35000610351562,230.25999450683594,230.34500122070312,20289
2025-08-27 18:44:00+00:00,230.24000549316406,230.2899932861328,230.23500061035156,230.27000427246094,33932
2025-08-27 18:45:00+00:00,230.26499938964844,230.32000732421875,230.22999572753906,230.23500061035156,38043
2025-08-27 18:46:00+00:00,230.2449951171875,230.27000427246094,230.24420166015625,230.26019287109375,28734
2025-08-27 18:47:00+00:00,230.25,230.27000427246094,230.23500061035156,230.25,26476
2025-08-27 18:48:00+00:00,230.2550048828125,230.3000030517578,230.23240661621094,230.2449951171875,31540
2025-08-27 18:49:00+00:00,230.22500610351562,230.2550048828125,230.2100067138672,230.25,29630
2025-08-27 18:50:00+00:00,230.22000122070312,230.2899932861328,230.210205078125,230.24000549316406,30702
2025-08-27 18:51:00+00:00,230.17999267578125,230.24000549316406,230.1699981689453,230.22000122070312,31649
2025-08-27 18:52:00+00:00,230.1302032470703,230.19000244140625,230.1302032470703,230.17019653320312,37160
2025-08-27 18:53:00+00:00,230.11000061035156,230.13999938964844,230.1009979248047,230.13999938964844,21283
2025-08-27 18:54:00+00:00,230.11000061035156,230.1300048828125,230.09230041503906,230.10009765625,24164
2025-08-27 18:55:00+00:00,230.09539794921875,230.11500549316406,230.0800018310547,230.10499572753906,24762
2025-08-27 18:56:00+00:00,230.10000610351562,230.1300048828125,230.0850067138672,230.11000061035156,32574
2025-08-27 18:57:00+00:00,230.13499450683594,230.139892578125,230.0946044921875,230.10000610351562,26933
2025-08-27 18:58:00+00:00,230.17999267578125,230.17999267578125,230.0959014892578,230.13499450683594,35569
2025-08-27 18:59:00+00:00,230.14999389648438,230.19500732421875,230.13839721679688,230.17999267578125,29281
2025-08-27 19:00:00+00:00,230.11500549316406,230.15499877929688,230.10000610351562,230.15499877929688,30676
2025-08-27 19:01:00+00:00,230.13999938964844,230.14999389648438,230.08999633789062,230.11500549316406,28925
2025-08-27 19:02:00+00:00,230.08999633789062,230.13999938964844,230.08999633789062,230.13999938964844,25112
2025-08-27 19:03:00+00:00,230.10589599609375,230.1199951171875,230.08999633789062,230.0941925048828,18825
2025-08-27 19:04:00+00:00,230.07000732421875,230.10000610351562,230.0449981689453,230.10000610351562,35686
2025-08-27 19:05:00+00:00,230.02999877929688,230.0800018310547,230.00999450683594,230.05999755859375,30014
2025-08-27 19:06:00+00:00,230.05999755859375,230.08999633789062,230.02999877929688,230.0399932861328,39695
2025-08-27 19:07:00+00:00,230.02999877929688,230.11000061035156,230.02000427246094,230.07000732421875,35613
2025-08-27 19:08:00+00:00,230.0,230.05999755859375,229.97999572753906,230.02000427246094,51720
2025-08-27 19:09:00+00:00,230.0449981689453,230.0800018310547,229.97000122070312,229.9700927734375,43943
2025-08-27 19:10:00+00:00,230.02000427246094,230.0399932861328,229.99000549316406,230.0399932861328,36159
2025-08-27 19:11:00+00:00,229.9600067138672,230.02999877929688,229.9499969482422,230.02000427246094,33239
2025-08-27 19:12:00+00:00,229.82000732421875,230.00160217285156,229.80999755859375,229.95899963378906,95847
2025-08-27 19:13:00+00:00,229.89999389648438,229.9499053955078,229.72000122070312,229.80999755859375,64904
2025-08-27 19:14:00+00:00,229.76010131835938,229.9250030517578,229.73500061035156,229.91000366210938,51381
2025-08-27 19:15:00+00:00,229.90499877929688,229.90499877929688,229.76010131835938,229.77000427246094,39303
2025-08-27 19:16:00+00:00,229.9250030517578,229.9600067138672,229.88499450683594,229.89999389648438,37928
2025-08-27 19:17:00+00:00,229.94000244140625,229.97000122070312,229.8800048828125,229.9199981689453,36287
2025-08-27 19:18:00+00:00,230.00999450683594,230.02999877929688,229.92999267578125,229.94839477539062,41724
2025-08-27 19:19:00+00:00,230.05499267578125,230.07809448242188,229.99049377441406,230.02000427246094,34219
2025-08-27 19:20:00+00:00,230.05999755859375,230.07000732421875,230.0399932861328,230.04840087890625,26461
2025-08-27 19:21:00+00:00,230.01499938964844,230.05999755859375,229.97500610351562,230.05999755859375,30629
2025-08-27 19:22:00+00:00,230.09500122070312,230.11000061035156,230.00999450683594,230.00999450683594,47364
2025-08-27 19:23:00+00:00,230.08999633789062,230.125,230.0800018310547,230.10000610351562,30186
2025-08-27 19:24:00+00:00,230.0500030517578,230.09500122070312,230.0449981689453,230.09500122070312,30443
2025-08-27 19:25:00+00:00,230.0699005126953,230.0800018310547,230.0,230.0399932861328,43068
2025-08-27 19:26:00+00:00,230.08009338378906,230.1186065673828,230.06500244140625,230.07000732421875,37567
2025-08-27 19:27:00+00:00,230.07989501953125,230.11500549316406,230.07000732421875,230.08070373535156,29028
2025-08-27 19:28:00+00:00,230.11000061035156,230.11000061035156,230.05020141601562,230.0861053466797,26987
2025-08-27 19:29:00+00:00,230.13250732421875,230.16000366210938,230.06500244140625,230.10499572753906,92375
2025-08-27 19:30:00+00:00,230.2050018310547,230.22000122070312,230.1199951171875,230.125,105428
2025-08-27 19:31:00+00:00,230.27499389648438,230.27999877929688,230.19000244140625,230.1999969482422,74251
2025-08-27 19:32:00+00:00,230.32000732421875,230.33999633789062,230.279296875,230.279296875,78832
2025-08-27 19:33:00+00:00,230.3300018310547,230.35000610351562,230.3000030517578,230.32000732421875,46470
2025-08-27 19:34:00+00:00,230.33999633789062,230.37989807128906,230.27000427246094,230.33990478515625,120768
2025-08-27 19:35:00+00:00,230.3800048828125,230.38999938964844,230.2899932861328,230.3300018310547,51111
2025-08-27 19:36:00+00:00,230.3800048828125,230.4199981689453,230.3699951171875,230.375,48736
2025-08-27 19:37:00+00:00,230.24000549316406,230.3800048828125,230.22500610351562,230.3800048828125,61672
2025-08-27 19:38:00+00:00,230.33999633789062,230.34500122070312,230.210205078125,230.23500061035156,45582
2025-08-27 19:39:00+00:00,230.36000061035156,230.39999389648438,230.32000732421875,230.33999633789062,46509
2025-08-27 19:40:00+00:00,230.4199981689453,230.4199981689453,230.35499572753906,230.35499572753906,62054
2025-08-27 19:41:00+00:00,230.47999572753906,230.49000549316406,230.39010620117188,230.4217987060547,70243
2025-08-27 19:42:00+00:00,230.5590057373047,230.57659912109375,230.47410583496094,230.47410583496094,96426
2025-08-27 19:43:00+00:00,230.50579833984375,230.55499267578125,230.5,230.55499267578125,69993
2025-08-27 19:44:00+00:00,230.55499267578125,230.56069946289062,230.50999450683594,230.50999450683594,51712
2025-08-27 19:45:00+00:00,230.5800018310547,230.59500122070312,230.5334930419922,230.55499267578125,69951
2025-08-27 19:46:00+00:00,230.55999755859375,230.57000732421875,230.50999450683594,230.5614013671875,77789
2025-08-27 19:47:00+00:00,230.51499938964844,230.61000061035156,230.50010681152344,230.55499267578125,590033
2025-08-27 19:48:00+00:00,230.48500061035156,230.52499389648438,230.4499969482422,230.52000427246094,53713
2025-08-27 19:49:00+00:00,230.74819946289062,230.75999450683594,230.4801025390625,230.49000549316406,109975
2025-08-27 19:50:00+00:00,230.7156982421875,230.8800048828125,230.7156982421875,230.80999755859375,152164
2025-08-27 19:51:00+00:00,230.7449951171875,230.78500366210938,230.69839477539062,230.71339416503906,135243
2025-08-27 19:52:00+00:00,230.7449951171875,230.7899932861328,230.6699981689453,230.77000427246094,111079
2025-08-27 19:53:00+00:00,230.87510681152344,230.89999389648438,230.74130249023438,230.75,138160
2025-08-27 19:54:00+00:00,230.8249969482422,230.89999389648438,230.79010009765625,230.875,151253
2025-08-27 19:55:00+00:00,230.7899932861328,230.86000061035156,230.6699981689453,230.82420349121094,169295
2025-08-27 19:56:00+00:00,230.7949981689453,230.83999633789062,230.78500366210938,230.7899932861328,144249
2025-08-27 19:57:00+00:00,230.7449951171875,230.81500244140625,230.7301025390625,230.8000030517578,148044
2025-08-27 19:58:00+00:00,230.75,230.80999755859375,230.7100067138672,230.75,197505
2025-08-27 19:59:00+00:00,230.44000244140625,230.8000030517578,230.42999267578125,230.75,523268
